Emp√≥rio Natural Fortaleza,
Casa Vida Saud√°vel (@casavidasaudavel),
Nutri Vida | Suplementos e Produtos Naturais,
Fature em m√©dia R$1.3 milh√£o ao ano com uma franquia ...,
Mercad√£o Natural,
Casa da Castanha - Cear√° (@casadacastanhace),,Telefone: (85) 3454-8488,,
Esquina da Castanha (@esquina_da_castanha) - Instagram,,Telefone: (85) 98825-8830,,
Cajuzinho ‚Äì Castanhas de Caju e derivados em Fortaleza ...,,Telefone: (85) 3219-5265,,
Mega Nuts (@meganutsstore),,Telefone: (85) 98899-2939,,
O ALEISON,,Telefone: (85) 99953-3773,,
Castanha Quixad√°,,Telefone: (85) 3212-2796,,
Carlos Veras (@castanhas_carlosveras),Fortaleza - CE - Assine o programa de prospec√ß√£o B2B para ter acesso ao endere√ßo! Telefone. Assine o programa de prospec√ß√£o B2B para ter acesso ao telefone ...,FORTALEZA - CE 60055-000. Contatos. Telefone(s): (85) 3254-6214; Correio eletr√¥nico: carlos.veras@gmail.com. Atividades de neg√≥cios da empresa. 47.29-6-99 ...,,
Recanto das Castanhas (@recantodascastanhas),
Castanhas e Redes Cear√°,,Telefone: (85) 99999-1969,,
PRODUTOS REGIONAIS ‚≠êÔ∏è (@ja.castanhas) - Instagram,
Eudes Castanhas (@eudescastanhas),,Telefone: (85) 3454-8929,,
J. Aquino Im√≥veis,,Telefone: (85) 99982-4406,,
"Castanhas Vilamar, Loja Online",,Telefone: (85) 98972-9433,,
Castanha do Madalena / loja de castanhas,
"COSMO O REI DA CASTANHA em Fortaleza, CE",
Castanhas Da Fran,,Telefone: (85) 99938-3758,,
MS Castanhas de Caju (@ms_castanhas),,Telefone: (85) 99176-0020,,
O ALEISON,
FABIO CASTANHAS,
Resibras,,FORTALEZA - CE 60310-002. Contatos. Telefone(s): (85) 5288-7500; Fax/mensageiro online: (85) 5288-1678; Correio eletr√¥nico: marambaia@resibras.com.br. S√≥cios ...,,
Natbanaüçå (@natbanapassa) ‚Ä¢ Instagram photos and videos,
Caju Bar | Fortaleza CE,
Loja online de Doce Caju Brasil,
Lucaju Pratas (@cajupratas_),,Telefone: (85) 98118-0655,,
Loja Casnutri castanha de caj√∫ no Cear√° Jardim das ...,
Caju Cria Arquitetura,
Caju Bodega (@cajubodega),
Castanhas Caju√≠ (@cajuicastanhas),
Caju Car Reboque üõªüöïüöôüöòüöö (@cajucarreboque24horas),,Telefone: (85) 99996-9934,,
"CAJUBELLY CASTANHA DE CAJU em Chorozinho, CE",
Instituto Caju Brasil ‚Äì Agroneg√≥cio do Caju Inova√ß√£o e ...,,Telefone: (85) 99610-9755,,
Caju Bar | Fortaleza CE,
"STICK INDUSTRIA DE EMBALAGENS em Fortaleza, CE",
Instituto Caju Brasil (@icbcajubrasil),
Atacad√£o Fortaleza Vila Peri - iFood,,Telefone: (85) 3215-9868,,
Mega Atacadista ‚Äì Aqui voc√™ encontra economia. Vem Pro ...,,Telefone: (85) 4009-1080,,
listas de fornecedores atacado fortaleza,
ATACADO E VAREJO (@atacadaomixoficial) - Instagram,,Telefone: (85) 99848-3881,,
Fortaleza,,Telefone: (85) 3621-1692,,
Fortaleza,,Telefone: 0800 705 5050,,
fabrica de roupas plus size - moda feminina,,Telefone: (85) 98918-4007,,
Fortaleza,"30 de out. de 2024 ‚Äî Atacadao endere√ßo: Rua Rua Raimundo Nogueira, Aeroporto Fortaleza-CE 60860-050 em Aeroporto. Atacadao, Aeroporto. Atra√ß√µes ao redor de .",Telefone: (85) 3293-3200,,
Fortaleza,,Telefone: (85) 3289-5925,,
Loja Miss Anne | Atacadista Moda feminina,
"O POVO Online | Uma nova loja atacadista, que est√° em ...",
Atacad√£o dos Pl√°sticos (@atacadaodosplasticosce),,Telefone: (85) 99139-0360,,
DLR Jeans ‚ú¶ (@dlrjeans),,Telefone: (85) 99953-8777,,
Mapa,,"Assa√≠ Cais do Porto. Telefone: (85) 3133-8800. Televendas: (85) 3133-8801 | 3133-8802. Whatsapp: (85) 98203-4634. Endere√ßo: Av. Jos√© Sab√≥ia, ...",,
Sodine Distribuidora,
Taty MaryÔºà@esmalteria_tathymaryÔºâ‚Ä¢ Instagram Áõ∏ÁâáËàáÂΩ±Áâá,
F√°cil Atacado (@facilatacado) ‚Ä¢ Instagram photos and videos,
Larbos ‚Äì Atacarejo Distribuidor,
Laredo - Atacado e Varejo (@laredoatacadoevarejo),
Reino das Pel√∫cias (@reinodaspelucias) - Instagram,
Mercado Central | Fortaleza: Home,,Telefone: (85) 3454-8586,,
emporiodefatima - Emp√≥rio de F√°tima Delicatessen,,Telefone: (85) 3444-4000,,
Emporio Delitalia (@emporiodelitalia),,Telefone: (85) 3133-5000,,
Emp√≥rio Del Quartiere (@emporiodelquartiere),,Telefone: (85) 3393-1716,,
Que Emp√≥rio √© esse? Aqui √© time CAF√â! (@emporio.cafe),
Mapa,
emporiodaroca.ce - Cafeteria Regional ‚òïÔ∏è,
"Emp√≥rio Delice (@emporiodelice) ¬∑ Fortaleza, CE",,Telefone: (85) 3271-2298,,
Emp√≥rio Flores e Sabores (@emporio.floresesabores),,Telefone: (85) 98541-7931,,
Emp√≥rio do Planalto (@emporiodoplanalto) - Instagram,,Telefone: (85) 3259-1852,,
Emporio Hortifruti (@emporiohortifrutice),
EMP√ìRIO DO CARMO üíó (@emporiodocarmo),"No mercado, a empresa est√° localizada no endere√ßo Gal. Clarindo De Queiroz, N¬∫ 653 no bairro Centro em Fortaleza - CE, CEP 60035-130. A empresa Emporio Do Carmo ...",Telefone: (85) 3879-4043,,
Padaria Emporio Cearense - Delivery em FORTALEZA,,Telefone: (85) 3393-8279,,
Emporium Natural e Regional. (@emporium.produtos),,FORTALEZA. Estado: CE. Email: RODRIGONRODRIGUES@HOTMAIL.COM. Telefone: 85 999766631 Whatsapp. CNAE Principal: 4729699 - Com√©rcio varejista de produtos ...,,
Emp√≥rio Verona (@emporioverona_),,Telefone: (85) 3122-8043,,
Mapa,
Emp√≥rio Dalila (@emporiodalila),,Telefone: (85) 99900-0497,,
Emp√≥rio da Garrafa,,Telefone: (85) 99956-3019,,
NOVA EMP√ìRIO ARACAP√â (@padarianovaemporio),,Telefone: (85) 99842-0105,,
(@vemdemake.messejana) ‚Ä¢ Instagram photos and videos,
Distribuidora de Vinhos (@brasilbebidasoficial) - Instagram,,Telefone: (85) 3224-4488,,
Crazy! Coquet√©is,,Telefone: (85) 3253-6317,,
Op√ß√£o Distribuidora - Fortaleza,,Telefone: (85) 3261-3030,,
Mapa,
ADB Distribuidora (@adbdistribuidora) - Instagram,,FORTALEZA. Estado: CE. Email: ADBDISTLTDA@GMAIL.COM. Telefone: 85 988972280 Whatsapp. CNAE Principal: 4723700 - Com√©rcio varejista de bebidas. CNAEs Secund√°rios ...,,
Loja da Bebida (@lojadabebidaoficial) - Instagram,,Telefone: (85) 98117-1842,,
Budega Delivery de Bebidas (@budegace),,Telefone: (85) 98170-0111,,
Mapa,
Mercadinhos S√£o Luiz,,Telefone,,
Loja de Cervejas e Bebidas (@alambicbebidas),,Telefone: (85) 99194-5346,,
casa dos licores de vi√ßosa do cear√°,
√ìrbita Blue | Aqui √© sempre ver√£o,,Telefone: (85) 99985-0257,,
Gelad√£o keruh bebidas (@geladao_keruh_bebidas),
Lino Licores,
Real Sucos - Realmente Saud√°vel,,"Telefone:3244-3923 ou 3458-1397. Ifood, Rappi e WhatsApp 32443923. Avenida heraclito gra√ßa 1709, Fortaleza, Brazil.",,
Tropical Sucos (@tropicalsucoses),
#VemPraTropisucos (@tropisucos) ‚Ä¢ Instagram photos and ...,,Telefone: (85) 3241-0230,,
Apl Laranja E Mania Sucos Fortaleza (f√°brica) - Cardapio,,Telefone: (85) 98540-3237,,
Fortal Sucos (@fortalsucosdesde1997),,Telefone: (85) 3258-1213,,
FRUTAS E DA FRUTA,,Telefone: (85) 98934-1255,,
Laranj√° - Casa de Sucos em Centro,
Patrocinado,
Rainha Dos Sucos (@rainhadosuco) - Instagram,"Qual o endere√ßo da empresa RAINHA DO SUCO LTDA ? RUA H DO CONDOMINIO HORIZONTAL DEPUTADO UBIRATAN AGUIAR, 50 CASA 202 - CAJAZEIRAS, FORTALEZA, CE.",Telefone: (85) 98761-2733,,
