Capital Castanhas,
Tropical Castanhas,,Telefone: (62) 99319-0404,,
JBR Castanhas - Distribuidora (@jbrcastanhas),,Telefone: (62) 98611-9436,,
MAISA CASTANHAS (@maisacastanhas),
"TERRA SANTA CASTANHAS em Goi√¢nia, GO",,Telefone: (62) 99617-3894,,
Loja de Produtos Naturais Goi√¢nia (@casagrandenaturais),,Telefone: (62) 99263-9311,,
Bela Nutri,
Castanhas Favorita,,Telefone: (62) 3093-3712,,
anis produtos naturais e especiarias,"Qual o endere√ßo da Anis Produtos Naturais e Especiarias? O endere√ßo √© Pra√ßa C-170, 133 ‚Äì Jardim Am√©rica, Goi√¢nia ‚Äì GO, 74250-250 ¬∑ Qual o hor√°rio de atendimento?"
Estacao das Castanhas LTDA - 51853009000186 Goi√¢nia,"A empresa est√° localizada no bairro GO - Jardim Am√©rica e no endere√ßo R. C-157, 300 - Jardim Am√©rica, Goi√¢nia - GO, 74255-480, Brasil ,CEP 74255-480.",Telefone: (62) 98196-2317,,
Emporio Casa de Oliva (@emporiocasadeoliva),,Telefone: (62) 3638-6866,,
MANDA CASTANHA | Produtos Naturais - ,,Telefone: (62) 99699-1050,,
RBF Castanhas,
Noz Produtos Naturais (@nozjardimgoias),,Telefone: (62) 98507-1639,,
Quebra Nozes (@lojaquebranozesoficial),
Noz Produtos Naturais (@noz.bueno),
MODA FEMININA (@macadamiafashion_),"Qual o endere√ßo da empresa MACADAMIA FASHION? O endere√ßo da empresa MACADAMIA FASHION √©: Rua 67-b, N¬∫ SN, Bairro Setor Norte Ferroviario, Goi√¢nia (GO).",Telefone: (62) 98584-7626,,
vegan junk food (@_bananavegana) - ,,Telefone: (62) 99959-0866,,
sandu√¨cheria banana blue 2 (@bananablue_2),"Banana Blue, endere√ßo ‚Äî Avenida T9 - Jardim America, Goi√¢nia - GO, 74255-220, Brasil, telefone (62) 99318-0903, hor√°rio de funcionamento.",Telefone: (62) 99318-0903,,
"DISTRIBUIDORA DE BANANAS TOPAZIL em Goi√¢nia, GO","Qual o endere√ßo da empresa DISTRIBUIDORA DE BANANAS TOPAZIL LTDA ? AVENIDA NAZARETH, 777 QUADRA65 LOTE 16 E 15 - JD GUANABARA, GOIANIA, GO."
Banana Shopping (@bananashopping1),,Telefone: (62) 3521-4600,,
Flamboyant Shopping Center - Outback Steakhouse,
Mapa,
CAJU - ESPECIALISTA EM CROPPED (@cajumoda),
Caju Turismo - Ag√™ncia de Viagens (@caju.tur),"Qual o endere√ßo da Caju Turismo? O endere√ßo √© Av. Portugal, 1148 ‚Äì Sala C 2501 ‚Äì Marista, Goi√¢nia ‚Äì GO, 74150-030 ¬∑ Qual o hor√°rio de atendimento? Para ver o ...",Telefone: (62) 99441-9395,,
Cajueiro Centro de Juventude,
cacau cafeteria nordestina - goi√¢nia/go,
Por Cinthia Araujo. (@lancacaju) ‚Ä¢  photos and videos,,Telefone: (62) 98153-1797,,
Jovem Pan Goi√¢nia | O filme goiano e brasiliense A Chuva ...,
"CAJU VITTA em Goi√¢nia, GO - Consulta Empresa",,GOIANIA. Estado: GO. Email: LEISDM@HOTMAIL.COM. Telefone: 62 35731409 Whatsapp. CNAE Principal: 1031700 - Fabrica√ß√£o de conservas de frutas. CNAEs Secund√°rios ...,,
Arena Cajueiro Soccer Stadium,
Cajueiro Bar e Restaurante (@cajueiro.jao),
"CAJU AGROPECUARIA em Goi√¢nia, GO - Consulta Empresa",,Guia Telefone,,
Centro Cultural Cara V√≠deo,,Telefone: (62) 3218-6895,,
Foto de : Caju-Amigo! Bar Gloria,
Dino Past√©is - Suco de caju 1l,
Atacad√£o Goi√¢nia Av Independ√™ncia | GOIANIA | iFood,,Telefone: (62) 3221-2100,,
Mapa,,"Assa√≠ Goi√¢nia T9. Telefone: (62) 3219-8700. Televendas: (62) 3219-8701 | 3219-8702. Whatsapp: (62) 99928-4829. Endere√ßo: Avenida Mil√£o, s/n (pr√≥ximo ao ...",,
Atacadista Real (@atacadista_real) - ,,Telefone: (62) 3088-7950,,
,
"GIGANTAO em Goi√¢nia, GO - Consulta Empresa",
Master Atacadista S/A (@master_atacadista),,Telefone: (62) 3235-5200,,
üî• PRIME üçí ATACADO ¬ÆÔ∏è - Vendemos Transforma√ß√µes ...,
Loja online de Universo Store Atacado,
Mapa,
Moda Masculina 44 (@skala_atacadao),
"DADDY COOL ATACADO em Goi√¢nia, GO - Consulta Empresa",
Loja online de Universo Store Atacado,,Telefone: (62) 99926-7588,,
Atacad√£o Goiano (@atacadaogoiano),,Telefone: (62) 99473-7317,,
anavalentinaoficial - Moda Feminina no Atacado,"Qual o endere√ßo da Moda Feminina Atacado ‚Äì Revenda e Lucre | Ana Valentina? O endere√ßo √© Rua Jos√© Sinimb√∫ Filho, 165 Mega Moda Shopping Entrada 2 ML 277/279 ‚Äì ..."
Mega stock atacado: Home,,Telefone: (62) 98198-0074,,
Ip√™ Atakarejo (@ipeatakarejo) ‚Ä¢  photos and videos,,Telefone: (62) 3237-9200,,
Campinas Atacado e Distribuicao LTDA - 32840239000166,,"Contatos. Telefone(s): (62) 3089-6070 (Ligar). Localiza√ß√£o. Logradouro: Rua Geraldo Ney, 345. Complemento: Quadra65 Lote 8. Bairro: Set Campinas.",,
Casa da Mussarela,
Atacadista de roupas em Goi√¢nia (@batistaatacadao),,Telefone: (62) 99461-9904,,
 photos and videos,,Telefone: (62) 3524-1324,,
MERCADO da 74 - OFICIAL¬∞ (@mercado74oficial),,Telefone: (62) 3233-0900,,
Mercado de Campinas - Goi√¢nia GO,
Supermercado Leve,,Telefone: (62) 3221-6500,,
Supermercado Goi√°s (@super_mercadogoias) - ,
Supermercado Goiana (@supergoiana),
Lojas - Tatico - Goi√¢nia,
Lojas - Tatico - Goi√¢nia,
Mapa,
Pro Brazilian ‚Äì Muito mais voc√™!,"Qual o endere√ßo da Supermercados Pr√≥ Brazilian- Vila Nova? O endere√ßo √© 5¬™ Av., 972 ‚Äì St. Leste Vila Nova, Goi√¢nia ‚Äì GO, 74645-020 ¬∑ Qual o hor√°rio de ..."
Pro Brazilian ‚Äì Muito mais voc√™!,
Supermercado Bretas | Ofertas todo dia | Compre online,"Qual o endere√ßo da Bretas Supermercado ‚Äì Anhanguera? O endere√ßo √© Av. Anhanguera, 5588 ‚Äì St. ¬∑ Qual o hor√°rio de atendimento? Para ver o hor√°rio de atendimento ...",Telefone: (62) 3608-2900,,
Goi√¢nia - Barato Todo dia! - Tatico,,Telefone,,
Hiper Moreira,,Telefone: (62) 3257-1600,,
Supermercado Juazeiro (@supermercado_juazeiro),"Para tra√ßar uma rota at√© nosso endere√ßo use Rua Francisco Alves Fortes, bairro Solange Park I, Goi√¢nia. Caso queira enviar uma correspond√™ncia utilize o CEP ...",Guia Telefone,,
Super Bar√£o ‚Äì O supermercado da sua fam√≠lia!,"Qual o endere√ßo da Super Bar√£o Supermercados ‚Äì Marista? O endere√ßo √© R. 90, 808 ‚Äì St. ¬∑ Qual o hor√°rio de atendimento? Para ver o hor√°rio de atendimento clique ..."
GOI√ÇNIA (@pratikouniversitario) ‚Ä¢  photos and videos,,Telefone: (62) 3945-4161,,
Campinas,,Telefone: (62) 3291-8335,,
EMP√ìRIO VECCINO (@emporioveccino),,Telefone: (62) 3921-9000,,
EMP√ìRIO PRIME,,Telefone,,
Emp√≥rio Ponto Com üçª (@emporio_pontocom),,Telefone: (62) 3281-5757,,
Emp√≥rio Philadelphia/ Goi√¢nia- Go (@emporiophiladelphia),,Telefone: (62) 98142-4643,,
Grupo Piquiras (@piquirasgoiania),,Telefone: (62) 3920-2515,,
Armaz√©m e Emp√≥rio Du Carmo-GYN,"Qual o endere√ßo da Emp√≥rio Du Carmo ‚Äì Queijos e Vinhos? O endere√ßo √© R. 9, N¬∞ 1472 ‚Äì St. ¬∑ Qual o hor√°rio de atendimento? Para ver o hor√°rio de atendimento ...",Telefone: (62) 98461-0000,,
Emp√≥rio Confrades - Goi√¢nia,,Telefone: (62) 3931-0885,,
Emp√≥rio Franciscano ‚Äì Produtos artesanais e finos,,Telefone: (62) 3642-3652,,
Emp√≥rio Madrid ‚Äì Adega de Vinhos e Distribuidora de ...,,Telefone: (62) 3626-2106,,
H√° 30 anos come√ßamos a escrever uma hist√≥ria‚Ä¶ Hoje ...,,Goi√¢nia. Flamboyant Shopping - Loja com Tea Room (espa√ßo com consumo no local) E-mail: flamboyant.shopping@teashop.com.br. Telefone/WhatsApp: (62) 98126-9342,,
Loja Enquanto isso em Goi√°s,,Telefone: (62) 98100-0868,,
Emp√≥rio Tr√°s-os-Montes (@emporiotrasosmontes),,Telefone: (62) 99302-1771,,
Goiab√£o Emp√≥rio & Supermercado (@goiabaoemporio),,Telefone: (62) 3996-0404,,
L√° De Minas Emp√≥rioüßÄ (@lademinas_queijos),,Telefone: (62) 99227-6732,,
Emp√≥rio Di Goi√°s (@emporiodigoias),,Telefone: (62) 99137-8121,,
Emp√≥rio Go (@emporio.go) ‚Ä¢  photos and videos,
Emp√≥rio Leste (@emporiolestego) - ,,Telefone: (62) 3203-5061,,
Emp√≥rio dos P√£es Panificadora (@emporiodospaesgoiania),
Licores Pierreüç∑üçπüáßüá∑ (@licorespierre_),,Telefone: (62) 99846-2265,,
Mundo das Bebidas Emp√≥rio (@mundodasbebidas_3),,"Contatos. E-mail: [email protected] (Enviar E-mail). Telefone(s): (62) 99413-3715 (Ligar) (Whatsapp). Localiza√ß√£o. Logradouro: Avenida Vereda dos Buritis, ...",,
Noleto Licores ‚Äì O Licor Nobre do Cerrado,,Telefone: (62) 98126-0075,,
Parada 21 ‚Äì Seu Chopp em Goi√¢nia: Experimente Amstel ...,,Telefone: (62) 98299-2526,,
Cacha√ßaria do Parente (@cachacaria_do_parente) - ,,Telefone: (62) 98291-4140,,
Emporio Sete,,Telefone: (62) 3432-6277,,
Capital Drink Emp√≥rio (@capitaldrinkstore),"Confira no mapa como chegar em Capital Drink Store, no endere√ßo: Avenida das Bandeiras, 1228, QUADRA38 LOTE 04 SALA 03 E 04, Vi Maua, Goi√¢nia-GO. CEP: 74323-100 ...",Telefone: (62) 3954-9871,,
