Disk Castanhas produtos naturais,"Sia trecho 7, Sia, 100 - quiosque 16 - Guará, Brasília - DF, 71200-000, Brazil"
Império das Castanhas,"Quiosque 1B - Estac. Pão de Açúcar, Shin Qi 2 - Lago Norte, DF, 71510-000, Brazil"
Rei das Castanhas,"Lote 100 - Quiosque 34 - Setor Industrial, Sia Trecho 7 - Guará, Brasília - DF, 71200-070, Brazil"
Rei Das Castanhas - O Maior Distribuidor de Castanhas e Cupuaçu do Brasil.,"CL 415 Lote E/F - Santa Maria - Santa Maria, Brasília - DF, 72545-244, Brazil"
Castanhas.Com,"SIA Quiosque 17 - Guará, Brasília - DF, 71208-900, Brazil"
Castanha & Cia - Feira dos Importados,"SIA GUARA -DF BLOCO E LOJA 6 - Guará, Brasília - DF, 71200-070, Brazil"
Casa Das Castanhas,"Guará II QI 25 Cl Ed. Real Mix, Bloco A Loja 07 - Guará II, Brasília - DF, 71060-250, Brazil"
Castanha & Cia Guará,"Guará II QE 25 Feira do Guara Box 526B - Ala Nova, Brasília - DF, 71025-100, Brazil"
Atacadão das Castanhas,"Quiosque 9 - lote 100, Sia Trecho 7 - Guará, Brasília - DF, 71200-070, Brazil"
Nuts Delivery Castanhas e Produtos naturais,"no Mezanino do Carrefour, Parking lot - Rua Copaíba, do Carrefour, 1 - Lote 01 - Águas Claras, Brasília - DF, 71919-540, Brazil"
Point Das Castanhas,"SIA Trecho 7 - Guará, Brasilia - Federal District, 71200-100, Brazil"
Diamantes Produtos Naturais em frente a caixa Matriz,"matrix 1 da caixa economica, Brasília - DF, 70297-400, Brazil"
Mr. Nutty - Nuts Glaceadas,"Shopping Conjunto Nacional - Setor de Diversões Norte Conjunto A Quiosque - Térreo - nº 8, Brasília - DF, 70077-900, Brazil"
Grão da Vida - 411,"Asa Norte CLN 411 BL C Loja 04 - Brasília, DF, 70866-530, Brazil"
Nutty Bavarian Park Sul,"Guará I Trecho 1 - Guará, Brasília - DF, 71215-300, Brazil"
R R Castanhas & CIA,"R. Ipê Amarelo - Águas Claras, Brasília - DF, 70297-400, Brazil"
Adeilson & Juliana Castanhas E Cia,"Qi 25 área especial feira do guará box 526 - Guará, Brasília - DF, 70097-400, Brazil"
Honório's Castanhas,"Av. Parque Águas Claras, 2555 - Águas Claras, Brasília - DF, 71906-500, Brazil"
Barraca de Castanhas da Cristiana,"Setor de Autarquias Sul Q. 1 - Brasília, DF, Brazil"
Castor Castanhas,"BOX i27 e i28, St. Res. Leste | Buritís I Eq 3/4 - Planaltina, Brasília - DF, 73360-100, Brazil"
Empório Quebra-Nozes,"Rua 13/14 Norte, Lote 1 Vitrinni Shopping, Loja 39 - Águas Claras, Brasília - DF, 71909-720, Brazil"
Chá com Nozes,"Vila Planalto Acamp Pacheco Fernandes Rua 8 - Brasília, DF, 70804-300, Brazil"
Noz do Brasil - Produtos Naturais - Vila Prudente SP,"R. Amparo, 453 - Vila Prudente, São Paulo - SP, 03151-060, Brazil"
Império das Castanhas,"Quiosque 1B - Estac. Pão de Açúcar, Shin Qi 2 - Lago Norte, DF, 71510-000, Brazil"
Empório Quebra-Nozes,"Rua 1 3 / 1 4 Norte, Lote 1 Shopping Vitrinni, Loja 3 9 7 1909-7 20 - Águas Claras, Brasília - DF, Brazil"
Noz Delicatessen,"SHCS CLS 211 Bloco C Loja 7 - Asa Sul, Brasília - DF, 70274-530, Brazil"
Residencial Macadamia,"SH Ponte de Terra - Gama, Brasilia - Federal District, 72427-010, Brazil"
Banana Dallas,"SH Sol Nascente QNP 1 Feira do Produtor - Ceilândia, Brasília - DF, 72240-100, Brazil"
Banana Corrente Comércio de Frutas,"SIA Trecho 10 lote 05 pavilhão b 7/3 box 26 - Guará, Brasília - DF, 71200-100, Brazil"
preço de banana,"Rua 50, Casa 30 - São Sebastião, Brasília - DF, 71693-153, Brazil"
Bananas Brasnica,"SIA Trecho 10 - Brasília, DF, 71208-900, Brazil"
Bio Mundo Carrefour Sul,"24 70297-400, Smas Trecho 3, 1 - Brasília, DF, Brazil"
Boteco Caju Limão,"Asa Norte CLN 202 BL A Loja 3 - Asa Norte, Brasília - DF, 70832-515, Brazil"
Caju bsb - Copos e Canecas Personalizados - não temos loja física,"Guará II QE 30 casa 8 - Guará, Brasília - DF, 71065-170, Brazil"
Caju Canecas e Personalizados,"QR 414 lote 15 - Samambaia Norte, Brasília - DF, 72320-207, Brazil"
Caju produtos naturais,"SPO shls 716 sul quiosque 18 - Asa Sul, Brasília - DF, 70390-908, Brazil"
Atacadão - Brasília Norte,"Setor Terminal Norte Conjunto H, SHCN, Brasília - DF, 70770-100, Brazil"
"Atacadista Super Adega SIA: Distribuidor, Supermercado, Delivery Brasília DF","SIA Trecho 12 - Guará, Brasília - DF, 71200-110, Brazil"
Assaí Atacadista,"Trecho 10 Sia, s/n Zona Industrial - Guará, Brasília - DF, 71200-110, Brazil"
Atacadão Dia a Dia - SIA,"SIA Q 5 C - Zona Industrial, Brasília - DF, 71200-055, Brazil"
Melhor Atacadista,"0, Guará II QE 44 - Sria II Guara II, Brasília - DF, 71070-440, Brazil"
DF Atacadista Materiais Elétricos,"St. Industria e Abastecimento Lt 440/450 - Guará, Brasilia - Federal District, 71200-040, Brazil"
Assaí Atacadista,"STN - Asa Norte, Brasília - DF, 70770-100, Brazil"
Assaí Atacadista,"Trecho 3 - Guará, Brasília - DF, 71215-300, Brazil"
Atacadão - Brasília SIA,"SIA Trecho 14 - Guará, Brasília - DF, 71200-140, Brazil"
"ULTRABOX Grande Colorado: Atacado, Adega, Açougue, Hortifruti, Brasília DF","Grande Colorado KM 04/05 - Sobradinho, Brasília - DF, 73090-000, Brazil"
Base Atacado,"St. Qi QI 21 lt 1/3 - Taguatinga, Brasília - DF, 72135-210, Brazil"
Assaí Atacadista,"QS 9 Lote 04 - Taguatinga, Brasília - DF, 71976-370, Brazil"
"ULTRABOX Express Estrutural: Atacado, Adega, Açougue, Hortifruti, Brasília DF","ST, SCIA Quadra 10 Conjunto 1, Lote 06 - Guará, Brasília - DF, 71250-610, Brazil"
Boa Atacadista,"Rua 10B, St. Hab. Vicente Pires a estrutural, Bloco C Galpão C2, Brasília - DF, 72005-205, Brazil"
Pavilhão do Atacado,"QI 10, Lotes 1 a 10 - Taguatinga, Brasília - DF, 72135-100, Brazil"
M3 Atacadista,"Saa Q 2 - Zona Industrial, Brasília - DF, 70632-220, Brazil"
China Atacadista,"Lote 16, St. B Norte Cnb 13 Cnb 12, Brasília - DF, 72115-125, Brazil"
Brasília Atacadista - Materiais elétricos,"SH Arniqueiras ADE Águas Claras LOTE 21/22 - Água Claras, Brasília - DF, 71989-000, Brazil"
Lexbom Atacadista,"SIA Trecho 6 lote 10/20 - Guará, Brasília - DF, 71205-060, Brazil"
"ULTRABOX Itapoã: Atacado, Adega, Açougue, Hortifruti, Brasília DF","Quadra 02 conjunto L Lote 15 - Itapoã I, Brasília - DF, 71590-339, Brazil"
"BIG BOX 503 Asa Sul: Adega, Açougue, Hortifruti, Brasília DF","SHCS CR QD 503 BL C loja 70 - Asa Sul, Brasília - DF, 70331-530, Brazil"
Big Box Supermercados,"Asa Norte CLN 402 s/n Bloco A - Asa Norte, Brasília - DF, 70834-510, Brazil"
Supermercado Mais Perto,"0, SHCS CLS 216 - Asa Sul, Brasília - DF, 70295-500, Brazil"
Atacadão - Brasília Norte,"Setor Terminal Norte Conjunto H, SHCN, Brasília - DF, 70770-100, Brazil"
Mercado Brasília,"Av. Central, Lote, 595 Sub Loja 01 - Núcleo Bandeirante, Brasília - DF, 71720-350, Brazil"
Mercado do Setor S,"SHCS Q. 5, BL C 05 Loja 70, Brasília - DF, 70305-000, Brazil"
"BIG BOX 301 Sudoeste: Adega, Açougue, Hortifruti, Brasília DF","St. Sudoeste Superquadra Sudoeste 301 BLOCO B - Sudoeste, Brasília - DF, 70673-602, Brazil"
"BIG BOX 408 Asa Norte: Adega, Açougue, Hortifruti, Brasília DF","Asa Norte CLN 408 BL A S/N - Asa Norte, Brasília - DF, 70856-510, Brazil"
Mercado Brasília,"R. Olavo Bilac, 810 - Pirabeiraba, Joinville - SC, 89239-100, Brazil"
"BIG BOX 508 Asa Sul: Adega, Açougue, Hortifruti, Brasília DF","SHC/S CR QD 508, Bloco C Lojas 43 e 44, SHCS, Brasília - DF, 70351-535, Brazil"
Comper Asa Sul,"SHCS EQS 506/507 - Asa Sul, Brasilia - Federal District, 70350-515, Brazil"
Supermercado Armazém do Geraldo,"Acampamento Rabelo Praça Nelson Corso N 07 - Brasília, DF, 70804-060, Brazil"
"BIG BOX 512 Asa Sul: Adega, Açougue, Hortifruti, Brasília DF","Q SHCS CR Quadra 512 Bloco A Lojas 7, 18 e 19, SHCS, Brasília - DF, 70361-515, Brazil"
Big box supermarket,"Asa Sul Entrequadra Sul 412/413 S/N - Asa Sul, Brasília - DF, 70296-010, Brazil"
"BIG BOX 310 Asa Norte: Adega, Açougue, Hortifruti, Brasília DF","Asa Norte CLN 310 BL C S/N Loja 10 - Asa Norte, Brasília - DF, 70756-530, Brazil"
Carrefour Bairro Asa Norte II,"Asa Norte Entrequadra Norte 504/505 Bloco A - Asa Norte, Brasília - DF, 70760-545, Brazil"
Mercado Brasília,"R. Américo Vespúcio, 1121 - Nova Brasília, Joinville - SC, 89213-401, Brazil"
"DONA - Mercado, Hortifruti & Adega","BL A - SEPN 506 - Asa Norte, Brasília - DF, 70740-501, Brazil"
"Atacadista Super Adega SIA: Distribuidor, Supermercado, Delivery Brasília DF","SIA Trecho 12 - Guará, Brasília - DF, 71200-110, Brazil"
Cerramix Supermarket,"shce/s quadra 913 bloco k cruzeiro - Cruzeiro Novo, Brasília - DF, 70655-010, Brazil"
Empório BSB,"St. de Habitações Individuais Sul EQI 9/11 Bloco B - Lago Sul, Brasília - DF, 71625-172, Brazil"
Empório Brasília,"R. Florêncio de Abreu, 1059 - Centro, Ribeirão Preto - SP, 14015-060, Brazil"
Vitália Empório,"S QIs Bloco a S/N - Lago Sul, Brasília - DF, 71615-470, Brazil"
Emporio Brazil Store,"Qs6 conj.1 lote 37 loja 1 - Riacho Fundo I, Brasília - DF, 71820-601, Brazil"
Empório Express DF - Asa Sul,"SHCS SQS 306 - Asa Sul, Brasilia - Federal District, 70297-400, Brazil"
Empório Toque Gourmet,"Área Especial A, SHN Q. 1 Bloco F - Asa Norte, Brasília - DF, 70701-000, Brazil"
Empório Boechat,"St. Sudoeste CLSW 300 A - Cruzeiro / Sudoeste / Octogonal, Brasilia - Federal District, 70297-400, Brazil"
EMPORIO GOURMET PARANOÁ,"Q 21 - Paranoá, Brasília - DF, 71572-112, Brazil"
Empório DOC Gastrobar,"Sria I Qi 14, Bloco A, Loja 3 - Comércio, Brasília - DF, 71015-610, Brazil"
Empório Casa do Rei,"Asa Sul Comércio Local Sul 208 BL B Loja 38 - Asa Sul, Brasília - DF, 70254-520, Brazil"
Emporium of Cosmetics,"Asa Norte Comércio Local Norte 104 Bloco B Loja 19 - Asa Norte, Brasília - DF, 70736-520, Brazil"
Emporium 58,"SOF SUL QUADRA 10 CONJUNTO A 08, Zona Industrial LOJA 01 - Guará, Brasília - DF, 71215-251, Brazil"
Empório do Trigo,"Asa Norte CLN 108 BL D Loja 06 - Asa Norte, Brasília - DF, 70744-540, Brazil"
EMPÓRIO DE MINAS,"QND 40 LOTE 02 LOJA 05, Taguatinga Norte, Brasília - DF, 72120-400, Brazil"
Empório Badauê,"Asa Norte CLN 407 s/n Bloco A L1 - Asa Norte, Brasília - DF, 70855-510, Brazil"
Empório capital queijos artesanais,"st garagens e conces de veículos, Ed casa park shopping - St, Sgcv, 22 - pavimento térreo quiosque 12 - Guará, Brasília - DF, 71215-720, Brazil"
Fitness Land Brasília,"CL QD 709 BLOCA A LOJA 09 - Asa Norte, Brasília - DF, 70750-511, Brazil"
Empório Cantinho da Roça | Kit Festa,"SHCN CLN 311 BL D - Brasília, DF, 70757-500, Brazil"
Empório dos Bichos,"Asa Sul Comércio Local Sul 302 loja 26 - Asa Sul, Brasília - DF, 70077-900, Brazil"
VINTAGE BISTRO BRASILIA & CONVENIENCIA,"SHN Q. 1 HOTEL BIARITZ LOJAS 1, 2, 3 e - Asa Norte, Brasília - DF, 70701-000, Brazil"
Noroeste Distribuidora de Bebidas,"CLNW 10/11 LOTE J, LOJA 07 - Noroeste, Brasília - DF, 70686-650, Brazil"
VilaNova Licores e Cachaças,"Feira da Torre de TV Bloco G - Box 218 - Brasília, DF, 70070-300, Brazil"
Baruch Casa de Licores,"Q. 300 - Recanto das Emas, Brasilia - Federal District, 72620-100, Brazil"
Licores artesanais da vovó Loza,"SH Contagem Centro Comercial Fênix, CH Olga 5, Bloco B, Loja 05 - Sobradinho, Brasília - DF, 73007-993, Brazil"
Fox Importadora,"Scls 113 Bloco A Loja 34 Asa Sul - Brasilia, Brasília - DF, 70376-510, Brazil"
Adega Total Wine,"St. Sudoeste Superquadra Sudoeste 104 bloco c, loja 18 - Cruzeiro / Sudoeste / Octogonal, Brasília - DF, 70670-533, Brazil"
"Atacadista Super Adega SIA: Distribuidor, Supermercado, Delivery Brasília DF","SIA Trecho 12 - Guará, Brasília - DF, 71200-110, Brazil"
"Atacadista Super Adega Taguatinga Norte: Distribuidor, Supermercado, Delivery DF","Taguatinga Norte QNL 2 - Taguatinga, Brasília - DF, 72115-300, Brazil"
Enoteca Decanter Brasília,"Asa Sul Comércio Local Sul 103 36 - Asa Sul, Brasília - DF, 70342-520, Brazil"
Baru Drinks e Petiscos,"Asa Norte CLN 110 BL C loja 44 Loja 44 - Asa Norte, Brasília - DF, 70753-000, Brazil"
EMPÓRIO BARU,"CL 416 - Santa Maria, Brasília - DF, Brazil"
Baru Bar,"SHCN CLN 110 BL C - Brasília, DF, 70750-550, Brazil"
Sabor Baru,"Quadra 3 Conjunto 6 Lote 6 BL N Estrada Parque Paranoá, apt 403 - Paranoá, Brasília - DF, 71587-808, Brazil"
Baru Construtora e Incorporadora,"Q 402 Conj. A Quadra 402 04 Lote - Recanto das Emas, Brasília - DF, 72630-254, Brazil"
Baru Construtora e Incorporadora,"QS 402 - Samambaia, Brasília - DF, 72630-204, Brazil"
Baru Tagua,"St. B Norte QNB 13 - Taguatinga, Brasília - DF, 72115-130, Brazil"
SANTÚ Comedoria,"Asa Norte CLN 216 BL C loja 76 - Asa Norte, Brasília - DF, 70875-530, Brazil"
Baru-Lab,"QS 1, Rua 210 36, Led Águas Claras, sala n.º 812 Torre 2 - Águas Claras, Brasília - DF, 71950-770, Brazil"
Deboche! Bar,"Asa Norte CLN 201 BL A Loja 61 - Asa Norte, Brasília - DF, 70832-510, Brazil"
Brazolia Cozinha E Bar,"SGO Q 3 - Brasília, DF, 70655-775, Brazil"
Pontão Lago Sul,"SHIS Ql 10, 1/30 - Lago Sul, Brasília - DF, 71630-115, Brazil"
Bloco C,"Asa Sul CLS 211 bloco C loja 17 - Asa Sul, Brasília - DF, 70274-530, Brazil"
Baruc Armazenagem,"Modulo 02 Lote 41 Residencial Santa Maria - Santa Maria - Santa Maria, Brasília - DF, 72580-200, Brazil"
"Norū Sushi Noroeste: Sashimi, Temaki, Yakissoba, Sakes, Drinks, Gin Brasília DF","CLNW 10/11, Bloco B - Lojas 2 e 3 - Cond. Stylo - Noroeste, Brasília - DF, 70686-645, Brazil"
Estúdio Baru Audiovisual,"Octogonal AOS 01/02 Loja 10 - Brasília, DF, 70660-615, Brazil"
Suco e Tal,"Campus Uniceb / Centro de Convenções, Eqn 707/907 - Asa Norte, DF, 70790-075, Brazil"
Fast Nature - 313 norte,"Asa Norte Comércio Local Norte 313 BL E Loja 10, Brasília - DF, 70766-550, Brazil"
Vitamina Central,"506 Sul s/n, Loja 63 - Asa Sul, Brasília - DF, 70350-515, Brazil"
Sucopira | Sucos e Kombuchas Naturais em Brasília,"SES, St. de Expansão Econômica Quadra 12 S N, Brasília - DF, 73020-412, Brazil"
Loja do Suco,"611, Sia Canteiro Central Via Ia 2 Trecho 2 Tcheca 2, 585 - Guará, Brasília - DF, Brazil"
Paralelo 15 Sucos - Park Shopping,"SMAS Trecho 1 257 - Guará, Brasília - DF, 71219-900, Brazil"
Tropical Sucos,"QRSW 1 Lote 1 Loja 15/17 - Na Praça do Gourmet - M11 - Sudoeste Econômico - Comercio Local - Próximo à Igreja São Pio, St. Sudoeste, Brasília - DF, 70675-100, Brazil"
Boutique do Suco - Asa Norte,"SHCN Q. 406/7 Bloco A - Asa Norte, Brasília - DF, 70847-510, Brazil"
Estação do Guaraná,"Asa Sul CLS 105 BL B loja 03 - Asa Sul, Brasília - DF, 70345-520, Brazil"
Suco e Vitamina,"av Sclsw 101 Bl C 80, DF, Brazil"
Suco & Tal,"Conjunto A, Seps 712/912 - Brasília, DF, 70390-125, Brazil"
Cosechas,"SHCS CLS 309 BL C Loja 11 - Asa Sul, Brasília - DF, 70362-530, Brazil"
O melhor smoothy,"SCN Qd. 2 Bloco D Setor Comercial Norte, Asa Norte, Brasília - DF, 70712-904, Brazil"
Smoov Sudoeste,"St. de Industrias Graficas SIG/SUDOESTE QUADRA 8 LT 2378 - Cruzeiro / Sudoeste / Octogonal, Brasília - DF, 70610-480, Brazil"
Sub's Açaí Lanches Especiais,"SHCS CLS 105 - Asa Sul, Brasilia - Federal District, 70344-500, Brazil"
Suco Supremo,"Setor Industrial Ceilândia Df QI 7 lote 49/51/53/55/57/59 - Ceilândia, Brasília - DF, 72265-070, Brazil"
Bem Vindas Frutas,"SHCS Q. 1 - Brasília, DF, 70301-000, Brazil"
Bob Sucos,"St. H Norte QNH 9 casa 36 - Taguatinga, Brasília - DF, 72130-590, Brazil"
Leaf Juice,"Colonia agricola samambaia, chácara 64, lote1/2, Colônia Agrícola Samambaia loja 4, Brasília - DF, 72001-590, Brazil"
Tio Gu Creperia - 408 Sul,"SHCS QUADRA 408 BLOCO B LOJA 19 - Asa Sul, Brasília - DF, 70257-520, Brazil"
Flora Orgânicos,"SHCGN Comércio Residencial Norte 712/713 - Brasília, Brasilia - Federal District, 70760-680, Brazil"
Orgânicos pedacinho do céu,"Asa Norte CLN 312 BL C Loja 27 - Asa Norte, Brasília - DF, 70765-530, Brazil"
Mercado Orgânico,"Sia Sul Trecho 10 Lote 05 Pavilhão B 13A - Brasília, DF, 71208-900, Brazil"
Atacado Fazenda Malunga,"SIA Sul Trecho 10 Lote 5 Prédio B-12/A S/N Zona Industrial - Guará, Brasília - DF, 71200-100, Brazil"
Amo Verde - Produtos Naturais,"Av. Central, 500 - Núcleo Bandeirante, Brasília - DF, 71705-500, Brazil"
Loja Korin Asa Norte,"SCRN 714/715 Bloco G - Loja 40 e 50 - Asa Norte, Brasília - DF, 70761-670, Brazil"
Feira Agroecológica da Ponta Norte,"Asa Norte SQN 216 - Asa Norte, Brasilia - Federal District, 70875-000, Brazil"
Mercado Malunga,"Asa Norte Comércio Local Norte 315 BL E loja 04 - Asa Norte, Brasília - DF, 70774-550, Brazil"
Eleve Mercado Saudavel,"St. de Habitações Coletivas e Geminadas Norte Comércio Residencial Norte 708/709 Bloco D - Asa Norte, Brasília - DF, 70741-640, Brazil"
Mercado Malunga,"Q SHCSW CL 104, BLOCO A, LOJA 19 - Cruzeiro / Sudoeste / Octogonal, Brasília - DF, 70670-503, Brazil"
Banquinha Vittal Brasil Orgânicos,"Banca da SQN, SHCN, Brasília - DF, 70833-000, Brazil"
TERRA MADRE BRASÍLIA,"St. Sudoeste Superquadra Sudoeste 301 - Sudoeste, Brasília - DF, 70673-603, Brazil"
MaxFoods Market 105 Asa Sul | Restaurante saudável e loja de produtos naturais.,"Asa Sul CLS 105 Bloco B Loja 18 - Asa Sul, Brasília - DF, 70344-520, Brazil"
Bio Mundo,"Octogonal Lot 5 - Brasília, DF, 70660-900, Brazil"
Instituto Florestta - Taguatinga,"QS 05 Praça AC 1 Lote 04 - Taguatinga, Brasília - DF, 71955-120, Brazil"
Bio Mundo,"Setor de Diversões Norte - Asa Norte, Brasilia - Federal District, 70712-903, Brazil"
Empório Adelaide e Orgânicos,"Asa Norte Superquadra Norte 310 Banca de Revistas - Asa Norte, Brasília - DF, 70756-000, Brazil"
Shizen Natural Products,"Asa Sul CLS 407 Bloco B Loja 14 - Asa Sul, Brasília - DF, 70256-520, Brazil"
Naturale Produtos Naturais,"Sclrn 705 Bloco D Lj 13 s/n, DF, Brazil"
MaxFoods Market 103 Sudoeste,"St. Sudoeste CLSW 103 Bloco C Loja 46 - Cruzeiro / Sudoeste / Octogonal, Brasília - DF, 70670-523, Brazil"
Polimento cristalizado,"625, Sria II Qe 40 Ae 6A 6, 5 - Guará, Brasília - DF, Brazil"
"Revitali - Polimento, Vitrificação, Higienização e Películas automotivas","SCN Q 6 Shopping ID - Asa Norte, Brasília - DF, 70716-900, Brazil"
Polimento Cristalizado,"St. M-Norte QNM 34 - Taguatinga, Brasília - DF, 72145-421, Brazil"
Confeitaria Cristal,"SEPS 714/914 Edifício Sabim Bloco D - Asa Sul, Brasília - DF, 70390-145, Brazil"
Cristal Limpeza,"Asa Sul CLS 404 BL C Loja 09 - Asa Sul, Brasília - DF, 70238-530, Brazil"
Cristal Tabacaria Asa Sul,"Asa Sul CLS 410 Bloco D Loja 15 - Asa Sul, Brasília - DF, 70277-080, Brazil"
Ateliê Doces da Sol,"Cruzeiro Novo Q. 1105 Bloco D - Cruzeiro Novo, Brasília - DF, 70658-154, Brazil"
Arte em Cores,"Av. Central Comércio Comércio, 01 - Lote 536 - Loja - Núcleo Bandeirante, Brasília - DF, 71710-200, Brazil"
SPA Cristal,"Colonia agricola do Riacho fundo 1 chacara 20 RIACHO FUNDO 1 - KANEGAE, Brasília - DF, 71828-050, Brazil"
Casa Crix Cristaleria,"SRTVN 702, Lote P Ala B, Sala 2016 - Asa Norte, Brasília - DF, 70719-900, Brazil"
Haras Cristal,"Núcleo Rural Casa Grande - Gama, Brasília - DF, Brazil"
Cristal d'Água,"Parque Nacional de Brasilia - Brasília, DF, 70297-400, Brazil"
"Blue & Motion - Polimento, Vitrificação, Higienização - Asa Norte","St. de Habitações Coletivas e Geminadas Norte QD 704/705 BL F LOJA 46 - Asa Norte, Brasília - DF, 70730-660, Brazil"
Espaço Cristal - Abdoral Feitosa,"SMLIN, Trecho 7 Rod DF 15, N. Rural Capoeira do Bálsamo, Conj. 3 e 4 Chác. 42 - Lago Norte, Brasília - DF, 71540-907, Brazil"
POLIMENTOS CRISTALIZADOS,"QN 323 - Samambaia, Brasília - DF, Brazil"
Nova Cristal Comercio de Bebidas,"QS 5 9257___qs 05 rua 300 lote 05 lojas 06 e 07 - Águas Claras, Brasília - DF, 71961-540, Brazil"
Estética Automotiva I Polimento Automotivo I Lava Rápido I Solução do Polimento em Brasília,"SRES AE, Cruzeiro Center - Cruzeiro Velho, Brasília - DF, 70640-515, Brazil"
Confiança Revita car,"QS 09 rua 123 Lote 14 Areal - Águas Claras, Brasília - DF, 71977-720, Brazil"
CRISTAL LIMPEZA DE PISCINA PISCINEIRO,"St. de Habitações Individuais Sul QI 9 - Lago Sul, Brasilia - Federal District, 71625-080, Brazil"
Cristal Fit,"Asa Norte Comércio Local Norte 311 Bloco E - Asa Norte, Brasília - DF, 70757-550, Brazil"
Estação do Guaraná,"Asa Sul CLS 105 BL B loja 03 - Asa Sul, Brasília - DF, 70345-520, Brazil"
Guaraná da Amazônia,"St. Qi QI 13 - Taguatinga, Brasília - DF, 72135-130, Brazil"
