Norteminas - Castanhas Selecionadas,"R. Girassol, 346 - Campina Verde, Contagem - MG, 32150-270, Brazil"
Empório das Castanhas - Mercado de Aperitivos,"Av. Rio Branco, 290 - Lídice, Uberlândia - MG, 38400-058, Brazil"
Caju,"Caju - São Pedro do Jequitinhonha, Jequitinhonha - State of Minas Gerais, 39960-000, Brazil"
Caju,"Caju, Frutal - State of Minas Gerais, 38200-000, Brazil"
Cajuri,"Cajuri - State of Minas Gerais, Brazil"
"Caju Sport Nutrition - Suplementos Esportivos, Whey Protein, Creatina e Pre Treino","R. Cecílio Jorge - Santa Mônica, Uberlândia - MG, 38408-196, Brazil"
Caju Moda,"R. Melo Viana, 21 - Centro, Itaúna - MG, 35680-048, Brazil"
HortifrutiMais Atacado de Frutas e Verduras,"R. Minas Gerais, 3640 - Nova Brasília, Joinville - SC, 89213-300, Brazil"
Mercado Brasília,"R. Minas Gerais, 1148 - Nova Brasília, Joinville - SC, 89213-300, Brazil"
Mercado Brasília,"R. Minas Gerais, 5238 - Morro do Meio, Joinville - SC, 89215-000, Brazil"
Mercado Medeiros,"R. Minas Gerais, 5780 - Morro do Meio, Joinville - SC, 89215-000, Brazil"
MG Mercearia Glória,"R. Mal. Hermes, 832 - Glória, Joinville - SC, 89217-200, Brazil"
Supermercado Joinville,"R. Manoel Martins, 704 - Barro Prêto, São José dos Pinhais - PR, 83015-490, Brazil"
Mercado Municipal de Joinville,"Av. Dr. Paulo Medeiros, S/N - Centro, Joinville - SC, 89201-210, Brazil"
Mercado Belo,"R. Amandus Kamradt, 323 - Nova Brasília, Joinville - SC, 89214-582, Brazil"
Mercado Engenho,"R. Lindóia, 54 - Glória, Joinville - SC, 89216-300, Brazil"
Supermercado Vitorino,"R. Santa Catarina, 1964 - Floresta, Joinville - SC, 89212-000, Brazil"
Mercado Brasil,"R. Brasil, 733 - Bom Retiro, Joinville - SC, 89221-561, Brazil"
Mercado & Açougue Joinvillense.,"R. Santa Catarina, 1345 - Sala 2 - Floresta, Joinville - SC, 89211-307, Brazil"
Mercado Téo,"R. São Roque, 547 - Floresta, Joinville - SC, 89211-130, Brazil"
Mercado Monsenhor,"R. Monsenhor Gercino, 3186 - Petrópolis, Joinville - SC, 89231-595, Brazil"
Mercado Ponto Bom,"R. Guilherme, 657 - Costa e Silva, Joinville - SC, 89218-500, Brazil"
Giassi,"R. Dr. João Colin, 762 - América, Joinville - SC, 89204-000, Brazil"
Mercado Jonck,"R. Maria de Lurdes Bachtold, 11 - Vila Nova, Joinville - SC, 89237-500, Brazil"
Supermercado Iguaçu,"R. Petrópolis, 1298 - Petrópolis, Joinville - SC, 89208-301, Brazil"
Frutaria Monte Moriá,"R. Minas Gerais, 3000 - Nova Brasília, Joinville - SC, 89214-600, Brazil"
Campos Salles market,"R. Pres. Campos Salles, 1085 - Glória, Joinville - SC, 89217-100, Brazil"
Mercado Triumphe,"Av. Júpiter, 200 - Jardim Paraíso, Joinville - SC, 89226-600, Brazil"
Emporio de Minas,"R. João XXIII, 351 - Vila Romana, Divinópolis - MG, 35500-622, Brazil"
A Pioneira Emporio Mineiro,"Av. Francisco Tertuliano Ribeiro Neto, 17, Gonçalves - MG, 37680-000, Brazil"
Empório Relíquias de Minas,"R. Lupércio Paixão, 226 - Tirol, Belo Horizonte - MG, 30662-420, Brazil"
Sr.Suko,"R. Alferes Tavares, 13 - lj04 - Centro, Bom Despacho - MG, 35600-000, Brazil"
China's Food & Açaí,"Rua Joinville - Copacabana, Belo Horizonte - MG, 31550-550, Brazil"
Uai Sucos,"R. Arthur Bernardes, 09 - Martins, Uberlândia - MG, 38400-368, Brazil"
Laranjet - Indústria e Comércio de Sucos,"R. da Igualdade, 346 - Nova Gameleira, Belo Horizonte - MG, 30510-450, Brazil"
Sukeria,"R. Maria Beatriz Magalhães, 181 - Bom Pastor, Divinópolis - MG, 35500-158, Brazil"
Restaurante Prosa di Minas,"R. Doná Chiquita de Castro, 112 - Braúnas, Belo Horizonte - MG, 31370-310, Brazil"
Rei dos Sucos,"R. Abdon Batista - Centro, Joinville - SC, 89201-010, Brazil"
Minas Citro,"R. da Luz, 60 - Vila Paris, Contagem - MG, 32372-130, Brazil"
Vallejo,"R. Minas Gerais, 5877 - Morro do Meio, Joinville - SC, 89215-000, Brazil"
"Coco Bambu ItaúPower Contagem: Restaurante, Frutos do Mar, Camarão, Carnes, MG","Av. General David Sarnoff, 5160 - Cidade Industrial, Contagem - MG, 32210-110, Brazil"
Graal Shopping,"Rod. Fernão Dias, km 685 - Zona Rural, Ribeirão Vermelho - MG, 37260-000, Brazil"
Graal Oliveira,"Rodovia Fernão Dias, km611, Oliveira - MG, 35540-000, Brazil"
Graal Bela Vista,"Rod. Fernão Dias, s/n - Km 842, São Sebastião da Bela Vista - MG, 37567-000, Brazil"
Graal Antares,"BR-050, S/N - Cidade Ozanan, Uberaba - MG, 38051-050, Brazil"
Graal Juiz de Fora,"Rod. BR-040, km 794 s/nº - Nova Califórnia, Juiz de Fora - MG, 36033-005, Brazil"
Graal Estiva,"Rod. Fernão Dias, S/N - Km 880 - Planalto, Estiva - MG, 37542-000, Brazil"
Graal Monlevade,"Rod, BR-381, 346 - Santo Hipolito, João Monlevade - MG, 35931-206, Brazil"
Graal Marfim,"BR-381, KM 348 - Santo Hipolito, João Monlevade - MG, 35931-206, Brazil"
Mira Lanches,"R. Minas Gerais, 5017 - Morro do Meio, Joinville - SC, 89215-055, Brazil"
ibis Styles Poços de Caldas,"R. Pernambuco, 280 - Centro, Poços de Caldas - MG, 37701-021, Brazil"
Orgânicos Joinville - Só delivery,"R. Cabedelo, 92 - Glória, Joinville - SC, 89216-310, Brazil"
Alimentos Orgânicos Mattiola,"R. Ten. Antônio João, 638 - Saguaçu, Joinville - SC, 89221-544, Brazil"
Feira de Produtos Orgânicos,"R. Max Colin, 1629-1639 - Centro, Joinville - SC, 89204-040, Brazil"
"Verde Capim - Orgânicos, veganos e cruelty free","estacionamento do Sr. Vapor - Rua Timbó, 613 - esquina com, R. Jaraguá, Brazil"
Pura Vida Organic Groceries,"R. Min. Calógeras, 1514 - Atiradores, Joinville - SC, 89203-000, Brazil"
Cheirinho da Natureza,"R. Minas Gerais, 1102 - Nova Brasília, Joinville - SC, 89213-300, Brazil"
Empório Ervas do Campo,"R. Minas Gerais, 5253 - Morro do Meio, Joinville - SC, 89215, Brazil"
Fazendinha Salu.d Orgânicos e Naturais,"R. Dona Francisca, 2955 - Saguaçu, Joinville - SC, 89221-008, Brazil"
Casa Colina - Café Bistro & Empório,"R. Visc. de Mauá, 1125 - América, Joinville - SC, 89204-501, Brazil"
"Feira de Orgânicos: ""Do Mueller para a Mesa""","R. Sen. Felipe Schmidt, 50-228 - Centro, Joinville - SC, 89201-440, Brazil"
Mumepo Agroecologia,"R. São Paulo, 1996 - Floresta, Joinville - SC, 89211-570, Brazil"
Orgânicos da Mantiqueira,"R. Fausto Rezende de Souza, 183 - Centro, Gonçalves - MG, 37680-000, Brazil"
Armazém Zap,"R. Minas Gerais, 5041 - Morro do Meio, Joinville - SC, 89215-150, Brazil"
GP Bebidas,"R. Minas Gerais, 1476 - Nova Brasília, Joinville - SC, 89213-300, Brazil"
Guarana MINEIRO,"Av. Paulo Roberto Cunha Santos, 2291 - Marta Helena, Uberlândia - MG, 38405-326, Brazil"
Mercado Brasília,"R. Minas Gerais, 1148 - Nova Brasília, Joinville - SC, 89213-300, Brazil"
Mercado Brasília,"R. Minas Gerais, 5238 - Morro do Meio, Joinville - SC, 89215-000, Brazil"
MG Mercearia Glória,"R. Mal. Hermes, 832 - Glória, Joinville - SC, 89217-200, Brazil"
Drinks Jota Efe Ind. E Com. Ltda.,"MG-290 - Ouro Fino, MG, 37570-000, Brazil"
Panificadora e confeitaria Stefani,"R. Minas Gerais, 5528 - Morro do Meio, Joinville - SC, 89215-000, Brazil"
Atacadão - Patos de Minas,"Av. Marabá, 621 - Bela Vista, Patos de Minas - MG, 38703-236, Brazil"
Mercado Medeiros,"R. Minas Gerais, 5780 - Morro do Meio, Joinville - SC, 89215-000, Brazil"
Refrigerantes do Triângulo,"Av. Paulo Roberto Cunha Santos, 2.305 - Distrito Industrial, Uberlândia - MG, 38402-266, Brazil"
Refrigerante Abacatinho,"MG-124 - Santa Candida, Ubá - MG, 36505-360, Brazil"
Refrigerantes do Triângulo (Guaraná Mineiro CD Divinópolis MG),"Av. Marginal, 4500 - Dom Pedro II, Divinópolis - MG, 35501-004, Brazil"
