Imp√©rio das Castanhas,
Bodegas (@bodegas_act) ‚Ä¢ Instagram photos and videos,"A empresa est√° localizada no bairro AL - Ponta Verde e no endere√ßo Av. Silvio Carlos Viana, 1447 - Ponta Verde, Macei√≥ - AL, 57035-160, Brazil ,CEP 57035-160.",Telefone: (82) 98840-0050,,
Restaurante Sabor de Maceio (@restaurantesabordemaceio),,
caju_al - Cajual Produtos Nordestinos - InstagramTelefone: (82) 99104-8859,,
Imp√©rio da Castanha üåøü•ú (@imperiodacastanha.mcz),,
Casa Nordeste,,
O Baiano (@obaiano_do_jacintinho)Guia Telefone,,
Fabiano d√°s castanhas (@limaalimentos),,
Liao castanhas (@liao_castanhas)Telefone: (82) 99402-5148,,
Produtos Naturais em Macei√≥ (@armazemanandda) - InstagramTelefone: (82) 99322-9054,,
Mercado Verde (@mercadoverdemaceio),,
Gelato Borelli Macei√≥ - AL (@gelatoborellimaceio) - Instagram,,
Sam's Club ‚Äì Fa√ßa suas compras onlineTelefone: (82) 3036-6200,,
Mundo Verde - A maior rede de produtos saud√°veis do BrasilTelefone: (82) 3327-1737,,
Leve Diet Gourmet (@levedietgourmet) - Instagram,,
JB Passa JB (@jbpassa)Telefone: (82) 98723-2446,,
Macei√≥/AL (@caju.atelie_ag) - Macram√™Telefone: (82) 98113-4348,,
Prefeitura de Macei√≥ revitaliza Pra√ßa Sandoval Caju no ...Telefone: (82) 98814-1052,,
HOSTEL Recanto do CajueiroTelefone: (82) 99808-0249,,
Saboreando Macei√≥ | Ayrton | Caju AL . üìÑEu descobri o ...,,
Caju Ameixa Macei√≥ (@cajuameixa) - Instagram,"Qual o endere√ßo da empresa CAJU AMEIXA CONFECCOES LTDA ? AVENIDA DR. ANTONIO GOMES DE BARROS, 172-B CONJ SANTA CECILIA LOTE 151 - JATIUCA, MACEIO, ...",Telefone: (82) 3231-0380,,
Brasil Cacau Macei√≥ (@brasilcacaumaceio),,
Ponto do A√ßa√≠ - Macei√≥ üíú (@pontodoacaimcz)Telefone: (82) 3377-6320,,
Casa NordesteTelefone: (82) 99652-3244,,
Cookie CakauTelefone: (82) 99835-0060,,
Cacau Show Macei√≥ ¬Æ (@lojacacaushowmaceioal),,
Imp√©rio das Castanhas,
Casa Nordeste,,
Cacau Show Macei√≥ ¬Æ (@lojacacaushowmaceioal),,
Cacau Show Macei√≥ ¬Æ (@lojacacaushowmaceioal),,
Bodegas (@bodegas_act) ‚Ä¢ Instagram photos and videos,"A empresa est√° localizada no bairro AL - Ponta Verde e no endere√ßo Av. Silvio Carlos Viana, 1447 - Ponta Verde, Macei√≥ - AL, 57035-160, Brazil ,CEP 57035-160.",Telefone: (82) 98840-0050,,
Cacau Show Macei√≥ ¬Æ (@lojacacaushowmaceioal),,
Cacau Show Macei√≥ ¬Æ (@lojacacaushowmaceioal),,
Atacad√£o ‚Äìsuas compras de supermercado online com pre√ßo ...Telefone: (82) 3214-4200,,
Super Atacado (@super_atacado) - InstagramTelefone: (82) 99304-9618,,
Mapa,,
Big Atacado (@bigatacado)Telefone: (82) 98214-3832,,
Mapa,,
Atacad√£o ‚Äìsuas compras de supermercado online com pre√ßo ...Telefone: (82) 3214-5624,,
MapaAssa√≠ Tabuleiro. Telefone: (82) 3314‚Äì6100. Televendas: (82) 3314-6101 | 3314-6102. Whatsapp: (82) 8221-7347. Endere√ßo: Avenida Doutor Durval de Goes ...,,
dmaisatacadoevarejoTelefone: (82) 99144-9183,,
MapaTelefone,,
"PH ‚Ä¢ VARIEDADE QUE ENCANTA, QUALIDADE QUE ..."Telefone: (82) 3512-2682,,
MapaTelefone,,
ATACAD√ÉO FEITOSA (@atacadaofeitosa_oficial),"O endere√ßo da empresa ATACADAO FEITOSA √© AVENIDA GOVERNADOR LAMENHA FILHO, 1469 - FEITOSA, Macei√≥ - AL, 57043000. Qual o telefone da empresa ATACADAO FEITOSA?",Telefone: (82) 99971-4799,,
MapaTelefone,,
"Alforria Atacado - Macei√≥, AL, Brazil - Local Business",,
Macei√≥ Atacado,,
VARIEDADES (@atacadaodoskitsmaceio)Telefone: (82) 98889-3627,,
Felicidade Carnes (@felicidadecarnes) - InstagramMACEIO - AL 57080-000. Contatos. Telefone(s): (82) 3352-4267 e (82) 3324-4454; Fax/mensageiro online: (82) 3324-4454; Correio eletr√¥nico: dantascontabil@hotmail ...,,
Nl atacados (@nl_atacados_) ‚Ä¢ Instagram photos and videosTelefone: (82) 98849-1876,,
LOJAS ADJ¬ÆÔ∏è OFICIAL- SUA MARCA P&B (@lojasadj),,
Mapa,,
Mercado Central - Macei√≥ - Guia de Destinos,,
Mercado da Produ√ß√£o de Macei√≥Telefone: (82) 99101-3118,,
Mapa,,
Peixaria Peixe dourado (@peixariapeixedourado),,
"Resultado da busca por: ""mercado do jacintinho""",,
Mercado do Artesanato de Macei√≥,,
Palato | Macei√≥: Supermercado,,
Unicompra - O melhor supermercado online de Alagoas,,
Unicompra - O melhor supermercado online de Alagoas,,
Emp√≥rio Nordestino (@emporionordestinomcz) - InstagramTelefone: (82) 98872-7021,,
Mercado das Artes 31 (@mercadodasartes31)Telefone: (82) 98191-6171,,
Feiras e mercados,,
Mini Mercado Paju√ßaraTelefone: (82) 3022-1479,,
Mercado da Gruta (@mercadodagruta_),,
Unicompra - O melhor supermercado online de Alagoas,,
District Flower | (82) 3022-5134 | Macei√≥,,
Mapa,,
MEGA MARX - SUPERMERCADO (@supermercadomegamarx),,
GBarbosa | Supermercado e Eletro | Descontos imperd√≠veis,,
Jose Francisco dos Santos - 47345577000107 Macei√≥,,
Emp√≥rio Macei√≥ | Loja Virtual (@emporio_maceio),,
Emp√≥rio Farol (@emporio.farol) ‚Ä¢ Instagram photos and videosTelefone: (82) 99125-2516,,
Emp√≥rio Nordestino (@emporionordestinomcz) - InstagramTelefone: (82) 98872-7021,,
Emp√≥rio Colina (@emporio.colina)Telefone: (82) 3324-1767,,
EMPORIOTOP: Sua Loja de Moda MasculinaTelefone: (82) 3313-9140,,
"Vinhos, Massas, Risotos, T√°buas de Frios em Macei√≥"Telefone: (82) 99974-6387,,
Emp√≥rio Com√©rcio (@emporiomcz_),,
Emp√≥rio La ZukaTelefone: (82) 99308-3414,,
Emp√≥rio Store | Macei√≥ (@emporiostoremcz)Telefone: (82) 3028-0102,,
Emp√≥rio Ariel (@emporioariel) ‚Ä¢ Instagram photos and videos,"Ache endere√ßo e telefone de Emporio Ariel em Cidade Universit√°ria atuante em Armaz√©ns, Emp√≥rios e Mercearias, perto de Cidade Universit√°ria, Macei√≥ - AL.",Telefone: (82) 99813-0257,,
Estilo EmporioTelefone: (82) 99635-7179,,
Emp√≥rio do Sert√£o üåµ (@_emporiodosertao_),,
ùêåùêöùêúùêûùê¢√≥/ùêÄùêã (@emporiumregional),,
EMP√ìRIO PIZZARIA (@emporiopizzariamcz),,
NORDESTE CARNES üèú (@nordeste_carnes)Telefone: (82) 98221-0064,,
IMP√âRIO STORE ‚Ä¢ MACEI√ì (@imperio_store_mcz),,
Mapa,,
Emporio Da Pizza üçï (@emporiodapizza18)Telefone: (82) 2140-0364,,
anis estrela ‚ñ™Ô∏é licores artesanaisTelefone Anis Estrela - Licores Artesanais - Pinheiros - Maceio - Deposito de √Ågua e Bebidas ; Endere√ßo: Rua Professor Jose Da Silveira Camerino 290 - CEP: ...,,
BARU por Fiama Pimentel (@baruclothes)Telefone: (82) 99999-9975,,
ACARAJ√â DO BARU ü¶ê (@acarajedobaru),,
Ponto do Suco (@pontodosucooficial)Telefone: (82) 99620-9945,,
Clique aqui para conhecer todas as nossas lojas.Telefone: 0800 772 6996,,
Sucol√¢ndia: In√≠cio,,
"SABOR TROPICAL em Macei√≥, AL - Consulta Empresa",,
Nature | Sucos & Sanduiches (@naturemaceio),,
Tropicana Turismo - Transfers para Maragogi com sa√≠das ...,,
Prat's - P√°gina Inicial,,
Rice's Sucos e Lanches (@ricesmaceio)Telefone: (82) 3317-4364,,
MISTER SUCO SALADERIA - MenuDinoTelefone: (82) 99610-9986,,
Mapa,,
Suco de Laranja que n√£o amarga (@natusucolanches),,
Polpa de frutas (@sucolandia_oficial) - Sucol√¢ndia - Instagram,,
A√áA√ç TOPAD√ÉO,,
