Nome,Endere√ßo,Telefone,Celular,Website
Castanha S√£o Lu√≠s Maranh√£o - Delicia¬¥s,
Mercado das Tulhas,"6 de jun. de 2022 ‚Äî O endere√ßo da Feira da Praia Grande √© R. da Estrela, 184, Centro, S√£o Lu√≠s - MA, 65010-200. Confira as op√ß√µes de hor√°rios de √¥nibus com pontos ..."
COMERCIAL CASTANHA - 11.410.334/0001-50 | Qive
PRODUTOS NATURAIS MUNIZ SLZ (@prod.naturaismuniz)
CASTANHA | POLPA | FARINHA (@emporiopami),"Qual o endere√ßo Emp√≥rio Pami Cohafuma? Av. Jer√¥nimo de Albuquerque, 53 - Cohafuma, S√£o Lu√≠s - MA, 65071-750, Brazil, CEP 65071-750, Brasil.",Telefone: (98) 98298-3436,,
Guaran√° Naturale (@guarananaturale),Telefone: (98) 3271-6498,,
Emp√≥rio Fam√≠lia Saud√°vel - FAST DELIVERI,Telefone: (98) 98528-9728,,
Mapa
Terra Viva ‚Äì Org√¢nicos,"27 de set. de 2024 ‚Äî Confira os endere√ßos e venha nos visitar: ‚¨áÔ∏è Loja 1 - Rua Luiz P√¢ntano, 838 - Pq. Novo Mundo, Limeira/SP - (19) 98818-9254 Loja 2 - Av. Dna."
"Emporio Saude E Vida em S√£o Lu√≠s, MA | Distribuidoras de ..."
TULHAS ARTESANATO & CIA (@tulhas_artesanato_cia)
PRODUTOS NATURAIS MUNIZ SLZ (@prod.naturaismuniz)
Natural Vida
Mercado das Tulhas
Mercado Central - O que saber antes de ir (ATUALIZADO ...
Temperos da ilha (@temperos_da_ilha_slz)
Emp√≥rio Fribal
"Arte, Cultura, Hist√≥ria e Gastronomia. (@emporiocasareal)",Telefone: (98) 99105-2691,,
Bolo Divinno Bolo¬Æ (@bolodivinnobolo),Telefone: (98) 98866-1777,,
Rei das Castanhas :: O maior distribuidor de frutas secas e ...
NOZ Neurocentro ‚Äì Diagn√≥stico e tratamento de doen√ßas ...,Telefone: (98) 3235-0011,,
"Imirante desbrava a Praia do Cajueiro, na zona rural de SL"
Como chegar at√© Cajupe em S√£o Luis de √¥nibus?
Como chegar at√© Cajupari em S√£o Luis de √¥nibus?
"Terrenos, Lotes e Condom√≠nios √† venda - Vila Maranh√£o, ..."
Balne√°rio Recanto do Caju (@sitio_recanto_do_caju),Telefone: (98) 98582-1857,,
Comunidade de Cajueiro zona rural de S√£o Lu√≠s - Maranh√£o,Telefone: (98) 98813-4110,,
SEMOSP | Prefeito Eduardo Braide acompanha in√≠cio do ...
4M√£os Entretenimento | S√≥ de leve üòâüçª!! # ...
"Novo Tempo II Bloco ju√ßara - S√£o Lu√≠s, MA"
Como chegar at√© Cajupari em S√£o Luis de √¥nibus?
Mapa
Cafofinho da tia Dica (@cafofinhodatia),"7 de set. de 2024 ‚Äî A mudan√ßa de endere√ßo do Cafofinho da Tia Dica, ‚Äúabre o caminho‚Äù para a entrega dos im√≥veis do Centro Hist√≥rico para a rede Vila Gal√© que ...",Telefone: (98) 98706-5089,,
Como chegar at√© Cajupari em S√£o Luis de √¥nibus?
Como chegar at√© Cajupari em S√£o Luis de √¥nibus?
Caju barbearia (@_cajubarbearia)
atacadaosaoluis - Atacad√£o S√£o Lu√≠s,Telefone: (98) 3131-6300,,
atacadaosaoluis - Atacad√£o S√£o Lu√≠s,"A empresa est√° localizada no bairro MA - COHAB Anil I e no endere√ßo Av. Jer√¥nimo de Albuquerque, 40 - Cohab Anil III, S√£o Lu√≠s - MA, 65051-210, Brasil ,CEP ..."
ATACADO | VAREJO (@atacadomodamasculina.ma___),Telefone: (98) 98191-1698,,
Atacad√£o de Caruar√∫ Slz (@atacadaodecaruaruslz)
Oliveira atacado,"A empresa est√° localizada no bairro MA - Angelim e no endere√ßo Av. Jer√¥nimo de Albuquerque - Cohab Anil III, S√£o Lu√≠s - MA, 65060-641, Brazil ,CEP 65060-641."
"Rei das Confec√ß√µes R$ 20,00üëïüëôüëñ (@reidasconfeccoes20)"
S√£o Lu√≠s,Assa√≠ S√£o Luis Turu. Telefone: (98) 3131-3650. Televendas: (98) 3131-3651 | 3131-3652. Whatsapp: (98) 9158-0494. Endere√ßo: Av S√£o Luis Rei de Fran√ßa Sn ...,,
Atacad√£o Textil (@atacadaotextil_) - Instagram,Telefone: (98) 98585-3980,,
Exposi√ß√£o Goi√¢nia Fashion (@exposicaogf),"Encontre-nos no endere√ßo Av dos Holandeses, no bairro em S√£o Lu√≠s. N√£o Informado √© o CEP da nossa localiza√ß√£o. Observe as avalia√ß√µes que os usu√°rios do ...",Telefone: (98) 3253-9017,,
S√£o Lu√≠s,"Qual o endere√ßo da empresa MARANHAO COSMETICOS ATACADISTA LTDA ? AVENIDA DOS HOLANDESES/CONS.HILTON, S/N QUADRA04 LOTE 05 - CALHAU, SAO LUIS, MA."
ws.atacadista,"A empresa est√° localizada no bairro MA - Jardim S√£o Crist√≥v√£o e no endere√ßo R. Nova Betel, Quadra 115 - Jardim S√£o Cristov√£o, S√£o Lu√≠s - MA, 65055-370, Brazil , ..."
"Ibyte: Eletr√¥nicos, Pcs, Notebooks, √Åudio, V√≠deo e mais"
S√£o Lu√≠s,Assa√≠ S√£o Luis Turu. Telefone: (98) 3131-3650. Televendas: (98) 3131-3651 | 3131-3652. Whatsapp: (98) 9158-0494. Endere√ßo: Av S√£o Luis Rei de Fran√ßa Sn ...,,
Tudo Moda Atacado e Varejo,Telefone: (13) 99630-6475,,
S√£o Lu√≠s,Assa√≠ S√£o Luis Turu. Telefone: (98) 3131-3650. Televendas: (98) 3131-3651 | 3131-3652. Whatsapp: (98) 9158-0494. Endere√ßo: Av S√£o Luis Rei de Fran√ßa Sn ...,,
Distribuidora Maranh√£o (@distribuidoramaranhao)
DJ SLZ¬ÆÔ∏è - Web Magazine (@portaldjslz)
FORTALEZA MODAS ATACADO (@rmatacad),"Voc√™ nos localiza no endere√ßo Avenida dos Franceses, no bairro Vila Ivar Saldanha em S√£o Lu√≠s, MA e conferir as outras unidades abaixo. Acaso pretenda enviar- ...",Telefone: (98) 3271-6351,,
Moda Colmeia Oficial (@modacolmeia),Telefone: (98) 3259-7091,,
JULIANA MODAS ATACADISTA (@julianamodas.atacado),Telefone: (98) 98347-7129,,
Mercado Central - O que saber antes de ir (ATUALIZADO ...
Supermercados S√£o Luis (@supermercados_saoluis),Telefone: (98) 3236-7791,,
Mapa
Mercado Central - O que saber antes de ir (ATUALIZADO ...
Mercado das Tulhas
"Feira Do S√£o Francisco, S√£o Luis-Ma"
Supermercado Universo (@supermercadouniverso),Telefone: (98) 3012-6354,,
Emp√≥rio Fish - Peixaria / S√£o Lu√≠s ‚öìÔ∏è (@emporiofish.ma)
Supermercado JP - Bairro de F√°tima em S√£o Lu√≠s/MA,"Qual o endere√ßo da empresa J P DE SOUSA MINIMERCADO LTDA ? PRACA DO MERCADO, 21 - FATIMA, SAO LUIS, MA. Qual ...","Contatos. E-mail: [email protected] (Enviar E-mail). Telefone(s): (98) 3241-0569 (Ligar). Localiza√ß√£o. Logradouro: Praca Do Mercado, 21. Bairro: Fatima.",,
Ofertas Grupo Mateus - Encartes e Promo√ß√µes,Telefone: (98) 2108-3400,,
Mercado do Vinhais
S√£o Lu√≠s Shopping
Mapa
S√£o Luiz Express ‚îÇTransporte de cargas e encomendas
Mercado das Tulhas,"6 de jun. de 2022 ‚Äî O endere√ßo da Feira da Praia Grande √© R. da Estrela, 184, Centro, S√£o Lu√≠s - MA, 65010-200. Confira as op√ß√µes de hor√°rios de √¥nibus com pontos ..."
"SUPERMERCADO FELIX em S√£o Lu√≠s, MA - Econodata"
Feira da Praia Grande,"6 de jun. de 2022 ‚Äî O endere√ßo da Feira da Praia Grande √© R. da Estrela, 184, Centro, S√£o Lu√≠s - MA, 65010-200. Confira as op√ß√µes de hor√°rios de √¥nibus com pontos ...",Telefone: (98) 3231-0305,,
Mateus Mais - Compre nas lojas do Grupo Mateus - Grupo ...,Telefone: (98) 3311-7215,,
"SUPERMERCADO J B em S√£o Lu√≠s, MA","Contatos. Telefone(s): (98) 98226-3481 (Ligar) (Whatsapp). Localiza√ß√£o. Logradouro: Rua Raul Azevedo (Sitio Campinas), 03. Complemento: Quadrad. Bairro: Sao ...",,

"Arte, Cultura, Hist√≥ria e Gastronomia. (@emporiocasareal)",Telefone: (98) 99105-2691,,
Emp√≥rio D√∂ll S√£o Luis (@emporiodollsaoluis) - Instagram,Telefone: (98) 99156-6954,,
Emp√≥rio Fish - Peixaria / S√£o Lu√≠s ‚öìÔ∏è (@emporiofish.ma),Telefone: (98) 98582-4500,,
S√£o Lu√≠s Shopping
L's Store ‚ú® (@ls__storeee),"Qual o endere√ßo da empresa L S COMERCIO E SERVICOS LTDA ? AVENIDA DANIEL DE LA TOUCHE, 13 LOJA 12 PARQUE SHALON QUADRA03 - COHAMA, SAO LUIS, MA. Qual o ...","Contatos. Telefone(s): (98) 3231-4105 (Ligar). Localiza√ß√£o. Logradouro: Avenida Sao Luis Rei de Franca, 8. Complemento: Quadra: A 108-Piso L 1; ...",,
emporium saint louis representacoes - Consulta Empresa
Mercado das Tulhas
Emp√≥rio O Dom | Al√©m da carne (@emporioodom)
DISTRIBUIDORA (@armazemsaoluis) - Armaz√©m S√£o Lu√≠s
Emp√≥rio do Paiva (@emporiodopaiva)
KI-PAP√âIS & EMBALAGENS,"Veja abaixo nossas informa√ß√µes de contato, como nosso telefone e endere√ßo. Avenida dos Franceses, 203 no Bairro: Vila Palmeira Cidade: S√£o Lu√≠s, Maranh√£o.",Telefone: (98) 98188-4402,,
Emporio Scuba üç∫ (@scuba_africanos),"Qual o endere√ßo Emp√≥rio scuba _Vp Alemanha? Av. dos Franceses, n150 - Vila Palmeira, S√£o Lu√≠s - MA, 65036-281, Brazil, CEP 65036-281, Brasil."
Armaz√©m do Chef - Comida & Arte (@armazemdochef),Telefone: (98) 98119-0737,,
S√£o Luiz Express ‚îÇTransporte de cargas e encomendas
Emporio fish gourmetüé£ (@emporiofishgourmet)
Emp√≥rio das Carnes (@emporiodascarnesslz),SAO LUIS. Estado: MA. Email: RGONDIMPEIXOTO@GMAIL.COM. Telefone: 98 991247373 Whatsapp. CNAE Principal: 4722901 - Com√©rcio varejista de carnes - a√ßougues. CNAEs ...,,
MASSAMOR Buffet e Catering (@massamorslz),Telefone: (98) 98536-3999,,
Emp√≥rio das meias oficial (@emporiodasmeias110),"Qual o endere√ßo da empresa O EMPORIO DAS MEIAS LTDA ? AVENIDA DANIEL DE LA TOUCHE, LOJA 211 D / E, 987 - MARANHAO NOVO, SAO LUIS, MA. Qual o telefone da ...","Contatos. Telefone(s): (98) 3227-5875 (Ligar). Localiza√ß√£o. Logradouro: Avenida Sao Luis Rei de Franca, 8. Complemento: Rio Anil Shopping Loja 1053.",,
Lopes M√°quinas e Equipamentos (@lopes_maquinas)
Armaz√©m Para√≠ba (@armazemparaibaoficial) - Instagram,Telefone: (98) 3232-5919,,
Dona Licor Acess√≥rios e Bijoux
Manda√≠ Delivery ‚Äì Delivery de Bebidas em S√£o Lu√≠s,"A empresa est√° localizada no bairro MA - Parque Shalon e no endere√ßo Av. da Paz, Quadra 13 - N¬∫ 2 - Parque Shalon, S√£o Lu√≠s - MA, 65072-570, Brazil ,CEP 65072- ...",Telefone: (98) 99109-0976,,
ITALIA WINEBAR (@it.winebar) ‚Ä¢ Instagram photos and videos,Telefone: (98) 97021-0535,,
Casa Adega - SLZ (@casa_adegaslz)
C√≥rdoba Wine
Azeite & Sal PRAIA üíö (@azeiteesalpraia)
Dona Licor Maiob√£o‚ú® (@donalicor.maiobao)
LS Distribuidora (@lsdistribuidora_),"Qual o endere√ßo da empresa L S COMERCIO E SERVICOS LTDA ? AVENIDA DANIEL DE LA TOUCHE, 13 LOJA 12 PARQUE SHALON QUADRA03 - COHAMA, SAO LUIS, MA. Qual o ..."
Blue Tree Towers S√£o Lu√≠s | A sua op√ß√£o ...,Telefone: (98) 2106-0505,,
Baruk eletronicos üéßüíª‚å®Ô∏è (@barukimportslz),"SAO LUIS - MA 65055-285. Contatos. Telefone(s): (98) 98152-7974; Correio eletr√¥nico: georgetowngalant@hotmail.com. S√≥cio. C√≥digo, CPF***027253**. Nome ...",,
Baruc Eventos
Baruk eletronicos üéßüíª‚å®Ô∏è (@barukimportslz),Telefone: (98) 99976-0636,,
"Baruc - Bar e Restaurante, S√£o Lu√≠s"
SUKERIA DO MINEIRO (@sukeriadomineiro) - Instagram,Telefone: (98) 99193-7949,,
Desfrut üå¥ (@desfrutslz) - Cohajap
Casa de Sucos Mais Sabor (@casadesucos_slz),Telefone: (98) 98282-3538,,
Casa de Sucos Mix - Natural de Verdade (@casadesucosmix),Telefone: (98) 98523-0503,,
Desfrut üå¥ (@desfrutslz) - Cohajap
A√áA√ç CONCEPT S√ÉO LUIS (@acaiconcept.saoluis)
Casa de Sucos Mix - Natural de Verdade - Instagram
Suco Gold (@sucogoldslz) ‚Ä¢ Instagram photos and videos,Telefone: (98) 98627-0726,,
Guaran√° Naturale (@guarananaturale),Telefone: (98) 3271-6498,,
Suk√™ro Juice Bar (@sukeroslz),"Qual o endere√ßo Suk√™ro Juice bar Centro? Pra√ßa Gomes de Sousa - Centro, S√£o Lu√≠s - MA, 65010-600, Brazil, CEP 65010-600, Brasil.",Telefone: (98) 98521-3281,,
Menos 15 Graus - Polpas de Frutas | (98) 3236-3959,"Qual o endere√ßo Menos 15 Graus - Polpas de Frutas S√£o Lu√≠s MA? ... Avenida Jer√¥nimo de Albuquerque, Curva do Noventa, 15 - Vinhais, S√£o Lu√≠s - MA, 65000-000, ..."
