Fábrica De Castanha,"Educandos, Manaus - State of Amazonas, 69070-650, Brazil"
Emporio da castanha,"Rua dos bares, R. Cel. Sérgio Pessoa, 170 - Centro, Manaus - AM, 69005-020, Brazil"
EMPÓRIO DEMASI - CD,"CD Emporio Demasi Alameda cosme ferreira,631, Galpão 4A - Galpao 4 -A - Aleixo, Manaus - AM, 69083-000, Brazil"
Empório Grãos e Saúde,"R. Havana, 264 - quadra 247 - Cidade Nova, Manaus - AM, 69097-225, Brazil"
Empório Fragoso Mercado,"R. Voluntários da Pátria, 466 - Vila da Prata, Manaus - AM, 69030-520, Brazil"
Delícias Manauara | Bombons Regionais de Cupuaçu e Castanha,"R. Castro Alves, 315 - Aleixo, Manaus - AM, 69060-040, Brazil"
Original Nutts,"R. Carmen Miranda, 1140 - Cachoeirinha, Manaus - AM, 69065-160, Brazil"
Dona Marlene Produtos Regionais,"Produção - R. José Paranaguá, 540 - Casa Rosa - Centro, Manaus - AM, 69005-130, Brazil"
Empório Di Grano Djalma Batista,"Av. Djalma Batista, 3333 - Chapada, Manaus - AM, 69050-010, Brazil"
Grains Brazil,"Dentro do Salmo 91 - Av. Torquato Tapajós, n° 1052 - Flores, Manaus - AM, 69058-830, Brazil"
House of Peanuts,"Av. Dom Pedro I, 38 - Dom Pedro, Manaus - AM, 69040-040, Brazil"
Nutty Bavarian,"Av. Mário Ypiranga, 1300 - Adrianópolis, Manaus - AM, 69057-002, Brazil"
dr doces & derivados,"Tv. Tanzânia, 113 - Pres. Vargas, Manaus - AM, 69025-370, Brazil"
Reigionais,"Av. Cel. Cyrillo Neves, 31 - Compensa, Manaus - AM, 69035-360, Brazil"
Casinha do Regional,"Prof Maria de Lourdes 113 Rua Prof Maria de Lourdes 113 Auvorada1, Manaus - AM, 69043-670, Brazil"
Armazém e Empório Adolpho Lisboa,"Rua Rocha dos Santos, 59 - Centro, Manaus - AM, 69005-060, Brazil"
Uarini Grãos Dourados farinha ovinha,"R. Silva Ramos, 972 - Centro, Manaus - AM, 69025-030, Brazil"
Maria Dondoca - Padaria Saudável,"Rua guanapuris, 45, Av. Compensa, 1 - Compensa, Manaus - AM, 69030-450, Brazil"
GRUPO CIEX,"R. Guilherme Moreira, 162 - Centro, Manaus - AM, 69005-300, Brazil"
Sabores do Campo Empório Produtos Regionais da Amazônia,"Rua Nova Prata, 98 - Nossa Sra. das Gracas, Manaus - AM, 69053-010, Brazil"
Noz do Brasil - Produtos Naturais - Vila Prudente SP,"R. Amparo, 453 - Vila Prudente, São Paulo - SP, 03151-060, Brazil"
EMPÓRIO DEMASI - CD,"CD Emporio Demasi Alameda cosme ferreira,631, Galpão 4A - Galpao 4 -A - Aleixo, Manaus - AM, 69083-000, Brazil"
Empório Rio Negro - Monte das Oliveiras,"Av. Preciosa, 427 - Monte das Oliveiras, Manaus - AM, 69093-119, Brazil"
Arte di Latte,"Av. Mario Ypiranga, 1300 MIK 718 - Adrianópolis, Manaus - AM, 69057-002, Brazil"
BANANA CHIPS AMAZONAS,"R. São João, 212 - Cidade de Deus, Manaus - AM, 69099-268, Brazil"
Banana & Cia,"Av. Margarita, 2382 - Cidade Nova, Manaus - AM, 69097-305, Brazil"
Feira Moderna da Banana de Manaus,"R. Pedro Botelho, 35 - Centro, Manaus - AM, 69005-100, Brazil"
Atacadão da Banana,"R. Jaçanã, 304 - Joao Paulo, Manaus - AM, 69088-411, Brazil"
Feria da banana,"R. dos Barés - Centro, Manaus - AM, 69005-020, Brazil"
Ponto Da Banana Frita Na Hora,"Av. Marquês da Silveira, 260 - Raiz, Manaus - AM, 69065-032, Brazil"
Vena da banana,"R. dos Barés - Centro, Manaus - AM, 69005-020, Brazil"
Puesto de banana el venezolano,"R. Itoliana, 390 - Compensa,-3,0898989, -60,0576891, Manaus - AM, 69037, Brazil"
Compra E Venda De Banana,"R. dos Barés, 361 - Centro, Manaus - AM, 69005-020, Brazil"
Empório DB Recife,"Av. Mário Ypiranga, 799 - Adrianópolis, Manaus - AM, 69057-001, Brazil"
Empório DB - Ephigênio Salles 24hr,"Av. Efigênio Salles, 200 - Adrianópolis, Manaus - AM, 69057-050, Brazil"
Superatacado Coema,"Av. Camapuã, 2239 - Cidade Nova V, Manaus - AM, 69097-720, Brazil"
Pátio Gourmet - Adrianópolis,"Rua Terezina, 351 - Adrianópolis, Manaus - AM, 69057-070, Brazil"
Empório DB,"Av. Coronel Teixeira, 5850 - Ponta Negra, Manaus - AM, 69037-000, Brazil"
Empório P10,"Av. Ivanete Machado, 940 - Sala 02 - Parque Dez de Novembro, Manaus - AM, 69055-750, Brazil"
EMPÓRIO DEMASI - CD,"CD Emporio Demasi Alameda cosme ferreira,631, Galpão 4A - Galpao 4 -A - Aleixo, Manaus - AM, 69083-000, Brazil"
Empório Di Grano - Campos Eliseos,"Conjunto Campos Eliseos - Av. Des. João Machado, 13b - Quadra 7 - Planalto, Manaus - AM, 69044-000, Brazil"
Hiper DB Nova Cidade,"Av. Margarita, 1359 - Cidade Nova, Manaus - AM, 69097-305, Brazil"
Armazém Português,"próximo a Feira da Banana - R. Barão de São Domingos, 262 - Loja 05 - Centro, Manaus - AM, 69005-010, Brazil"
Hiper DB Ponta Negra,"Av. Coronel Teixeira, 7687 - Nova Esperança, Manaus - AM, 69037-700, Brazil"
Atacadão - Manaus Moderna,"Av. Lourenço da Silva Braga, 1640 - Centro, Manaus - AM, 69005-015, Brazil"
Pátio Gourmet Pátio Djalma,"Av. Djalma Batista, 1375 - Chapada, Manaus - AM, 69053-000, Brazil"
DB hypermarket St. Anthony,"Av. Padre Agostinho Caballero Martin, 2462 - Santo Antônio, Manaus - AM, 69029-120, Brazil"
Pare e Leve,"Rua Rocha dos Santos, 95 - Centro, Manaus - AM, 69005-060, Brazil"
Panorte,"R. Arapuá, 373 - Cidade Nova, Manaus - AM, 69093-761, Brazil"
Hiper DB,"Av. Noel Nutels, 1762 - Cidade Nova, Manaus - AM, 69093-770, Brazil"
Empório Di Grano Adrianópolis,"Av. Umberto Calderaro, 1061 - Loja 1 - Adrianópolis, Manaus - AM, 69057-015, Brazil"
Empório Di Grano Djalma Batista,"Av. Djalma Batista, 3333 - Chapada, Manaus - AM, 69050-010, Brazil"
Atacadão - Manaus Educando,"Av. Leopoldo Peres, 646 - Educandos, Manaus - AM, 69070-250, Brazil"
Sabores da Amazônia (Box do Caju),"Mercado Municipal Adolpho Lisboa - R. dos Barés, 46 - BOX 22 - Centro, Manaus - AM, 69005-020, Brazil"
CAJU BRASIL by Renata Riatto,"Academia New Fit Sumaúma, Av. Noel Nutels, 1762 - Cidade Nova, Manaus - AM, 69095-000, Brazil"
CajuIdeas,"R. Belo Horizonte, 09 - Adrianópolis, Manaus - AM, 69057-060, Brazil"
LAVA JATO DO CAJU,"R. Herculano Pena, 12 - Cidade Nova, Manaus - AM, 69097-752, Brazil"
Emporio da castanha,"Rua dos bares, R. Cel. Sérgio Pessoa, 170 - Centro, Manaus - AM, 69005-020, Brazil"
Calzoon Sumaúma Park Shopping,"Av. Noel Nutels, 1762 - Cidade Nova, Manaus - AM, 69095-000, Brazil"
Atacadão - Manaus Grande Circular,"próximo ao CD - Riachuelo - Av. Autaz Mirim, 3330 - Loja 01 - Zumbi II, Manaus - AM, 69084-005, Brazil"
Atacado Manaus - Distribuidora,"Cond Forest Hill R3 C37 - Av. Torquato Tapajós, N 7726 - Colônia Terra Nova, Manaus - AM, 69093-900, Brazil"
Atacadão - Manaus Moderna,"Av. Lourenço da Silva Braga, 1640 - Centro, Manaus - AM, 69005-015, Brazil"
Wholesale Skina,"Av. Epaminondas, 92 - Centro, Manaus - AM, 69010-090, Brazil"
Atacadão - Manaus Cidade Nova,"Av. Max Teixeira, 3851 - Cidade Nova, Manaus - AM, 69090-002, Brazil"
Atacadão Norte,"R. Marcílio Dias, 121 E - Centro, Manaus - AM, 69005-270, Brazil"
Atacado,"Av. Cosme Ferreira, 6230 - Zumbi dos Palmares, Manaus - AM, 69082-230, Brazil"
Atacadão Japiim,"Av. Rodrigo Otávio, 900 - Japiim, Manaus - AM, 69077-000, Brazil"
Atacadão - Manaus Educando,"Av. Leopoldo Peres, 646 - Educandos, Manaus - AM, 69070-250, Brazil"
Assaí Manaus - Aleixo,"Avenida Ephigênio Salles, 2045 - Aleixo, Manaus - AM, 69060-020, Brazil"
Tropical Atacadão,"R. Miranda Leão, 251 - Centro, Manaus - AM, 69005-040, Brazil"
Atacadista,"Av. Coronel Teixeira, 5709 - Santo Agostinho, Manaus - AM, 69037-000, Brazil"
Atacadão Nalin,"R. Alexandre Magno, 22 - Parque 10 de Novembro, Manaus - AM, 69054-723, Brazil"
Atacadão Manaós,"Rua Leovegildo Coêlho, 140 - Centro, Manaus - AM, 69005-180, Brazil"
Shopping Do Atacado,"Av. Joaquim Nabuco, 93 - Centro, Manaus - AM, 69005-080, Brazil"
Atacadão Ellite Modas,"Rua Rocha dos Santos, 172 - Centro, Manaus - AM, 69005-060, Brazil"
"Importadora Hollywood: Atacadão de Bolsas, Malas, Mochilas, Bagagem e Variedades em Manaus - AM (Atacado e Varejo)","R. Marcílio Dias, 284 - Centro, Manaus - AM, 69005-270, Brazil"
Assaí Atacadista,"Av. Autaz Mirim, 8755 - Novo Aleixo, Manaus - AM, 69099-045, Brazil"
T&S Atacadista,"R. Marcílio Dias - Centro, Manaus - AM, 69005-110, Brazil"
Aviz Fashion - Manaus Wholesale and Retail,"Av. Cel. Sávio Belota, N° 66 - Novo Aleixo, Manaus - AM, 69099-096, Brazil"
Mercado Municipal Adolpho Lisboa,"R. dos Barés, 46 - Centro, Manaus - AM, 69009-365, Brazil"
"Nova Era Compensa: Supermercado, Hortifruti, Peixes, Carnes em Manaus AM","Av. Brasil, 15 - Santo Antônio, Manaus - AM, 69029-040, Brazil"
Vitória Supermercados,"Av. Rodrigo Otávio, 1111 - Japiim, Manaus - AM, 69067-005, Brazil"
Supermercado Veneza,"Av. Tancredo Neves, 915 - Parque 10 de Novembro, Manaus - AM, 69054-700, Brazil"
Supermercados CO – unidade Compensa,"Av. Cel. Cyrillo Neves, 11-B - Compensa, Manaus - AM, 69036-605, Brazil"
"Nova Era Torres: Supermercado, Hortifruti, Peixes, Carnes em Manaus AM","Av. Gov. José Lindoso, 230 - Novo Aleixo, Manaus - AM, 69098-129, Brazil"
Supermercado CO - unidade CENTRO,"Esquina com a - Avenida Constantino Nery, R. Tarumã, 218 - Centro, Manaus - AM, 69010-160, Brazil"
Assaí Manaus - Aleixo,"Avenida Ephigênio Salles, 2045 - Aleixo, Manaus - AM, 69060-020, Brazil"
Carrefour Hypermarket Manaus Adrianópolis,"Av. Umberto Calderaro, 203 - Adrianópolis, Manaus - AM, 69057-015, Brazil"
Emporium Rodrigues,"Av. João Valério, 291 - Nossa Sra. das Graças, Manaus - AM, 69053-540, Brazil"
Mercadinho Gustavo - São Raimundo Manaus Amazonas,"R. Cinco de Setembro, 580 - São Raimundo, Manaus - AM, 69027-010, Brazil"
Carrefour Hypermarket Manaus Ponta Negra,"Condomínio Parque São Jose - Av. Pedro Teixeira, 52 - Lote B - Dom Pedro, Manaus - AM, 69040-000, Brazil"
Supermercado Fortaleza,"Av. Jorge Biváqua, 48 - Japiim, Manaus - AM, 69078-100, Brazil"
Vitória Supermercados,"Av. Marquês de Santa Cruz, 176 - Centro, Manaus - AM, 69005-400, Brazil"
Floripes Supermarket,"R. João Paulo I, 23 - Alvorada 2, Manaus - AM, 69042-210, Brazil"
"Nova Era Compensa Ponte: Supermercado, Hortifruti, Peixes, Carnes em Manaus AM","Estr. da Estanave, 583 - Compensa, Manaus - AM, 69035-291, Brazil"
Supermercado Bastos Petrópolis,"R. Benjamin Constant, 537 - Petrópolis, Manaus - AM, 69063-010, Brazil"
"Nova Era Silves: Supermercado, Hortifruti, Peixes, Carnes em Manaus AM","Av. Silves, 1783 - Crespo, Manaus - AM, 69073-175, Brazil"
Supermercado São Paulo,"R. Francisco Carretti, 22 - São Jorge, Manaus - AM, 69033-180, Brazil"
Supermercados Bastos praça 14,"Av. Codajás, 1441 - Cachoeirinha, Manaus - AM, 69020-190, Brazil"
Emporium Rodrigues,"Av. João Valério, 291 - Nossa Sra. das Graças, Manaus - AM, 69053-540, Brazil"
Empório DB Recife,"Av. Mário Ypiranga, 799 - Adrianópolis, Manaus - AM, 69057-001, Brazil"
Fruit Emporium,"R. A 8, 20 - Adrianópolis, Manaus - AM, 69057-760, Brazil"
Empório DB - Ephigênio Salles 24hr,"Av. Efigênio Salles, 200 - Adrianópolis, Manaus - AM, 69057-050, Brazil"
Empório Di Grano Adrianópolis,"Av. Umberto Calderaro, 1061 - Loja 1 - Adrianópolis, Manaus - AM, 69057-015, Brazil"
EMPÓRIO DEMASI - CD,"CD Emporio Demasi Alameda cosme ferreira,631, Galpão 4A - Galpao 4 -A - Aleixo, Manaus - AM, 69083-000, Brazil"
Empório DB,"Av. Coronel Teixeira, 5850 - Ponta Negra, Manaus - AM, 69037-000, Brazil"
Emporium Sempre Saudável,"R. Manoel Marques de Souza, 238 - Parque Dez de Novembro, Manaus - AM, 69055-240, Brazil"
Empório Di Grano Djalma Batista,"Av. Djalma Batista, 3333 - Chapada, Manaus - AM, 69050-010, Brazil"
Empório de Produtos Naturais Mundo do Cereal - Manaus,"Av. Francisco Queiroz, 35A - Cidade Nova, Manaus - AM, 69090-741, Brazil"
Emporio bread,"R. Antônio Garganta, 36 - Eldorado, Manaus - AM, 69050-382, Brazil"
Empório Di Grano - Campos Eliseos,"Conjunto Campos Eliseos - Av. Des. João Machado, 13b - Quadra 7 - Planalto, Manaus - AM, 69044-000, Brazil"
Empório Recanto Dos Grãos,"Av. Tancredo Neves, 620 - Parque 10 de Novembro, Manaus - AM, 69054-040, Brazil"
Empório Oriental,"Av. Prof. Nilton Lins, 219 - Flores, Manaus - AM, 69058-030, Brazil"
EMPÓRIO DEMASI - QUIOSQUE MANAUARA SHOPPING,"Av. Mário Ypiranga, 1300 - Adrianópolis, Manaus - AM, 69057-002, Brazil"
Empório Grãos e Saúde,"R. Havana, 264 - quadra 247 - Cidade Nova, Manaus - AM, 69097-225, Brazil"
Sabores do Campo Empório Produtos Regionais da Amazônia,"Rua Nova Prata, 98 - Nossa Sra. das Gracas, Manaus - AM, 69053-010, Brazil"
Armazém e Empório Adolpho Lisboa,"Rua Rocha dos Santos, 59 - Centro, Manaus - AM, 69005-060, Brazil"
Empório Gourmet Boulevard,"Rod. Álvaro Maia - São Geraldo, Manaus - AM, 69053-350, Brazil"
Pátio Gourmet - Adrianópolis,"Rua Terezina, 351 - Adrianópolis, Manaus - AM, 69057-070, Brazil"
Raul Conveniência e Distribuidora,"R. Rio Urariá - Petrópolis, Manaus - AM, 69067-512, Brazil"
Lord Bebidas,"R. Dr. Thomás, 17 - Nossa Sra. das Graças, Manaus - AM, 69053-035, Brazil"
Top Internacional Castelinho,"R. São Luíz, 139 - Adrianópolis, Manaus - AM, 69057-250, Brazil"
Erva Drinks,"R. Lauro Cavalcante, 271 - Centro, Manaus - AM, 69020-230, Brazil"
Elite Drinks Manaus,"Cj Campos Eliseos, Av. Dublin, 930 - Planalto, Manaus - AM, 69045-080, Brazil"
Cachaçaria do Dedé & Empório,"Av. Coronel Teixeira, 5705 - 04.1 - Ponta Negra, Manaus - AM, 69037-000, Brazil"
Mercearia São Benedito - Licor Carraspana,"Avenida Tefé, Vila São João, 940 - Praça 14 de Janeiro, Manaus - AM, Brazil"
Dist. Licor express,"Av. Guarani, 3 - Novo Israel, Manaus - AM, 69093-392, Brazil"
ILÊ AXÉ OBA BARU,"R. Iguatu, 359 - Redenção, Manaus - AM, 69047-730, Brazil"
Skina dos Sucos,"Av. Eduardo Ribeiro, 629 - Centro, Manaus - AM, 69010-001, Brazil"
Skina dos Sucos,"Av. Sete de Setembro, 1184 - Centro, Manaus - AM, 69005-140, Brazil"
Oásis do Coco,"R. Jorge Veiga, 390 - Parque Dez de Novembro, Manaus - AM, 69050-520, Brazil"
"Lanche do Careca Lindo,Matriz Praça 14 de Janeiro","Av. Visc. de Porto Alegre, 1543 B - Praça XIV, Manaus - AM, 69020-130, Brazil"
Lanchonete Suco Mix,"Av. Constantinopla, 200 - Campos Elíseos, Manaus - AM, 69045-000, Brazil"
Skina dos sucos,"R. Barroso, 186 - Centro, Manaus - AM, 69010-050, Brazil"
Canecão lanche e pizzaria,"Av. Itacoatiara, 300 - Cachoeirinha, Manaus - AM, 69065-090, Brazil"
+ Suco,"Manaus Plaza Shopping, Av. Djalma Batista - Chapada, Manaus - AM, 69055-038, Brazil"
Point do Guaraná,"Av. Dom Pedro I, 391 - Dom Pedro, Manaus - AM, 69040-040, Brazil"
Suco,"Av. Getúlio Vargas, 269 - Centro, Manaus - AM, 69400-236, Brazil"
MANO Hotdogs e Sucos,"R. Alexandre Magno, 839 - Parque 10 de Novembro, Manaus - AM, 69054-732, Brazil"
Amazonia Polpas,"R. Ponta Grossa, 33 - Colônia Oliveira Machado, Manaus - AM, 69074-190, Brazil"
Kanto do Guaraná e Acaí,"Av. Floriano Peixoto, 219 - Loja 16 - Centro, Manaus - AM, 69005-070, Brazil"
"BOALI - Alimentação Saudável - Restaurante de Saladas, Wraps, Crepes, Bowls, Burritos, Sanduíches, Sucos e Sobremesas","Av. Djalma Batista, 482 - Loja 354 - Parque 10 de Novembro, Manaus - AM, 69050-902, Brazil"
Nutrisucos,"R. Profa. Percília de Oliveira, 11 - São José Operário, Manaus - AM, 69086-550, Brazil"
Natu Suco Sucos Naturais,"R. Ajuricaba, 293 - Aleixo, Manaus - AM, 69083-020, Brazil"
Energia Lanche,"Av. Ayrão, 777 - Centro, Manaus - AM, 69025-005, Brazil"
JSK Burgers - Adrianópolis,"Av. Umberto Calderaro, 624 - Adrianópolis, Manaus - AM, 69057-015, Brazil"
Lanche do Pará,"R. Emílio Moreira, 208 - Centro, Manaus - AM, 69020-245, Brazil"
Jsk Burgers,"Posto 3000 - Ao lado do Pátio Gourmet - Av. Djalma Batista, 935 - Loja 4 - São Geraldo, Manaus - AM, 69053-550, Brazil"
Empório de Produtos Naturais Mundo do Cereal - Manaus,"Av. Francisco Queiroz, 35A - Cidade Nova, Manaus - AM, 69090-741, Brazil"
Feira da APOAM,"Av. Maceió, 460 - Adrianópolis, Manaus - AM, 69057-010, Brazil"
Divina Terra Manaus,"Av. Djalma Batista, 935 - São Geraldo, Manaus - AM, 69053-355, Brazil"
Feira de Vegetais Orgânicos da Rema na Assinpa.,"Av. da Lua, s/n - Aleixo, Manaus - AM, 69055-010, Brazil"
Whey Nature Mercado Saudável,"R. Rio Mar, 497 - Nossa Sra. das Graças, Manaus - AM, 69053-120, Brazil"
Empório Flora Pura - Produtos naturais,"Amazonas Shopping Center - Av. Djalma Batista, 482 - 1° andar - Chapada, Manaus - AM, 69050-010, Brazil"
Aroma - Produtos Naturais da Amazônia,"R. 18, 384 - Japiim, Manaus - AM, 69077-190, Brazil"
Loja de Produtos Naturais Aramac,"R. Cel. Ferreira de Araújo, 177 - Petrópolis, Manaus - AM, 69063-000, Brazil"
"Estrela de Anis - Loja de Produtos Naturais, Chás e Alimentação Saudável","Av. Ivanete Machado, 3 - Parque Dez de Novembro, Manaus - AM, 69055-290, Brazil"
Empório Di Grano Adrianópolis,"Av. Umberto Calderaro, 1061 - Loja 1 - Adrianópolis, Manaus - AM, 69057-015, Brazil"
Banca da Japonesa - Ervas e plantas medicinais,"Banca da Japonesa, Mercado Adolpho Lisboa - Av. Lourenço da Silva Braga, box 15, 21, 23,24 - Centro, Manaus - AM, 69005-020, Brazil"
"Cesta Verde Dona Walda/Legumes, Verduras e Frutas Orgânicas","R. dos Jasmins - Aleixo, Manaus - AM, 69083-260, Brazil"
Dreamhouse - Rosenilda Pinheiro,"R. 42, 886 - Japiim, Manaus - AM, 69077-430, Brazil"
MANAUS PURA ERVAS,"R. Cel. Sérgio Pessoa, 115 - Centro, Manaus - AM, 69005-030, Brazil"
Equilíbrio Empório & Produtos Naturais,"Rua Professor Cláudio Portilho 365, Bloco C, Loja 3, Eliza Miranda Mall Praça central do Eliza Miranda Mall Distrito, Manaus - AM, 69077-743, Brazil"
Nação Verde - Manaus,"R. Padre José de Anchieta, 2170 - Dom Pedro, Manaus - AM, 69040-150, Brazil"
Bio Mundo Produtos Naturais,"Av. Mário Ypiranga, 1300 - Loja 42 - Adrianópolis, Manaus - AM, 69057-002, Brazil"
Empório Flora Pura,"Av. Mário Ypiranga, 1300 - Adrianópolis, Manaus - AM, 69053-165, Brazil"
Cocar & Co.,"Rua Barão de Jaceguai, qd27 - Sala C - Flores, Manaus - AM, 69058-180, Brazil"
Empório do Natural,"R. Adalberto Vale, 53 - Betânia, Manaus - AM, 69073-040, Brazil"
Galeria Cristal Manaus,"Av. Umberto Calderaro, 455 - Adrianópolis, Manaus - AM, 69057-021, Brazil"
Boken Café - Cristal Tower / Manaura Shopping,"Av. Umberto Calderaro - Adrianópolis, Manaus - AM, 69057-015, Brazil"
Bacozon Galeria Cristal,"Av. Umberto Calderaro - Adrianópolis, Manaus - AM, 69057-015, Brazil"
Panificadora Cristal - Japiim,"Fabio Lucena, 53 - Japiim, Manaus - AM, 69076-800, Brazil"
Topp Cristalizado,"Rua Luiz Antony, 559 - Aparecida, Manaus - AM, 69010-100, Brazil"
"CDL Laboratório VIP Cristal Tower: Exames laboratoriais, Exame de sangue, Check up, Coleta domiciliar, Manaus AM","Av. Umberto Calderaro, 455 - Tower Galeria Loja 3, térreo - Adrianópolis, Manaus - AM, 69057-015, Brazil"
CRISTAL CELL Atacado e Acessórios LOJA DE CELULAR,"R. Dr. Castro e Costa - Petrópolis, Manaus - AM, 69067-140, Brazil"
Vini Studio Detalhamento Automotivo,"Av. Maceió, 466 - Adrianópolis, Manaus - AM, 69057-010, Brazil"
Cristal Tower,"Av. Umberto Calderaro, 455 - Adrianópolis, Manaus - AM, 69057-015, Brazil"
Belle Lune Cristais,"Rua Claudio Portílio, 365, Eliza Miranda - Japiim, Manaus - AM, 69077-738, Brazil"
Cristal Poços Artesianos LTDA,"R. Severiano Nunes, 196 - Aleixo, Manaus - AM, 69060-660, Brazil"
Cristal Bijouterias,"R. Quintino Bocaiúva, 205 - Centro, Manaus - AM, 69005-110, Brazil"
Cristal Engenharia,"Av. Umberto Calderaro, 455 18 - º andar, sala 1802 - Adrianópolis, Manaus - AM, 69057-015, Brazil"
Cristal Refrigeração,"R. Comendador Vicente Cruz, 706 - Santo Antônio, Manaus - AM, 69029-090, Brazil"
92Box - Estética Automotiva (Cristal Tower),"Estacionamento - Avenida Umberto Calderaro Filho, 455 Cristal Tower, S2 - Adrianópolis, Manaus - AM, 69057-015, Brazil"
Brigadeiria Cristal,"Rua Neper da Silveira - São Jorge, Manaus - AM, 69033-801, Brazil"
Ponto do Guarana Tropical Lanche,"Av. Noel Nutels, 1217 - Cidade Nova, Manaus - AM, 69096-000, Brazil"
Guaraná Do Klinger,"R. Simão Bolívar, 69 - Centro, Manaus - AM, 69010-130, Brazil"
Guaraná do Índio - Avenida Passarinho,"R. Sabiá, 95 - Monte das Oliveiras, Manaus - AM, 69093-187, Brazil"
Guaraná Do Índio,"Av. Cristã, 91 - Colônia Terra Nova, Manaus - AM, 69039-530, Brazil"
Nosso Guaraná e Cia,"R. Ac. 2, 26 - Coroado, Manaus - AM, 69082-269, Brazil"
Guaraná Expresso Manaus,"Av. Pres. Dutra, n° 376 - Glória, Manaus - AM, 69027-615, Brazil"
Emporio do Guaraná Saterê,"R. Marcílio Dias, 225-255 - Centro, Manaus - AM, 69005-270, Brazil"
Dr. Guaraná,"Av. Noel Nutels, 1762 - Cidade Nova, Manaus - AM, 69095-000, Brazil"
Guaraná & Açaí,"Unnamed Road - Flores, Manaus - AM, 69055-010, Brazil"
Mega Turbo Guaraná,"R. T 7, 13 - Compensa, Manaus - AM, 69035-367, Brazil"
Casa Do Guarana,"Zumbi dos Palmares, Manaus - State of Amazonas, 69082-230, Brazil"
Dr. Guaraná - Millennium Shopping,"Av. Djalma Batista, 1661 - São Geraldo, Manaus - AM, 69050-010, Brazil"
Guaraná sementes da Amazônia,"Av. Max Teixeira, 142 - Col. Santo Antônio, Manaus - AM, 69093-770, Brazil"
Guaraná do irmão,"avenida jonathas pedrosa - Praça 14 de Janeiro, Manaus - AM, 69020-427, Brazil"
Guaraná Top do Almir,"Rua P. do Congresso - Centro, Manaus - AM, 69010-470, Brazil"
Café da manhã Guaraná MAWE,"Rua 24 de Maio, 94 - Centro, Manaus - AM, 69010-080, Brazil"
"Casa de produtos naturais, GUARANÁ EM PÓ","R. Paulo Alves, 05 - Coroado, Manaus - AM, 69082-580, Brazil"
Vitamina de Guaraná em pó GLÓRIA DEUS,"R. Afonso Pena, 698 - Centro, Manaus - AM, 69020-160, Brazil"
Real Bebidas da Amazônia Ltda.,"Av. Maceió, 426 - Adrianópolis, Manaus - AM, 69057-010, Brazil"
Casa do Guaraná,"R. Marcílio Dias, 257 - Centro, Manaus - AM, 69082-540, Brazil"
