Castanha São Luís Maranhão - Delicia´s,"Estr. do KM 14, São Luís - MA, 65010340 MA14 - km20, São Luís - MA, 65010-340, Brazil",
Mercado da Praia Grande,"R. da Estrela, 171-213 - Centro, São Luís - MA, 65010-440, Brazil",
Comercial Castanha,"R. Vinte e Nove, 83 - Forquilha, São Luís - MA, 65055-361, Brazil",
NATURAL PRODUCTS Muniz,"Av. Contorno Leste, 2 - Loja 1B - Cohatrac, São Luís - MA, 25213-005, Brazil",
Empório Pami,"Av. Jerônimo de Albuquerque, 53 - Cohafuma, São Luís - MA, 65071-750, Brazil",
Guaraná Naturale,"Av. dos Expedicionários, 23 - João Paulo, São Luís - MA, 65040-120, Brazil",
"Empório Família Saudável, Temperos, Suplementos, Sem Glúten, Sem lactose, em Cidade Operária","Av. 203, 37 - Loja A - Cidade Operária, São Luís - MA, 65058-181, Brazil",
Produtos Naturais Muniz,"Av. Jerônimo de Albuquerque, 07 - Vinhais, São Luís - MA, 65070-000, Brazil",
Terra Viva Alimentos Naturais,"R. do Sol, 655 - Centro, São Luís - MA, 65590-020, Brazil",
"Produtos Naturais - Empório, Saúde e Vida","Av. Guajajaras, 221 - Loja 02 / Quadra 221 - Jardim São Cristovão, São Luís - MA, 65055-285, Brazil",
Tulhas artesanato e cia,"feira da Praia Grande - R. da Estrela, 184 - Centro, São Luís - MA, 65010-200, Brazil",
Muniz,"Av. dos Holandeses, Quadra 07 - Loja 02 - Calhau, São Luís - MA, 65075-380, Brazil",
Natural Vida Alimentos Funcionais,"Av. Este Duzentos e Três, 2 - Cidade Operária, São Luís - MA, Brazil",
Mercado das Tulhas,"R. da Feira Praia Grande - Centro, São Luís - MA, 65010-490, Brazil",
Central Market,"Av. Guaxenduba, 01 - Centro, São Luís - MA, 65015-560, Brazil",
Temperos da Ilha,"Avenida este unidade, Av. 203, 13 - Cidade Operária, São Luís - MA, 65058-182, Brazil",
Empório Fribal,"Dr. Jackson Kepler Lago, S/N - Ponta D'areia, São Luís - MA, 65077-357, Brazil",
Casa Real Empório,"R. Eng. Couto Fernandes, 59 - Centro, São Luís - MA, 65010-100, Brazil",
Bolo Divinno Bolo,"Av. da Universidade, 31 - Quadra 4 - Cohafuma, São Luís - MA, 65070-650, Brazil",
Casa do amendoim e castanha,"Av. João Pessoa, 355 - Jórdoa, São Luís - MA, 65040-000, Brazil",
NOZ Neurocentro,"R. dos Lótus - Jardim Renascença, São Luís - MA, 65075-480, Brazil",
Praia do Cajueiro,"9JPR+7R - Vila Maranhão, São Luís - MA, Brazil",
Praia do cajueiro,"Praia do cajueiro - Vila Maranhão, São Luís - MA, 65091-009, Brazil",
Cajupe,"Cajupe - São Raimundo, São Luís - State of Maranhão, Brazil",
CajuPary,"9R23+WX - Vila Maranhão, São Luís - MA, Brazil",
Porto Cajueiro - Escritório JCA,"Unnamed Road, São Luís - MA, Brazil",
Sítio e Balneário Recanto do Caju,"Rua da Batalha Primirim, Raposa - MA, 65138-000, Brazil",
Caju,"Caju - São Francisco do Maranhão, State of Maranhão, 65650-000, Brazil",
Cais do Cajupary,"Av. Santa Rosa, São Luís - MA, Brazil",
Cajuré,"Av. Brasil, 702 - Jardim Eldorado, São Luís - MA, 65066-620, Brazil",
Bloco caju Novo tempo 2,"Cohafuma, São Luís - State of Maranhão, Brazil",
Mercado da Praia Grande,"R. da Estrela, 171-213 - Centro, São Luís - MA, 65010-440, Brazil",
Cajupary Bar,"Vila Maranhão, São Luís - State of Maranhão, Brazil",
Petiscaldos,"Av. Daniel de La Touche, 03 - Loja 07 - Cohajap, São Luís - MA, 65074-115, Brazil",
Cafofinho da Tia Dica,"Rua Portugal, R. da Estrela - Centro, São Luís - MA, 65010-480, Brazil",
Campo do Cajupary,"São Luís - State of Maranhão, Brazil",
Cajupary City,"R. Santa Rosa - São Bernardo, São Luís - MA, 65056-040, Brazil",
Barbearia Caju,"R. Tomé de Sousa, 9 - Liberdade, São Luís - MA, 65035-750, Brazil",
Atacadão - São Luiz,"Av. Jerônimo de Albuquerque, 160 - Angelim, São Luís - MA, 65060-645, Brazil",
Atacadão do 12 ( Atacado e Varejo),"Av. Jerônimo de Albuquerque, 40 - Cohab Anil III, São Luís - MA, 65051-210, Brazil",
Atacado Moda Masculina - Shopping Da Ilha,"Av. Daniel de La Touche 987 - | - Cohama CEP: 65074-115 - |, São Luís - MA, 65075-115, Brazil",
Atacadão De Caruarú,"R. Oswaldo Cruz, 100 - Centro, São Luís - MA, 65020-250, Brazil",
Oliveira Atacado,"Av. Jerônimo de Albuquerque - Cohab Anil III, São Luís - MA, 65060-641, Brazil",
Rei das confecções (atacado e varejo),"Rua Osvaldo Cruz / Rua Grande, nº 221 - Centro, São Luís - MA, 65020-251, Brazil",
Assaí Atacadista,"Av. Guajajaras, 270 - São Bernardo, São Luís - MA, 65056-045, Brazil",
Atacadão Têxtil,"Av. Jerônimo de Albuquerque, 1 - Vinhais, São Luís - MA, 65074-380, Brazil",
Goiânia Fashion,"Avenida dos Franceses, R. Santo Antônio, 284, São Luís - MA, 65036-284, Brazil",
Maranhão Atacadista,"Av dos Holandeses, Estr. Velha do Calhau, Lote 05 - S/N - Quadra 04, São Luís - MA, 65071-380, Brazil",
WS.atacadista,"R. Nova Betel, Quadra 115 - Jardim São Cristovão, São Luís - MA, 65055-370, Brazil",
ibyte Atacado Av. Dos Franceses | São Luís MA,"Av. dos Franceses, 168 - Alemanha, São Luís - MA, 65036-281, Brazil",
Assaí Atacadista,"Av. Jerônimo de Albuquerque - Angelim, São Luís - MA, 65060-641, Brazil",
TUDO MODA Renascença,"Centro Comercial Pedra de Ara - R. Perdizes, 01 - Loja 104 - Jardim Renascença, São Luís - MA, 65075-340, Brazil",
Assaí,"Av. São Luís Rei de França, SN - Turu, São Luís - MA, 65065-470, Brazil",
DISTRIBUIDORA MARANHÃO,"Av. Treze, 28 - COHAB Anil IV, São Luís - MA, 65050-700, Brazil",
Ldj,"rua padre manoel de jesus 23, R. Padre Manoel de Jesus, 22 - Liberdade, São Luís - MA, 65035-400, Brazil",
Fortaleza Modas,"Av. dos Franceses, 96 - Vila Ivar Saldanha, São Luís - MA, 65036-282, Brazil",
"Moda Colmeia: Moda Feminina, Vestidos, Conjuntos, São Cristóvão, São Luis MA","Av. Guajajaras, 30 - São Cristovao, São Luís - MA, 65055-285, Brazil",
Juliana Modas Atacado,"R. Oitocentos, 52 - Jardim das Margaridas - Parque Aurora, São Luís - MA, 65052-875, Brazil",
Central Market,"Av. Guaxenduba, 01 - Centro, São Luís - MA, 65015-560, Brazil",
Supermercados São Luís,"R. Euclides Farias, 68B - Cohama, São Luís - MA, 65074-080, Brazil",
Mateus Supermercados,"Av. Daniel de La Touche - Cohama, São Luís - MA, 65074-115, Brazil",
Municipal Market,"Liberdade, São Luís - State of Maranhão, 65035-280, Brazil",
Mercado das Tulhas,"R. da Feira Praia Grande - Centro, São Luís - MA, 65010-490, Brazil",
Mercado do São Francisco,"São Francisco, São Luís - State of Maranhão, 65076-450, Brazil",
Supermercado Universo,"Av. Principal Jardim Amẻrica, 1 - Jardim América, São Luís - MA, 65058-825, Brazil",
Fish Market,"Avenida Senador Vitorino Freire - s/n bx 49, São Luís - MA, 65010-655, Brazil",
Supermercado JP - Bairro de Fátima,"R. do Mercado, 23 - Fatima, São Luís - MA, 65031-190, Brazil",
Hiper Mateus - Jardim Renascença,"R. Monção - Jardim Renascença, São Luís - MA, 65075-692, Brazil",
Market Vinhais,"Av. 3, 121-159 - Vinhais, São Luís - MA, 65071-020, Brazil",
São Luís Shopping,"Av. Prof. Carlos Cunha, 1000 - Jaracaty, São Luís - MA, 65076-907, Brazil",
Mateus Supermercados,"R. das Cajazeiras, 859 - Centro, São Luís - MA, 65015-080, Brazil",
São Luís Express,"R. das Mitras, 19 - Renascença II, São Luís - MA, 65075-770, Brazil",
Mercado da Praia Grande,"R. da Estrela, 171-213 - Centro, São Luís - MA, 65010-440, Brazil",
Varejão Felix,"R. do Mercado, 174-242 - Fatima, São Luís - MA, 65050-370, Brazil",
Fair Praia Grande,"R. da Estrela, 184 - Centro, São Luís - MA, 65010-200, Brazil",
Mateus Supermercados - Bacanga,"Av. dos Portugueses, 2000 - Vila Bacanga, São Luís - MA, 65080-805, Brazil",
Supermercados J B,"R. Dois, 118 - São Francisco, São Luís - MA, 65076-340, Brazil",
São Luís,"Av. João Figueiredo - Vila Embratel, São Luís - MA, 65081-236, Brazil",
Casa Real Empório,"R. Eng. Couto Fernandes, 59 - Centro, São Luís - MA, 65010-100, Brazil",
Emporio Doll - São Luís,"Av. Ivan Loureiro, 04 - Ponta D'areia, São Luís - MA, 65077-558, Brazil",
Emporio Fish,"Av. Jerônimo de Albuquerque, 53 - Cohafuma, São Luís - MA, 65071-750, Brazil",
São Luís Shopping,"Av. Prof. Carlos Cunha, 1000 - Jaracaty, São Luís - MA, 65076-907, Brazil",
Empório LS,"rua 1 alto do pinho anil - Anil, São Luís - MA, 65049-091, Brazil",
Emporium Saint Louis,"R. V Doze, 12 - Olho D'agua, São Luís - MA, 65073-040, Brazil",
Mercado das Tulhas,"R. da Feira Praia Grande - Centro, São Luís - MA, 65010-490, Brazil",
O Dom da Carne,"Av. Daniel de La Touche, 260 - Cohama, São Luís - MA, 65074-115, Brazil",
Armazém São Luís,"R. Riachuelo, 223 - João Paulo, São Luís - MA, 65040-060, Brazil",
Emporio Paiva,"65015-280, R. do Mercado, 20 - Centro, São Luís - MA, 65015-280, Brazil",
Ki Papéis,"Central Market - Av. Guaxenduba, 255 - Centro, São Luís - MA, 65010-230, Brazil",
Conveniência empório Scuba,"Posto Ale - Av. dos Holandeses, 202 A - Olho D'agua, São Luís - MA, 65065-180, Brazil",
Armazém do Chef,"R. Uriacica, 15 - Calhau, São Luís - MA, 65072-050, Brazil",
São Luís Express,"R. das Mitras, 19 - Renascença II, São Luís - MA, 65075-770, Brazil",
Emporio Fish Gourmet,"Estrada da Maioba, 15 Qd 37, R. Nossa Sra. da Conceição, Paço do Lumiar - MA, 65130-000, Brazil",
Empório Das Carnes,"R. das Gaivotas - Jardim Renascença, São Luís - MA, 65075-160, Brazil",
Massamor | Empório de Massas em São Luís,"Shalom - Avenida Vale do Pimenta, P. Atlantico L, 01 - Pav 01, 5 - Olho D'água, São Luís - MA, 65066-160, Brazil",
Empório das Meias,"R. de Santana, 460 - Centro, São Luís - MA, 65015-440, Brazil",
Empório Lopes,"Estr. da Vitoria, 3650 - João Paulo, São Luís - MA, 65036-505, Brazil",
Armazém Paraíba Tecidos,"R. P, 165 - Centro, São Luís - MA, 65020-250, Brazil",
Dona Licor,"Rua O, Av. Contôrno Leste Oeste, 2C - Cohatrac I, São Luís - MA, 65053-700, Brazil",
Mandaí,"Av. da Paz, Quadra 13 - Nº 2 - Parque Shalon, São Luís - MA, 65072-570, Brazil",
Italia Wine Bar,"Av. São Marcos, 4 - Ponta D'areia, São Luís - MA, 65075-650, Brazil",
Adega SLZ,"Rua Plutão, sn - Recanto dos Vinhais, São Luís - MA, 65070-400, Brazil",
Córdoba Wine,"R. Frei Antônio, n° 29 - Ponta D'areia, São Luís - MA, 65077-320, Brazil",
Azeite e Sal Praia,"Champs Mall - Av. Ivan Loureiro, 4 - Ponta D'areia, São Luís - MA, 65077-310, Brazil",
Dona Licor Divineia,"Feira do mangueirão - Av. Brasil, 151 - Olho D'agua, São Luís - MA, 65065-070, Brazil",
Ls Distribuidora,"R. Oito, Quadra 14 - Casa 49 - Cohatrac III, São Luís - MA, 65054-583, Brazil",
Blue Tree Towers,"Av. Avicenia, 1 - Calhau, São Luís - MA, 65071-370, Brazil",
Baruck,"R. Boa Esperança - Salina do Sacavém, São Luís - MA, 65043-815, Brazil",
Baruc eventos,"Rua 51 quadra 44 número 1, Estr. Nova de Vinhais, São Luís - MA, Brazil",
Baruk Variedades,"Tv. Militar, 9 - Cruzeiro do Anil, São Luís - MA, 65060-340, Brazil",
Baruc - Bar e Restaurante,"Av. Principal, 24-26 - Cohab Anil I, São Luís - MA, 65052-050, Brazil",
Sukeria do Mineiro,"Av. Litorânea, s/n - Calhau, São Luís - MA, 65071-377, Brazil",
Desfrut,"R. Auxiliar II - Cohajap, São Luís - MA, 65072-790, Brazil",
Casa de sucos Mais Sabor,"R. 17, casa 8 - Cohab Anil III, São Luís - MA, 65050-820, Brazil",
Casa de Sucos Mix- Cohama,"Rua Irmã Alzira Dantas - Cohama, São Luís - MA, 65074-110, Brazil",
Desfrut,"Av. Litorânea, 01 - MODULO 01-B - Ponta do Farol, São Luís - MA, 65075-832, Brazil",
Açaí Concept,"Av. Jerônimo de Albuquerque, 2000 - 6 - Vinhais, São Luís - MA, 65074-199, Brazil",
Casa de Sucos Mix - Vinhais,"Próximo ao Parque da Saudade - Rua do Arame, S/N - Quadra 53 - Vinhais, São Luís - MA, 65074-380, Brazil",
Suco Gold,"R. Júpiter, 291 - Recanto Vinhais, São Luís - MA, 65070-270, Brazil",
Guaraná Naturale,"Av. dos Expedicionários, 23 - João Paulo, São Luís - MA, 65040-120, Brazil",
Sukêro Juice bar,"Praça do Reviver - Centro, São Luís - MA, 65010-382, Brazil",
Menos 15 Graus - Polpas de Frutas,"Avenida Jerônimo de Albuquerque, Curva do Noventa, 15 - Vinhais, São Luís - MA, 65000-000, Brazil",
Juistreet São Luís - Calhau,"Av. dos Holandeses, 346 - Calhau, São Luís - MA, 65071-380, Brazil",
Juistreet São Luís - Península,"Avenida Dr. Jackson Kléper Lago, C3 - Ponta D'areia, São Luís - MA, 65077-558, Brazil",
House Juçara,"Central Market - Av. Guaxenduba, 01 - Centro, São Luís - MA, 65015-560, Brazil",
Nativus,"R. da Alegria, n° 07 - Centro, São Luís - MA, 65020-010, Brazil",
Cafofinho da Tia Dica,"Rua Portugal, R. da Estrela - Centro, São Luís - MA, 65010-480, Brazil",
Nosso Suco,"Bloco B6 - Av. Coronel Colares Moreira, 400 - Loja 3 e 4 - Jardim Renascença, São Luís - MA, 65075-441, Brazil",
VAL Lanches,"R. das Laranjeiras - Jardim Renascença, São Luís - MA, 65075-250, Brazil",
Flor de Vinagreira,"R. da Estrela, 220 - Centro, São Luís - MA, 65015-200, Brazil",
Dolcce Grill,"Bloco C, Av. Coronel Colares Moreira, 400 - 1 e 2 - Jardim Renascença, São Luís - MA, 65075-441, Brazil",
Emporio Doll - São Luís,"Av. Ivan Loureiro, 04 - Ponta D'areia, São Luís - MA, 65077-558, Brazil",
VERDE URBANO PRODUTOS NATURAIS,"Av. dos Sambaquis, 10 - quadra 17 - Calhau, São Luís - MA, 65071-390, Brazil",
Terra Madre,"Av. dos Holandeses, 3128-3192 - São Francisco, São Luís - MA, 65076-730, Brazil",
Rei do Côco,"Parque 15 de Novembro, 2000 - Centro, São Luís - MA, 65010-520, Brazil",
Vitória Empório Natural,"Conte Center - Avenida São Luís Rei França, quandra 55, loja 08 - Jardim Eldorado, São Luís - MA, 65065-470, Brazil",
Temperos & Cia Produtos Naturais | São Luís | Orgânicos,"R. Nicarágua, 13A - Quadra 55 - Anjo da Guarda, São Luís - MA, 65085-239, Brazil",
Empório do Coco,"R. Praia dos Réis, 123 - Centro, São Luís - MA, 65010-655, Brazil",
Simple Organic São Luís,"Av. Daniel de La Touche - Bequimão, São Luís - MA, 65074-115, Brazil",
Sitio Produtos Naturais,"Av. Contôrno Norte, 145 - Loja 117 - Cohatrac IV, São Luís - MA, 65054-375, Brazil",
Árvore da Vida - Loja de produtos naturais e restaurante vegetariano,"R. Prof. Luís Pinho Rodrigues, 7 - Renascença II, São Luís - MA, 65075-740, Brazil",
Terra Viva Alimentos Naturais,"R. do Sol, 655 - Centro, São Luís - MA, 65590-020, Brazil",
"Produtos Naturais - Empório, Saúde e Vida","Av. Guajajaras, 221 - Loja 02 / Quadra 221 - Jardim São Cristovão, São Luís - MA, 65055-285, Brazil",
Produtos Naturais Muniz,"Av. Jerônimo de Albuquerque, 07 - Vinhais, São Luís - MA, 65070-000, Brazil",
Guaraná Naturale,"Av. dos Expedicionários, 23 - João Paulo, São Luís - MA, 65040-120, Brazil",
PRODUTOS NATURAIS SÃO JOSÉ,"Av. Centro Comercial, n: 20 - COHAB Anil II, São Luís - MA, 65051-210, Brazil",
VNATURE LOJA NATURISTA,"Av. Amália Saldanha, 2 - Salina do Sacavém, São Luís - MA, 65040-210, Brazil",
Yuri Machado Geleias Artesanais,"Alto da Vitória - Tv. do Correio, n°55 - Anjo da Guarda, São Luís - MA, 65086-090, Brazil",
Comphex,"Cohafuma, São Luís - State of Maranhão, Brazil",
Empório Pami,"Av. Jerônimo de Albuquerque, 53 - Cohafuma, São Luís - MA, 65071-750, Brazil",
Pomar Citrico,"Pomar Citrico - Av. Jerônimo de Albuquerque, N53 - Box 16 - Cohafuma, São Luís - MA, 65071-750, Brazil",
Polimento Cristalizado a Domicilio,"Av. Santa Isabel - Vila Vicente Fialho, São Luís - MA, 65073-735, Brazil",
Wolfcar polimento cristalizado,"R. Capricornio - Cidade Operária, São Luís - MA, 65058-423, Brazil",
Central do Polimento Slz,"R. Primeiro de Novembro, 11 - São Bernardo, São Luís - MA, 65056-160, Brazil",
Colinas Car,"Av. dos Africanos, 57 - Vila Conceição (Coroadinho), São Luís - MA, 65044-295, Brazil",
Checar Estética Automotiva,"Av. dos Africanos, n° 550 - B - Sacavém, São Luís - MA, 65040-515, Brazil",
Tira Risco & Polimento Cristalizado,"R. José Sarney - Tirirical, São Luís - MA, 65055-560, Brazil",
Cristal,"R. Marcelino Champagnat, 16 - Jardim Renascença, São Luís - MA, 65075-045, Brazil",
Lava Jato Cristal,"Av. Lourenço Vieira da Silva, 02 - Qd 52 - Jardim São Cristovão, São Luís - MA, 65055-310, Brazil",
Vitrine de Cristal Angelim,"Rua projetada 309 angelim - Res. Pinheiros, São Luís - MA, 65066-620, Brazil",
Vidraçaria Vitrine de Cristal,"Av. dos Africanos, 20 - Sacavém, São Luís - MA, 65040-515, Brazil",
Cristal Mármore Granitos Pré-Moldados e Construção,"Av. São Luís Rei de França, 200 - Olho D'agua, São Luís - MA, 65065-470, Brazil",
Cristal Pet Shop e Clínica Veterinária 24hs,"DENTRO DO POSTO IPIRANGA - Av. São Luís Rei de França - Jardim Eldorado, São Luís - MA, 65067-205, Brazil",
DRYAUTO,"R. dos Afogados, 46 - Centro, São Luís - MA, 65010-020, Brazil",
Galeria Cristal,"Av. dos Holandeses - Ponta D'areia, São Luís - MA, 65077-635, Brazil",
"Carvalho cristalização,higienizacao e revitalização de plásticos e borrachas","Av.casa 112, São Luís - MA, 65090-066, Brazil",
Joelma Galvão Doces,"R. Totóia, 7 - Parque Pindorama, São Luís - MA, 65041-198, Brazil",
FNCAR (ESPECIALIZAÇÃO EM POLIMENTO AUTOMOTIVO),"R. Quarenta e Oito - Areinha, São Luís - MA, 65032-000, Brazil",
Profissional polimento,"R. Graciliano Ramos - Retiro Natal, São Luís - MA, 65035-640, Brazil",
MR Plantier Estética Automotiva,"Rua Imperatriz, 777, São Luís - MA, 65072-891, Brazil",
"Edifício Cristal, Sala 902","-136, R. Júpiter, 2 - Jardim Renascença, MA, Brazil",
Estação do Guaraná SLZ,"Praia Do Olho Dagua, 28 - Olho D'agua, São Luís - MA, 65065-290, Brazil",
Guaraná Naturale,"Av. dos Expedicionários, 23 - João Paulo, São Luís - MA, 65040-120, Brazil",
Tia Ana - Guaraná da Amazônia,"Av. Brasil, 81 - Olho D'agua, São Luís - MA, 65066-842, Brazil",
Guaraná do J.C.,"Av. Litorânea, 203 - Calhau, São Luís - MA, 65071-377, Brazil",
Guaraná da Martinha,"R. Nove de Julho - Vila Conceição (Coroadinho), São Luís - MA, 65041-170, Brazil",
Guaraná do Beto,"Tv. Caema, 8 - Calhau, São Luís - MA, 65071-843, Brazil",
Point Do Guaraná,"R. Oito - Cidade Olímpica, São Luís - MA, 65058-512, Brazil",
Guaraná da Paty,"Av. Dom José Delgado, 06 - Alemanha, São Luís - MA, 65036-810, Brazil",
Guaraná da Amazônia,"Av. Dom Pedro ll, 2-80 - Centro, São Luís - MA, 65010-170, Brazil",
Guaraná da Juju,"Av. Principal Jardim Amẻrica, 20 - Jd - C - São Cristovao, São Luís - MA, 65055-359, Brazil",
Guaraná da Amazônia (Guaraná da MOYSA),"R. Rubéns Brito, Vila Conceição, 2a - João de Deus, São Luís - MA, 65057-709, Brazil",
Guaraná Mania,"Av. Litorânea, 403, São Luís - MA, 65076-170, Brazil",
Ponto do Guaraná,"Av. Mato Grosso - Chácara Brasil, São Luís - MA, 65066-620, Brazil",
Guaraná Da Amazônia,"R. Nova - São Bernardo, São Luís - MA, 65137-000, Brazil",
Guaraná Tudo de Bom,"R. Cel. Eurípedes Bezerra, 38 - Turu, São Luís - MA, 65052-050, Brazil",
Guarana,"R. 101 SE (Unidade 101), 29 - Cidade Operária, São Luís - MA, 65058-021, Brazil",
Guaraná Tropical em São Luís,"R. Dezenove, quadra 20 - casa 18 - Planalto Vinhais II, São Luís - MA, 65074-874, Brazil",
Pastel e Guaraná do Borges,"Próximo ao Número 7, R. do Arroz, S/N - Coroado, São Luís - MA, 65042-140, Brazil",
Guaraná da lôra - Specially Guaraná Gourmet (açaí e sorvete),"Av. Principal, 253-43 - Cidade Operária, São Luís - MA, 65058-058, Brazil",
Whey Guaraná,"R. Teixeira de Melo, 282C - Jórdoa, São Luís - MA, 65041-640, Brazil",
