Amendolândia,"R. Gregório Júnior, 476 - Zumbi, Recife - PE, 50720-740, Brazil",
FB Distribuidora - Produtos Naturais,"Tv. do Arsenal de Guerra, 135 - Santo Antônio, Recife - PE, 50020-630, Brazil",
Casa Pedro Ferreira - Produtos Saudáveis,"Praça Dom Vital, 123 - São José, Recife - PE, 50020-595, Brazil",
Grão Empório Natural,"Av. Conselheiro Aguiar, 5000 - Boa Viagem, Recife - PE, 51021-020, Brazil",
"Saulo Temperos - Ceasa l venda de alho, temperos, ervas, castanhas, bebidas, embalagens, descartáveis em geral, em recife","W3J4+45 - Curado, Recife - PE, 50790-900, Brazil",
Grão em Grão Empório,"R. Leandro Barreto, 415 - Jardim São Paulo, Recife - PE, 54720-140, Brazil",
Grão Empório Natural,"Estr. do Encanamento, 429 - Parnamirim, Recife - PE, 52060-210, Brazil",
Empório Pura Vida,"Av. Dezessete de Agosto, 2267 - Poço da Panela, Recife - PE, 52060-590, Brazil",
Luciano D' Sertão,"Rua Hoel Sette, 158 - Jaqueira, Recife - PE, 52050-090, Brazil",
Emporium Sweet Life,"Praça Dom Vital, 119 - São José, Recife - PE, 50020-310, Brazil",
"Real Vida Produtos Naturais,Cordeiro","Rua Honório Correia, s/n - Cordeiro, Recife - PE, 50630-050, Brazil",
Costa Nova Alimentos,"R. Itamaracá, n° 186 - Imbiribeira, Recife - PE, 51200-030, Brazil",
Mendez Empório Nordestino,"Av. Caxangá, 4024 - Iputinga, Recife - PE, 50800-000, Brazil",
Empório Ferreira Produtos Naturais,"R. da Praia, 175 - Santo Antônio, Recife - PE, 50020-550, Brazil",
Castanhora Empório Natural,"R. Manoel Estevão da Costa, 298 - Iputinga, Recife - PE, 50670-590, Brazil",
Emporio 23,"R. Francisco Lacerda, 374 - Várzea, Recife - PE, 50741-150, Brazil",
Mercearia Só Temperos,"R. Manuel Alves Deus Dara, 479 - Torrões, Recife - PE, 50730-000, Brazil",
Chá Verde - Grãos e Produtos Naturais,"R. Hidrolândia, 222 - Loja 27 - Piedade, Jaboatão dos Guararapes - PE, 54420-160, Brazil",
Paço 23 | Mercado e Produtos Naturais Recife,"R. Francisco Lacerda - Várzea, Recife - PE, 50741-110, Brazil",
Mercado de São José - Recife,"Praça Dom Vital - São José, Recife - PE, 50020-280, Brazil",
Noz Confeitaria Por Ana Sophia,"R. Padre Anchieta, 240 - Torre, Recife - PE, 50710-165, Brazil",
Macadâmia - Confeitaria Saudável,"R. Arnaldo Bastos, 56 - Apto 1502 - Madalena, Recife - PE, 50610-130, Brazil",
Cajueiro,"Cajueiro, Recife - State of Pernambuco, Brazil",
Caju Digital Agency,"R. Sant'Anna, 267 - Santana, Recife - PE, 52060-460, Brazil",
Terminal Cajueiro,"R. Couto Soares, 628 - Cajueiro, Recife - PE, 52221-070, Brazil",
Casa Cajueiro,"R. da Praia, 174 - São José, Recife - PE, 50020-550, Brazil",
ACA- Associação dos Moradores do Bairro de Cajueiro,"Av. Sebastião Salazar, 230 - Cajueiro, Recife - PE, 52221-170, Brazil",
Cajutec,"Av. Norte Miguel Arraes de Alencar, 3003 - Encruzilhada, Recife - PE, 52041-080, Brazil",
Cajueiro square,"R. Ten. Vanderlei - Cajueiro, Recife - PE, 52221-330, Brazil",
Pet Shop Cajueiro,"R. Cel. Urbano Ribeiro de Sena, 226 - Cajueiro, Recife - PE, 52221-045, Brazil",
POSTO BRAZ CAJUEIRO,"Av. Beberibe, 3194 - Beberibe, Recife - PE, 52221-035, Brazil",
Cajueiro Seco,"Estr. dos Remédios, 855 - Afogados, Recife - PE, 50750-360, Brazil",
Atacado dos Presentes,"Av. Mal. Mascarenhas de Morais, 4075 - Imbiribeira, Recife - PE, 51150-700, Brazil",
Atacadão - Recife Boa Viagem,"R. Francisco Correia de Morais, 100 - Imbiribeira, Recife - PE, 51030-840, Brazil",
Atacadão,"Av. Recife, 5005 - Areias, Recife - PE, 50781-000, Brazil",
Atacado dos Presentes,"R. das Calçadas, 330 - São José, Recife - PE, 50020-290, Brazil",
Atacado dos Presentes,"Av. Conde da Boa Vista, 385 - Boa Vista, Recife - PE, 50060-001, Brazil",
Atacado Santana,"R. Santa Rita, 45 - São José, Recife - PE, 50020-320, Brazil",
ATACADÃO IMPORTADOS,"R. São José do Ribamar - São José, Recife - PE, 50020-310, Brazil",
Atacado dos Presentes,"R. José Bonifácio, 961 - Torre, Recife - PE, 50710-001, Brazil",
Distribuidora Mix - Atacadista de Utilidades Domésticas - Centro Dantas Barreto,"Av. Dantas Barreto, 1021 - São José, Recife - PE, 50020-000, Brazil",
Palácio Atacado,"Av. Norte Miguel Arraes de Alencar, 6629 - Casa Amarela, Recife - PE, 52070-660, Brazil",
Assaí Atacadista,"Av. Eng. Domingos Ferreira, 1818 - Boa Viagem, Recife - PE, 51011-050, Brazil",
Atacado da Construção,"Av. Herculano Bandeira, 1001 - Pina, Recife - PE, 51110-131, Brazil",
Assaí Atacadista,"Av. Mal. Mascarenhas de Morais, 2056 - Imbiribeira, Recife - PE, 51180-001, Brazil",
Assaí Atacadista,"Av. Recife, 5777 - Jardim São Paulo, Recife - PE, 50781-000, Brazil",
Novo Atacarejo Matriz,"Av. Antônio Tôrres Galvão, 283 - Imbiribeira, Recife - PE, 51160-330, Brazil",
Deskontão Atacado,"Av. Norte Miguel Arraes de Alencar, 6061 - Casa Amarela, Recife - PE, 52070-660, Brazil",
Repon Atacado e Varejo,"Tv. Cap. Gregório de Albuquerque, 16 - Areias, Recife - PE, 50870-180, Brazil",
Recife Atacado - Lingerie,"Av. Fernando Simões Barbosa, 22 - Boa Viagem, Recife - PE, 51020-390, Brazil",
Atacarejo Shop,"R. São Miguel, 1758 - Afogados, Recife - PE, 50850-275, Brazil",
Varejão Distribuidora - Bebidas em Atacado e Varejo,"R. Cleto Campêlo, 210 - Santo Antônio, Recife - PE, 50010-000, Brazil",
Mercado de São José - Recife,"Praça Dom Vital - São José, Recife - PE, 50020-280, Brazil",
Mercado da Boa Vista,"R. da Santa Cruz, S/N - Boa Vista, Recife - PE, 50060-230, Brazil",
Extra Mercado,"Av. Caxangá, 2900 - Iputinga, Recife - PE, 50731-000, Brazil",
Mercado da Encruzilhada,"R. Dr. José Maria, 2-200 - Encruzilhada, Recife - PE, 52171-011, Brazil",
Mercado da Madalena,"R. Real da Torre, 521 - Madalena, Recife - PE, 50610-000, Brazil",
Extra Mercado,"R. Dom Bôsco - Boa Vista, Recife - PE, 50070-070, Brazil",
Mercado de Boa Viagem,"Av. Conselheiro Aguiar, 4834 - Boa Viagem, Recife - PE, 51021-020, Brazil",
Mercado Público De Casa Amarela,"R. Padre Lemos, 94 - Casa Amarela, Recife - PE, 52070-200, Brazil",
Mercado da Torre,"Torre, Recife - State of Pernambuco, 50710-001, Brazil",
Mercado de São José-Loja Central,"Praça Dom Vital, s/n - bx 278 - São José, Recife - PE, 50020-280, Brazil",
Mercado Público de Nova Descoberta,"2329, Av. Ver. Otacílio Azevedo, 2311 - Vasco da Gama, Recife - PE, 52081-550, Brazil",
RM Express - Santo Amaro,"R. Paraíso, 48 - Santo Amaro, Recife - PE, 50050-520, Brazil",
Cold Water Market,"Av. Beberibe - Água Fria, Recife - PE, 52130-135, Brazil",
Extra Mercado,"Av. João de Barros, 1497 - Espinheiro, Recife - PE, 52021-180, Brazil",
Carrefour Hipermercado,"R. José Bonifácio, 1315 - Torre, Recife - PE, 50710-000, Brazil",
Cordeiro public market,"Av. Gen. San Martin, S/n - Cordeiro, Recife - PE, 50630-000, Brazil",
Supermarket More You,"R. Joao Uzeda Luna, 38 - Água Fria, Recife - PE, 52111-310, Brazil",
Pão de Açúcar,"Rua Desembargador Góis Cavalcante, 261 - Parnamirim, Recife - PE, 52060-140, Brazil",
Super Bompreço,"Praça Parque Amorim, 34 - Parque Amorim, Recife - PE, 50050-270, Brazil",
Mercado Público de Santo Amaro,"Av. Cruz Cabugá, 1933 - Santo Amaro, Recife - PE, 50040-000, Brazil",
Empório Pura Vida,"R. da Praia, 169 - Santo Antônio, Recife - PE, 50020-550, Brazil",
Empório Ferreira Produtos Naturais,"R. da Praia, 175 - Santo Antônio, Recife - PE, 50020-550, Brazil",
Emporium Sweet Life,"Praça Dom Vital, 119 - São José, Recife - PE, 50020-310, Brazil",
Empório Pura Vida,"Av. Dezessete de Agosto, 2267 - Poço da Panela, Recife - PE, 52060-590, Brazil",
Empório Ferreira Bandeira,"R. da Praia, 34 - São José, Recife - PE, 50020-550, Brazil",
Grão Empório Natural,"Av. Conselheiro Aguiar, 5000 - Boa Viagem, Recife - PE, 51021-020, Brazil",
Empório Cozeart,"Av. Conselheiro Aguiar, 3786 - Boa Viagem, Recife - PE, 51020-020, Brazil",
Empório Carnes e Bebidas,"R. Dr. Raposo Pinto, 249 - Ipsep, Recife - PE, 51350-240, Brazil",
Empório Caxangá,"Av. Caxangá, 5504 - Caxangá, Recife - PE, 50800-195, Brazil",
Empório Universitário,"Av. Professor Luiz Freire, n° 600 Ao lado do IFPE, campo Recife Cidade Universitária - Várzea, Recife - PE, 54740-437, Brazil",
Empório das Russas,"Rua Manuel de Carvalho, 435 - Aflitos, Recife - PE, 52050-370, Brazil",
Emporium elements 4,"Condomínio do Centro Comercial Ferreira da Costa - Av. Conselheiro Aguiar, 4635 - Boa Viagem, Recife - PE, 51021-020, Brazil",
Empório Pernambucano,"Estr. do Encanamento, 675 - Quiosque - Casa Forte, Recife - PE, 52070-000, Brazil",
Grão Empório Natural - Boa Viagem 2,"R. Ernesto de Paula Santos, 1277 - Boa Viagem, Recife - PE, 51021-330, Brazil",
Empório Arte Brasileira,"R. João Ramos, 413 - Graças, Recife - PE, 52011-080, Brazil",
Empório Casa,"R. Arnóbio Marques, 253 - Santo Amaro, Recife - PE, 50100-130, Brazil",
Empório HD,"Av. Conselheiro Aguiar, 1076 - Pina, Recife - PE, 51011-030, Brazil",
Empório Doces e Salgados,"R. José Osório, 111 - Madalena, Recife - PE, 50610-280, Brazil",
"Empório Casa da Ilha (Carnes de Cortes Especiais,Vinhos,Queijos,Geléias)","R. Ribeiro de Brito, 743 - loja 3 - Boa Viagem, Recife - PE, 51021-310, Brazil",
Empório Express,"R. Gervásio Campêlo, 109 - Prado, Recife - PE, 50720-180, Brazil",
ARMAZÉM DA CACHAÇA / CONVENIÊNCIA,"R. Ourém, 114 - San Martin, Recife - PE, 50761-060, Brazil",
Bebidas de Pernambuco,"Av. Alfredo Lisboa, S/N - Armazém 11 - Recife, PE, 50030-150, Brazil",
Casa Bebidas,"R. Padre Bernadino Pessoa, 252 - Boa Viagem, Recife - PE, 51020-210, Brazil",
Ingá Vinhos Finos - Boa Viagem II,"Av. Eng. Domingos Ferreira, 1785 - Boa Viagem, Recife - PE, 51111-021, Brazil",
Natureza Produtos Mariano - Licores & Cachaça Artersanal,"R. do Sol - Vila de Nazaré, Cabo de Santo Agostinho - PE, 54510-997, Brazil",
Entre Vinhos - Wine Bar,"R. Francisco da Cunha, 153 - Boa Viagem, Recife - PE, 51020-041, Brazil",
Chef Galvão Empório,"R. Raymundo Gomes Gondim, 46 - Boa Viagem, Recife - PE, 51021-420, Brazil",
Licor & Kana - Cachaçaria artesanal,"R. Antônio Carlos de Oliveira - Candeias, Jaboatão dos Guararapes - PE, 54440-351, Brazil",
Pau do Indio,"R. do Amparo, 91 - Carmo, Olinda - PE, 53020-190, Brazil",
seu boteco,"Av. Alfredo Lisboa, s/n - Recife, PE, 50030-150, Brazil",
Carrefour Hipermercado,"R. Francisco da Cunha, 919 - Boa Viagem, Recife - PE, 51020-041, Brazil",
Duty Free,"NORTE, Recife - State of Pernambuco, 51210-902, Brazil",
Sabores de Nazaré - Licores & Cachaça,"R. do Sol - Lot. Aguas Compridas, Cabo de Santo Agostinho - PE, Brazil",
Cafeteria Santa Clara Madalena,"R. Pessoa de Melo, 299 - Madalena, Recife - PE, 50610-220, Brazil",
Manos Restaurante e Bar,"R. Dom José Lopes, 392 - Boa Viagem, Recife - PE, 51021-370, Brazil",
Deskontão Atacado,"Av. Mal. Mascarenhas de Morais, 2471 - Imbiribeira, Recife - PE, 51150-001, Brazil",
Santo Gole - Licoteria e Cachaçaria Artesanal,"R. Agamenon Magalhães, 402a - Centro, Amaraji - PE, 55515-000, Brazil",
Bora? Boteco.,"R. Albino Meira, 42 - Parnamirim, Recife - PE, 52060-115, Brazil",
Barú Marisquería,"R. Augusta, 2542 - Cerqueira César, São Paulo - SP, 01412-100, Brazil",
Barteco,"R. Bom Pastor, 366 - Iputinga, Recife - PE, 50670-260, Brazil",
Gelattos sucos e lanches,"R. da Guia, 179 - Recife, PE, 50030-210, Brazil",
Suco natural jaqueira,"R. do Futuro, 1001-981 - Graças, Recife - PE, 52050-010, Brazil",
Casa do Suco B-12,"Av. Conde da Boa Vista, 250 - Loja 14 - Boa Vista, Recife - PE, 50060-002, Brazil",
DUKE SUCOS NATURAIS,"Av. Maria Irene, 57 - Jordão, Recife - PE, 51250-025, Brazil",
Casa do suco Recife,"Rua João Sales de Menezes, 815 - Várzea, Recife - PE, 50740-110, Brazil",
Sucos Energéticos,"Estr. dos Remédios, 13 - Afogados, Recife - PE, 50770-120, Brazil",
CABANNA SUCOS,"largo Dom Luiz, 329 - Vasco da Gama, Recife - PE, 52280-215, Brazil",
SABOR DO PARQUE - SUCOS E SANDUÍCHES NATURAIS,"R. do Futuro, 971 - Jaqueira, Recife - PE, 50050-290, Brazil",
Agua De Coco,"R.Floriano Peixoto, 254 - São José, Recife - PE, 50020-060, Brazil",
Açaí Concept Real da Torre | Recife,"R. Real da Torre, 538 - Madalena, Recife - PE, 50710-100, Brazil",
Miranda Sucos,"Estrada das Ubaias, 456 - Casa Forte, Recife - PE, 52061-080, Brazil",
Açaiana,"R. Marquês de Baipendi - Hipódromo, Recife - PE, 52041-660, Brazil",
Rosa Sucos & Lanches,"R. Luiz Sepúlveda, 142 - Areias, Recife - PE, 50870-320, Brazil",
Gellatos Lanches e Refeicoes,"Av. Dantas Barreto, 230 - Santo Antônio, Recife - PE, 50010-360, Brazil",
Casa De Sucos,"Av. Conselheiro Aguiar, 4 - Boa Viagem, Recife - PE, 51030-010, Brazil",
SOL COCO E SUCOS - RECIFE - PE,"R. Padre Carlos de Barros Barreto, 138 - Cabanga, Recife - PE, 50090-400, Brazil",
RedBake,"Shopping Recife - Boa Viagem, Recife - PE, 51020-900, Brazil",
Confraria do Sanduba,"R. Real da Torre, 1070 - whatsapp 32274435 - Madalena, Recife - PE, 50710-100, Brazil",
Guaraburguer,"R. Esmeraldino Bandeira, 330 - Graças, Recife - PE, 52011-090, Brazil",
Acai Concept Zero | Recife,"Av. Alfredo Lisboa, S/N - Recife, PE, 50030-150, Brazil",
Organno Saudáveis e Orgânicos,"Av. Conselheiro Aguiar, 2770 - Boa Viagem, Recife - PE, 51020-020, Brazil",
Agro-ecological space of Grace (Fair),"R. Souza de Andrade - Graças, Recife - PE, 50050-290, Brazil",
Feira de Orgânicos Ceasa - Recife,"Pernambuco Supply and Logistics Center - CEASA/PE - OS BR 101 Sul, Km 70 550 - Curado, Recife/PE:, 50790-640, Brazil",
Empório Pura Vida,"Av. Dezessete de Agosto, 2267 - Poço da Panela, Recife - PE, 52060-590, Brazil",
Empório Pura Vida,"R. da Praia, 169 - Santo Antônio, Recife - PE, 50020-550, Brazil",
Espaço Agroecológico de Setúbal,"Setúbal - Av. Mal. Juarez Távora, 41-99 - Boa Viagem, Recife - PE, 51030-420, Brazil",
Empório Ferreira Produtos Naturais,"R. da Praia, 175 - Santo Antônio, Recife - PE, 50020-550, Brazil",
Granello,"R. Caio Pereira, 100 - Rosarinho, Recife - PE, 52041-017, Brazil",
Agro Eco Loja,"Praça Elvira Andrade de Souza, 50 - Loja 3 - Graças, Recife - PE, 52050-250, Brazil",
Feira de orgânicos de Casa Forte,"Praça de Casa Forte - Casa Forte, Recife - PE, 52061, Brazil",
Atacado dos Naturais,"R. do Nogueira, 158 - São José, Recife - PE, 50020-340, Brazil",
Feira Espaço Agroecológico de Santo Amaro,"Estacionamento Delegacia da Mulher - Santo Amaro, Recife - PE, 50100-210, Brazil",
Emporium Sweet Life,"Praça Dom Vital, 119 - São José, Recife - PE, 50020-310, Brazil",
Feira Orgânica do Espinheiro (2005) – RPA-02,"R. Padre Silvino Guedes - Aflitos, Recife - PE, 52020-035, Brazil",
Grão Empório Natural,"Av. Conselheiro Rosa e Silva, 403 - Graças, Recife - PE, 52020-225, Brazil",
Empório Ferreira Bandeira,"R. da Praia, 34 - São José, Recife - PE, 50020-550, Brazil",
Vivenda Natural,"Rua Conselheiro Nabuco, 501 - Casa Amarela, Recife - PE, 52070-010, Brazil",
Simples Granel Mercado Fit,"R. Real da Torre, 889 - Madalena, Recife - PE, 50710-100, Brazil",
Casa Pedro Ferreira - Produtos Saudáveis,"Praça Dom Vital, 123 - São José, Recife - PE, 50020-595, Brazil",
"Guamá Açaí | Orgânico, Vegano, Tipo Exportação","R. das Pernambucanas, 476 - Graças, Recife - PE, 52011-010, Brazil",
Eurofins do Brasil – Recife,"R. Francisco Bezerra Monteiro, 712 - Engenho do Meio, Recife - PE, 50730-250, Brazil",
DISTRIBUIDORA CRISTAL,"Curado, Recife - State of Pernambuco, Brazil",
Recife Sweets and Caramels,"R. Carlos Pena Filho, 339 - Afogados, Recife - PE, 50850-030, Brazil",
Torre de Cristal,"Av Dr Zenilton Elias da Silva Douétts, Recife - PE, Brazil",
Pancristal Loja,"R. Bolívar, 426 - Arruda, Recife - PE, 52120-010, Brazil",
Crystal Tropical,"Av. Ver. Otacílio Azevedo, 20 - Brejo da Guabiraba, Recife - PE, 52291-662, Brazil",
Galeria Crystal Center,"R. Dep. Pedro Pires Ferreira, 405 - Graças, Recife - PE, 52050-480, Brazil",
Crystal Trade Center,"R. Cel. Anizío Rodrigues Coelho, 464 - Boa Viagem, Recife - PE, 51021-130, Brazil",
Cristal Executivo Hotel,"R. Imperial, 1032 - São José, Recife - PE, 50090-000, Brazil",
Christal Galeria de Artes,"R. Est. Jeremias Bastos, 266 - Pina, Recife - PE, 51011-040, Brazil",
Lavanderia Cristal,"R. Mossoró, 324 - San Martin, Recife - PE, 50761-290, Brazil",
Cristal Bijoux,"R. da Penha, 79/76 - São José, Recife - PE, 50020-580, Brazil",
Recife Cristais,"R. do Rangel, 119 - Santo Antônio, Recife - PE, 50020-560, Brazil",
Espaço cristal,"Av. Valença, 92 - COHAB, Recife - PE, 51340-310, Brazil",
Cristal Pedra Marmoraria-AquitemPE,"R. Odorico Mendes, 372B - Campo Grande, Recife - PE, 52031-180, Brazil",
Hotel Cristal do Ibura,"Rua Jornalista Edson Regis, 910 - Ibura, Recife - PE, 51220-000, Brazil",
Buffet Cristal Eventos,"R. Comendador Bento Águiar, 255 - Ilha do Retiro, Recife - PE, 50720-705, Brazil",
Manutenção de piscinas cristal piscinas,"R. João Murilo de Oliveira - Imbiribeira, Recife - PE, 51160-230, Brazil",
Bruna Hinterlang Confeitaria Artesanal,"Rua Dr. Raul Lafayette, 191 - Loja 4 - Boa Viagem, Recife - PE, 51021-220, Brazil",
Renata doces e salgados,"Rua Catumé, 126 - San Martin, Recife - PE, 50751-550, Brazil",
Crystal Presentes,"Praça Dom Vital, 182 - São José, Recife - PE, 50020-280, Brazil",
Oficina do Guaraná,"R. Prof. Benedito Monteiro, 56-120 - Madalena, Recife - PE, 50030-230, Brazil",
Guaraná da Bianca,"Av. Inácio Monteiro, 597 - Cordeiro, Recife - PE, 50721-321, Brazil",
Point do Guaraná,"Av. Dois Rios, 1482 - Ibura, Recife - PE, 51230-112, Brazil",
Guaraná da Jaqueline,"Rua Conselheiro Theodoro, 332 - Madalena, Recife - PE, 50711-030, Brazil",
Guaraná Do Galego,"R. Poe. Manuel Bandeira - Imbiribeira, Recife - PE, 51170-590, Brazil",
Ponto do Guaraná,"Av. Encanta Moça, 69 A - 69 A - Pina, Recife - PE, 51011-080, Brazil",
Guarana da Cris e Lanches,"R. Jean Emile Favre - Ipsep, Recife - PE, 51190-450, Brazil",
Guarana da Fabiola,"R. Gomes Taborda - Cordeiro, Recife - PE, 50720-430, Brazil",
Guaraná do Irmão,"R. Zilda S de Santana, 195-147 - Torre, Recife - PE, 50620-490, Brazil",
Rei do Guaraná Incomparável,"Av. Pernambuco, 150 - Ibura, Recife - PE, 51280-000, Brazil",
Guaraná Sandra,"R. Rio Jiquiá - Cordeiro, Recife - PE, 50721-310, Brazil",
Quino Guaraná,"R. Jean Emile Favre, 734 - Ipsep, Recife - PE, 51450-190, Brazil",
Guaraná Da Polly,"R. Gregório Júnior, 1100 - Cordeiro, Recife - PE, 50720-740, Brazil",
Guaraná Do Amazonas,"Estr. do Arraial, 2608 - Tamarineira, Recife - PE, 52051-380, Brazil",
AÇAÍ / Guaraná Do Amazonas Elshaddai,"R. Iguatu, 416 - Campina do Barreto, Recife - PE, 52121-030, Brazil",
Recanto do Guaraná,"R. Manoel Estevão da Costa, 249 - Iputinga, Recife - PE, 50670-590, Brazil",
Guaraná da Amazônia da Raquel,"R. Marquês do Herval, 43 - São José, Recife - PE, 50020-030, Brazil",
Guaraná do Hulk,"Av. Luís Correia de Brito, 600 - Sítio Novo, Olinda - PE, 53110-000, Brazil",
Guaraná fit Suplementos e produtos Naturais,"Av. Beberibe, 4628 - Beberibe, Recife - PE, 52130-325, Brazil",
Guaraná do Clóvis,"Av. Dom Hélder Câmara, 351 - Ibura, Recife - PE, 51220-120, Brazil",
