Bel√©m Nuts Castanhas,
Para√≠so da castanha-do-par√° üå∞ mercado ver o peso ...,
Mutran Exportadora - Castanhas do Brasil,Endere√ßo n√£o dispon√≠vel,Telefone: (91) 3258-3558,,
Castanha da N√≠vea (@castanhadanivea) - Bel√©m - Instagram,
Lojas e Quiosques,
Casa das Am√™ndoas (@casadasamendoas),Endere√ßo n√£o dispon√≠vel,Telefone: (91) 3355-1759,,
Castanha Florense,Endere√ßo n√£o dispon√≠vel,"Contatos. Telefone(s): (91) 3259-6671 (Ligar). Localiza√ß√£o. Logradouro: Estrada De Maracacuera, 15. Bairro: Maracacuera. CEP: 66815-140. Munic√≠pio: Bel√©m.",,
Armaz√©m Nutri Bel√©m,
Paratini ‚Äì Castanhas do Brasil para o mundo,"Qual o endere√ßo da empresa PARATINI BENEFICIAMENTO E COMERCIO DE FRUTAS LTDA ? RODOVIA ARTHUR BERNARDES, 6400 KM 14 - TAPANA, BELEM, PA. Qual ...",Telefone: (91) 3229-9109,,
Gr√£o da Vida (@lojagraodavida),
Rei das Castanhas :: O maior distribuidor de frutas secas e ...,
Ira√™ Castanhas & Doces (@iraecastanhasedoces),
Bombons de cupua√ßu regionais Hihodoces,Endere√ßo n√£o dispon√≠vel,Telefone: (91) 99152-0239,,
"Mercado Ver-o-Peso ‚Äì Wikip√©dia, a enciclop√©dia livre",
Mapa,Endere√ßo n√£o dispon√≠vel,"Contatos. Telefone(s): (91) 3241-0717 (Ligar). Localiza√ß√£o. Logradouro: Travessa Mauriti, 1046. Bairro: Pedreira. CEP: 66080-650. Munic√≠pio: Bel√©m.",,
BMNuts | Top Quality Nuts & Seeds from Brazil,Endere√ßo n√£o dispon√≠vel,Telefone: (91) 3213-8150,,
Emp√≥rio Saud√°vel „ÉÑ (@emporio_saudavel) - Bel√©m,Endere√ßo n√£o dispon√≠vel,Telefone: (91) 3352-5008,,
NN Variedades Ver o Peso,
DIVINA TERRA PLAZA BEL√âM,Endere√ßo n√£o dispon√≠vel,Telefone: (91) 99310-9900,,
Brasnut - Usina e Com√©rcio de Castanhas | (91) 98863-0901,
Nozes ¬ÆÔ∏è (@nozes.ofc) ‚Ä¢ Instagram photos and videos,
BEL√âM (@loja_realfashion) - MODA MASCULINA,Endere√ßo n√£o dispon√≠vel,Telefone: (91) 98909-1067,,
"Bagaggio: Mala de Viagem, Mochilas, Acess√≥rios de Viagem ...",
Top Marcas Cap,Endere√ßo n√£o dispon√≠vel,Telefone: (91) 98052-2006,"Top cell Marambaia. Aqui voc√™ encontra acess√≥rios para celular, tabletes. End: Av.Rodolfo Chermont 951A /945B. Marambaia Fone: 91988379356.",
EMPORIUM | CESTAS E BOXES (@_emporiumcestaria),
SORVETERIA SANTA CLARA (@santaclarabelem),Endere√ßo n√£o dispon√≠vel,Telefone: (91) 3349-9075,,
Gms Prod Naturais (@gmsprodutosnaturais) - Instagram,"31 de out. de 2024 ‚Äî Gms Produtos Naturais endere√ßo: Rua Rodovia Augusto Montenegro, 26 Parque Verde Bel√©m-PA 63843-070 em Bengui. Gms Produtos Naturais, Bengui ..."
Comunidade Caju,Endere√ßo n√£o dispon√≠vel,Telefone: (91) 3236-1188,,
CAJU (@comunidadecaju) - Casa da Juventude,"6 de jun. de 2022 ‚Äî O endere√ßo da Par√≥quia de Santo Ant√¥nio de Lisboa √© R. dos Tamoios, 1875, Batista Campos, Bel√©m - PA, 66025-540. Confira as op√ß√µes de hor√°rios ..."
"CEP 66117-140 | Passagem Caju - Barreiro - Belem, PA","O C√≥digo de Endere√ßamento Postal (CEP) 66117-140 pertence ao endere√ßo Passagem Caju que est√° localizado no bairro Barreiro, na cidade de Belem - PA, ..."
Assembleia de Deus Nova Bel√©m-Caju,
Lanche Do Caju,Endere√ßo n√£o dispon√≠vel,Telefone: (91) 98183-9756,,
acaieacai - a√ßa√≠ & a√ßa√≠ frozen,
Mapa,"Encontre os telefones, hor√°rios e endere√ßos das lojas Atacad√£o em Bel√©m. ‚û§ Mais info em Tiendeo!"
Atacad√£o ‚Äìsuas compras de supermercado online com pre√ßo ...,"Encontre os telefones, hor√°rios e endere√ßos das lojas Atacad√£o em Bel√©m. ‚û§ Mais info em Tiendeo!",Telefone: (11) 2967-8461,,
Assa√≠ Bel√©m,
Fl√≥rida Atacado e Varejo (@florida.atacadoevarejo) - Instagram,
Assa√≠ Bel√©m,
Tok Leve Moda (@tok_leve_moda) - Bel√©m - Instagram,"Ao clicar em ""Contato"" voc√™ poder√° nos fazer uma chamada. Voc√™ pode nos localizar no endere√ßo Rua Treze de Maio, no bairro Campina em Bel√©m, PA e conferir as ...",Telefone: (91) 99218-0609,,
Mapa,
Atacad√£o da 15 (@atacadaoda15.belem) - Instagram,Endere√ßo n√£o dispon√≠vel,Telefone: (91) 3352-3299,,
llmultimarcasoficial,
ùòΩùôöùô°ùô°ùôñ ùôçùôûùôòùôòùôñ ùòºùô©ùôñùôòùôñùôôùô§ FORTALEZA (@bellaricca. ...,Endere√ßo n√£o dispon√≠vel,Telefone: (91) 98838-7407,,
+B Supermercados (@grupomaisbarato) - Instagram,
"Moda, bom gosto e pre√ßo justo (@carollatacado)","O endere√ßo da empresa CAROL VAREJO E ATACADO √© PASSAGEM MIRANDINHA, 348 - BARREIRO, Bel√©m - PA, 66117430. Qual o telefone da empresa CAROL VAREJO E ?",Telefone: (91) 98187-1457,,
"Linda, MANA! MODA √çNTIMA ‚Ä¢ SEXY SHOP",Endere√ßo n√£o dispon√≠vel,Telefone: (91) 98950-8110,,
Belem Confec√ß√µes (@belem_conf_atacado),Endere√ßo n√£o dispon√≠vel,Telefone: (91) 3212-0426,,
Atacad√£o Globo Esporte | O Menor Pre√ßo para Revendedores,
Aryelle Store (@aryelle_stores),
Atacad√£o Hiper Paraense (@hiperparaense),Endere√ßo n√£o dispon√≠vel,Guia Telefone,,
ROTA DA MODA ATACADO E VAREJO em Santa Maria do ...,
TM ATACADOSüíôü¶ãü¶ãü¶ã (@tm_atacados),
Jessi Make Distribuidora,Endere√ßo n√£o dispon√≠vel,Telefone: (91) 98247-6202,,
"Mercado Ver-o-Peso ‚Äì Wikip√©dia, a enciclop√©dia livre",
L√≠der Supermercados,
+B Supermercados (@grupomaisbarato),
Seja Econ√¥mico,Endere√ßo n√£o dispon√≠vel,Telefone: (91) 3120-3256,,
Supermercados Cidade - Home,"Qual o endere√ßo da empresa SUPERMERCADO CIDADE LTDA ? RUA RODOLFO CHERMONT, 2125 - MARAMBAIA, BELEM, PA. Qual o telefone da empresa LTDA ?",Telefone: (91) 3182-2700,,
L√≠der Supermercados,
+B Supermercados (@grupomaisbarato),
Mapa,Endere√ßo n√£o dispon√≠vel,"Contatos. E-mail: [email protected] (Enviar E-mail). Telefone(s): (91) 2121-1335 (Ligar). Localiza√ß√£o. Logradouro: Rua Barao de Igarape Miri, 407. Bairro: ...",,
"SUPERMERCADO SAO PAULO em Bel√©m, PA",Endere√ßo n√£o dispon√≠vel,Telefone: (91) 3243-0374,,
Loja Senador Lemos,Endere√ßo n√£o dispon√≠vel,Telefone: (91) 3225-0977,,
Mapa,Endere√ßo n√£o dispon√≠vel,"Contatos. E-mail: [email protected] (Enviar E-mail). Telefone(s): (91) 2121-1335 (Ligar). Localiza√ß√£o. Logradouro: Rua Barao de Igarape Miri, 407. Bairro: ...",,
Seja Econ√¥mico,
Belem Supermercados,
"Meat Market, Bel√©m",
Meio a Meio Compre Bem Pedreira,Endere√ßo n√£o dispon√≠vel,Telefone: (91) 3038-2769,,
Supermercados Cidade - Home,"Qual o endere√ßo da empresa SUPERMERCADO CIDADE LTDA ? RUA RODOLFO CHERMONT, 2125 - MARAMBAIA, BELEM, PA. Qual o telefone ...",Telefone: 98116-9908,,
nossas Lojas,Endere√ßo n√£o dispon√≠vel,Telefone: (91) 4008-1009,,
nossas Lojas,Endere√ßo n√£o dispon√≠vel,Telefone: (91) 4008-1007,,
L√≠der Varejo e Atacado | Cidade Velha Servi√ßos - Bel√©m,Endere√ßo n√£o dispon√≠vel,Telefone: (91) 4008-1004,,
Assa√≠ Bel√©m,
Mercadinho Metr√¥ Bel√©m - Mercado em Bel√©m,
BAR E RESTAURANTE (@emporiumbel) - Instagram,
Loja Meu Garoto,Endere√ßo n√£o dispon√≠vel,Telefone: (91) 3222-9866,,
Bel√©m,Endere√ßo n√£o dispon√≠vel,Telefone: (91) 3212-7002,,
Cacha√ßa Com Jambu - A Genu√≠na,Endere√ßo n√£o dispon√≠vel,Telefone: (91) 98309-4575,,
Cacha√ßa Com Jambu - A Genu√≠na,
Cosanostra Pub ‚Ä¢ Since 1986 (@cosanostra_pub),Endere√ßo n√£o dispon√≠vel,Telefone: (91) 98592-0440,,
Bosque Bowling & Sport Bar (@bosquesportbar) - Instagram,Endere√ßo n√£o dispon√≠vel,Telefone: (91) 99981-3789,,
Bistr√¥ & Boteco Bel√©m (@bistroebotecobelem) - Instagram,Endere√ßo n√£o dispon√≠vel,Telefone: (91) 3230-2600,,
"ENGENHO BEL√âM - Card√°pio, Pre√ßos & Coment√°rios de ...",Endere√ßo n√£o dispon√≠vel,Telefone: (92) 3019-4939,,
GRILL MIX BEL√âM OFICIAL (@grillmixrestaurante) - Instagram,Endere√ßo n√£o dispon√≠vel,Telefone: (91) 98119-0522,,
Baron Club (@baronclubbelem) - Instagram,Endere√ßo n√£o dispon√≠vel,Telefone: (91) 98947-5257,,
REBUW (@rebuwclub) ‚Ä¢ Instagram photos and videos,
B√™ra Gastronomia (@bera.gastronomia),Endere√ßo n√£o dispon√≠vel,Telefone: (91) 99126-1213,,
Batist√£o Sucos (@batistaooficial) - Instagram,
Batist√£o Sucos (@batistaooficial) - Instagram,
Batist√£o Sucos (@batistaooficial) ‚Ä¢ Instagram photos and videos,"O endere√ßo da empresa BATISTAO SUCOS √© TRAVESSA APINAGES, 462 - BATISTA CAMPOS, Bel√©m - PA, 66025002. Qual o telefone da empresa BATISTAO SUCOS? O telefone ...",Telefone: (91) 3038-5366,,
Mapa,
combujuice - Sucos naturais - Instagram,
Sucos Naturais da Fruta (@hitmaniasucos),
combujuice - Sucos naturais,Endere√ßo n√£o dispon√≠vel,Telefone: (91) 98135-2536,,
Guaran√° da Amaz√¥nia (@guarapointbelem),
LT sucos natural | Bel√©m PA,
combujuice - Sucos naturais,
LT sucos natural | Bel√©m PA,
Manancial Sucos e Lanches A. M. da Fonseca ...,Endere√ßo n√£o dispon√≠vel,Telefone: (91) 98250-6046,,
Rei do Suco Artesanal ¬Æ (@reidosuco.027),
ùó¶ùó®ùóñùó¢ùó¶ ùóóùóî ùóõùó¢ùó•ùóî ¬Æ (@sucosdahora),
"Josy Sucos em Bel√©m, PA | Ind√∫stria de Bebidas","No mercado, a empresa est√° localizada no endere√ßo Passagem Nossa Senhora Das Gra√ßas, N¬∫ 80A no bairro Marambaia em Bel√©m - PA, CEP 66615-830. A empresa Josy ...",Telefone: (91) 98283-0845,,
Casa Rodney's Mix Sucos e Vitaminas - Belem,Endere√ßo n√£o dispon√≠vel,Telefone: (91) 98441-3135,,
Marcio's Lanches e Sucos,"No mercado, a empresa est√° localizada no endere√ßo Passagem Mucaj√°, N¬∫ 400 no bairro Sacramenta em Bel√©m - PA, CEP 66123-070. A empresa Marcio Lanches est√° ...",Telefone: (91) 3347-3516,,
combujuice - Sucos naturais,
"PASTELARIA DEUS PROVERA em Bel√©m, PA",
Bom do Par√° (@bomdopara),
"Emp√≥rio Org√¢nico (@emporioorganicobelem) ¬∑ Bel√©m, PA",
Org√¢nia- Loja online de produtos org√¢nicos em Bel√©m,
DIVINA TERRA PLAZA BEL√âM,Endere√ßo n√£o dispon√≠vel,Telefone: (91) 99310-9900,,
Gaia Produtos Naturais (@gaiaprodnaturais),"Qual o endere√ßo Gaia Produtos Naturais Marambaia? Av. Rodolfo Chermont, 507C - Marambaia, Bel√©m - PA, 66615-170, Brazil, CEP 66615-170, Brasil."
Puro Natural (@mercadopuronatural),Endere√ßo n√£o dispon√≠vel,Telefone: (91) 99290-2224,,
Na√ß√£o Verde Bel√©m (@nacaoverde.belem),Endere√ßo n√£o dispon√≠vel,Telefone: (91) 98404-3139,,
