Nome,Endereço,Telefone,Celular,Website
Casa Santa Luzia
Green Market: Home,
Empório Nuts (@emporionutsuberaba),
Mix Castanha Nuts Natus 200g,
Chocolate Confeiteiro Ki-kakau ao Leite Barra ...,
Nutty Bavarian,
Amêndoa Defumada Premium/Importada,
Nutty Bavarian,
"Grão de Gente - Enxovais para Bebê, Kits Berço, Kit Cama Babá ...",
Atacado Vila Nova | Visite nossa loja online,
CONTATO - Nogueira - Essencial no Campo,
Mix Nutri,
Cashew Nuts from Zamin Uthukuli - Harisan Traders,
Vila Granel - ON LOJA,
Nutra Nuts (@nutranuts) • Instagram photos and videos,
Castanha do Pará Média (Inteira/Premium),
Grãos & Cia,
Mapa,
Nutricorp – Qualidade e inovação no agronegócio,
Casa Flora,,Telefone,,
Compre Online,
Superfoods da Amazônia,
Le Manjue Organique,,"Distribuidora de alimentos e bebidas (Multibeer). Desde 1983. Telefone: (11) 3646-6710 · Av Dr Gastão Vidigal, 1946 - Portão 12 - Edifício 14 - Ceagesp, São ...",,
Bella Mix Cosmeticos/Perfumes (@bellamix.oficial),,Telefone: (11) 95610-3886,,
Mix de Castanhas,
Nutri Import,
Granola Gourmet (@gran.nuts),
Litoral Sul | Produtos Naturais Selecionados,,"Bio Mundo. Telefone: 3034-2799. Atividade: Produtos Naturais e Suplementos Esportivos. HORÁRIO DE FUNCIONAMENTO Segunda a sábado. Lojas, quiosques, stands e ...",,
Atacadão das Castanhas: Produtos Naturais em Uberlândia,
Chá Hortelã C/10 Leão - Medlimp Distribuidora,
Home - Comercial Vitória LTDA,"Comercial Vitória - veja informações sobre a empresa, telefone, endereço e site. Conheça os tipos de produtos fornecidos e as principais regiões de ...",Telefone,,
Nutsland (@nutslands) • Instagram photos and videos,
"Brazilian Nuts: Casa de nuts, granolas e cremes de castanhas",
Grãos & Sementes - Atacado e Varejo,
Terra Madre Brasília (@terramadrebrasilia),
Frutos da Terra Itaipava Hortifruti (@frutosdaterraitaipava),
Mundo em Grãos | Alimentos Naturais e Integrais em Pouso ...,
Viva Natural Distribuidora | Produtos Saudáveis e Naturais,
Simples & Natural (@_simplesenatural),"Simples & Natural - Grãos e Castanhas - Centro São Bernardo do Campo SP está no endereço R. Frei Gaspar, 40 - Vila Santa Rita de Cassia, São Bernardo do ...",Telefone: (11) 3996-0568,,
Nutty Bavarian,
Nutty Bavarian,
Noz do Brasil Produtos Naturais,"www.nozdobrasil.com.br Nosso endereço: Rua Amparo, 453 Vila Prudente, São Paulo, SP ⏰ seg a sex: 08:30 às 17:30 ⏰ sáb: 08:30 às 13:00 . Siga-nos: @ ..."
Nutty Bavarian,
Nutty Up,
EMPÓRIO DAS CASTANHAS (@emporiodascastanhas),
MJ Doces e Bolos (@mjdocesebolos),
Castanha Supermercado,,Telefone: (11) 3622-1447,,
Mercadão Natural,
EMPÓRIO DAS CASTANHAS (@emporiodascastanhas),
Pedro das Castanhas (@pedrodascastanhas),,Telefone: (11) 3791-2791,,
Empório Zanata (@emporiozanata) - Queijos • Vinhos,,Telefone: (11) 4365-1793,,
Nutty Bavarian,
Empório Santa Castanha (@emporiosantacastanha),,Telefone: (11) 97701-4571,,
Lojas físicas - Brazilian Nuts,,Telefone: (11) 97631-0528,,
Armazém Paes & Paes - Zona Cerealista do ABC,,Telefone: (11) 94061-5723,,
Nutty Bavarian,
Empório Sete Mestres,"Qual o endereço da EMPÓRIO SETE MESTRES? O endereço é R. Wadia Jafete Assad, 245 – Dos Casa, São Bernardo do Campo – SP, 09850-090 · Qual o horário de ..."
Nutty Bavarian,
Noz do Brasil Produtos Naturais,"www.nozdobrasil.com.br Nosso endereço: Rua Amparo, 453 Vila Prudente, São Paulo, SP ⏰ seg a sex: 08:30 às 17:30 ⏰ sáb: 08:30 às 13:00 . Siga-nos: @ ..."
Macadâmia Cerealista. (@macadamiacerealista),,"MACADÂMIA TORRADA S/ SAL ; A partir de · R$106,86/kg ; SKU: P02380 ; Categoria · OLEAGINOSAS ; Fale conosco. Telefone: (11) 3207-0252. WhatsApp: (11) 96635-7595. E- ...",,
macadamiamercadosaudavel,
macadåmia bolsas,
MACADAMIA HOMESTORE,
Macadâmia | Moda Feminina (@macadamiamodafeminina),
Mr Cheney Cookies | American Cookie Store,
Biscoitê - Paixão Pela Arte De Criar Biscoitos Finos,
Dadiva Natural,,Telefone: (11) 97170-3819,,
Macadamia | Macadâmia Bela Vista | São Paulo,
Restaurante Bananeira Morumbi | São Paulo | Identidade ...,,Telefone: (11) 3542-4630,,
Pecan Comidas e Doces (@restaurantepecan),,Telefone: (11) 4521-9202,,
Residencial Pecan - Casas de Condomínio à venda,,Telefone: (11) 4709-0617,,
Móveis Planejados Todeschini | Pecan é um padrão que ...,
Terrenos pecan itupeva à venda,
Loja Pecanobre,
Caju Multibenefícios | Benefícios corporativos para sua empresa,
Pé de Caju Bar & Petiscaria,,Telefone: (11) 98943-8566,,
Caju Bar (@barcaju.sp),
"CaJu Lanches e Salgados pub & Bar, São Bernardo do Campo",
Boteco 413,
Caju Multibenefícios | Benefícios corporativos para sua empresa,
Empório Caju (@emporiocaju) - Instagram,
Caju Bar e Restaurante (@cajubarerestaurante),
Mapa,"Qual o endereço da Restaurante Caju Verde? O endereço é Av. Vital Brasil, 861 – Butantã, São Paulo – SP, 05503-001 · Qual o horário de atendimento? Para ver o ..."
Mapa,"Qual o endereço da Restaurante Caju Verde? O endereço é Av. Vital Brasil, 861 – Butantã, São Paulo – SP, 05503-001 · Qual o horário de atendimento? Para ver o ..."
Lanchonete e Restaurante Caju (@lanchonetecaju),
"Tapiocas e pastéis gourmet do cajú restaurante, São Bernardo do ...",
Caju Multibenefícios | Benefícios corporativos para sua empresa,
Pousada Villa Caju - Jericoacoara Ceará,
Caju Verde (@cajuverderestaurante),,Telefone: (11) 3673-0583,,
"TOCA DO CAJU em São Vicente, SP - Consulta Empresa",
Maria Caju Restaurante (@restaurantemariacaju),
Caju Bar (@barcaju.sp),
"CAJU MEL DOCES LTDA em São Paulo, SP",
caju açai e lanches (@cajuacai_oficiall),
Nossas lojas,"Estamos no endereço R. Mal. Deodoro, 2785 - Centro, São Bernardo do Campo - SP, 09710-193. Venha conhecer a Atacadão SP - São Bernardo e descubra ...",Telefone: 0800 704 0184,,
Vencedor Atacadista – Variedade e preço baixo,,Telefone,,
Assaí Atacadista | Economize comprando no atacado,
Assaí Atacadista | Economize comprando no atacado,
Grupo Bem Barato,18 de abr. de 2024 — Conheça os endereços das lojas do Grupo Bem Barato e venha fazer economia. CLIQUE AQUI. OFERTAS.
Tenda Atacado - Suas compras de supermercado com preço ...,,Telefone: (11) 4070-6310,,
Atento Atacadista,
Grupo Bem Barato,
Oba Hortifruti,
Folheados no Atacado Cherie Bijoux,
Mega Boi (@frigomegaboi),
ChocoArt,
Mafat atacadista de roupas usadas,,MAFAT ATACADO DE ROUPAS SEMI NOVAS E VARIEDADES: ( LOJAS QUE COMPRAM ROUPAS USADAS em SAO BERNARDO DO CAMPO SP). Telefone: (11) 94392-8443 · Ligar. Endereço: R ...,,
Coco Atacado | Preço Venda Compra,
L Modas Jeans,,Telefone: (11) 96167-8101,,
SUPLEMERCADO FIT (@suplemercadofit),,Telefone: (11) 4104-0880,,
Loja online de La Bella Semijóias,
Atacado e Varejo Nova Veneza (@atacadonovaveneza),
"Brasileirão Atacado, distribuidora de bebidas, cerveja mais ...",
Grupo Bem Barato,
Oba Hortifruti,
Mercado Vila Nova,
Grupo Bem Barato,
Mapa,
Loyola Supermercado,,Telefone: (11) 4451-3110,,
Mercado DuParque (@duparquemercado),
Extra | Promoções imperdíveis e entrega rápida,
Mapa,
"13 de maio – Wikipédia, a enciclopédia livre",
Mercado CICO (@mercadocico) · Instagram photos and Reels,,Telefone: (11) 2564-7714,,
Extra | Promoções imperdíveis e entrega rápida,
Mapa,,Telefone,,
Hirota Food: Home,
"DIA Supermercado | Ofertas, Economia e ClubDIA",
Vencedor Atacadista – Variedade e preço baixo,,Telefone,,
Bom Fran Mercado (@bomfran),,Telefone: (11) 4125-3197,,
Superfoods da Amazônia,
Natural da Terra,,Telefone,,
Fispal Food Service,
BIO BRAZIL FAIR & NATURALTECH (@biobrazilnaturaltech),
B2Brazil: Essencial para o Comércio Exterior,
biomundo,,Telefone,,
"AREZZO I Bolsas, Sapatos, Acessórios Femininos e mais",
Grãos & Cia,
Brasil Natural | Mais de 40 anos no mercado,
Home - Natural One: conheça os nossos sucos 100% naturais!,
Mapa,
Vila Granel - ON LOJA,
"Home - Chocolates, Doces Finos, Trufas e mais na Loja Kopenhagen",
Loja Cacau Show,
Nestlé Brasil: Seja bem-vindo! | Nestlé Brasil,
Página inicial | Terreiro Vovó Benta | Curitiba,,Telefone: (41) 3353-3211,,
Olist: Soluções de Vendas Online e Serviços de E-commerce,
Brasil - Etsy Portugal,
Food Network,
ProFOOD Consulting,
Griletto,,Telefone,,
Giraffas,
Burger King®,
"Nuts & Seeds - Tides Commodity Trading Group, Inc.",
Globalnut – Your Partner in Nuts Dried Fruits and Seeds,
Fresh/Dried Brazil Nuts (HS: 080120) Product Trade ...,
Spasso natural - Facebook,
Mi Tomazela,
BioSpirit Spa,
Emporio Da Papinha (@emporiodapapinhario),
Home Yoki - Produtos que você conhece e confia. Sinta-se em casa.,
Camil Alimentos: Home,
Mapa,
Mega Atacado,
Qual é a Letra - Alimentos,
"GSC NEWS - Distribuidora de Produtos, Acessórios e ...",,... Contatos. Telefones (11) 2372-2058 (11) 2372-2054; E-mail contato@gscnews.com.br. Facebook. Copyright © 2024 GSC NEWS. Todos os Direitos Reservados.,,
