Emp√≥rio Natural Campinas,
Entreverdes Casa Saud√°vel - projetos residenciais,
NutriVida Produtos Saud√°veis (@nutrividabrasil),
Gr√£os & Cia,
Mercad√£o Natural,
Casa das Castanhas - Castanhas e Produtos Naturais em ...,
Esquina da Castanha (@esquina_da_castanha),
CAJUZINHO - Bambini,,"h√° 7 dias ‚Äî Cajuzinho preenchendo a sua timelime... ... Whatsapp/Telefone: (19) 3324-9036 R. Orlando Carpino, 211 - Castelo | #campinas SP atendimento ...",,
Mega Nuts (@meganutsstore),
Casa das Castanhas - Castanhas e Produtos Naturais em ...,,Telefone: (19) 99409-6556,,
Mania de Castanha,
Emp√≥rio Del√≠cia a Granel (@deliciaagranel) - Instagram,,Telefone: (19) 3308-3393,,
Nativa Ecol√≥gica - Pra quem √© apaixonado pela vida!,,Telefone: (19) 99974-6403,,
Gr√£os do Castelo (@graosdocastelo),,Telefone: (19) 3241-6338,,
Emp√≥rio do Parque (@emporiodoparque_),,"Emp√≥rio Narducci. Segmento: Cal√ßados Unissex. Localiza√ß√£o: Piso 3 - John Boyd, 3032. Telefone: (19) 3227-5344. Praticidade para comprar.",,
Bar√£o Ervas üåø (@barao_ervas),,Telefone: (19) 3249-1283,,
casa.rosa.granel - Instagram,,Telefone: (19) 3201-6815,,
Campinas (@armazembaraohortifruti) - Mercado Saud√°vel,,Telefone: (19) 99145-4916,,
Emp√≥rio Integrale (@emporiointegraleoficial),,Telefone: (19) 3203-7608,,
Lojas e Quiosques,
Quero Gr√£o Produtos Naturais e a Granel,
Precat√≥rios | M Castanha,,Telefone: (19) 99255-8921,,
Afu√° Gr√£os (@afuagraos) ‚Ä¢ Instagram photos and videos,,Telefone: (19) 99975-8027,,
Sabor Brasileiro Drageados,,Telefone: (19) 98204-4895,,
Vida Leve,
Loja online de Mr Nuts,,Telefone: (19) 3299-5540,,
Casa das Ervas - Campinas/SP (@casa_das_ervas_campinas),,Telefone: (19) 98156-4307,,
Casa Naturale Bar√£o Geraldo (@casanaturalecampinas),,Telefone: (19) 99759-2920,,
Cantinho Coisa Nossa (@cantinhocoisanossa),,Telefone: (19) 99551-1414,,
Ch√° Com Nozes (@chacomnozes_produtora),
Macadamia | Macad√¢mia Bela Vista | S√£o Paulo,
QueenNut Macad√¢mia | Refer√™ncia mundial em macad√¢mia,
Mapa,
Banana Caf√© Campinas,,Telefone: (19) 3252-9792,,
Bananas Nacional: Inicio,
LAGUNDRI CAMPINAS - Vila Industrial - Coment√°rios de ...,,Telefone: (19) 3251-0719,,
"RESTAURANTE PECAN, Jundia√≠ - Coment√°rios de ...",,Telefone: (11) 4521-9202,,
Caju Moda Feminina (@modafeminina_caju),,Telefone: (19) 99267-2734,,
cajufloratelie - Por Luiza Bezerra - Instagram,,Telefone: (19) 99328-5095,,
"Menu do Caju | Caf√© Caramello, P√£o de Queijo com Bacon ...",
CHOCOLATE TABLETE GAROTO CAST.CAJU 80G,
"Atacad√£o Campinas - Rodovia Dom Pedro I, KM 139. 9",,Telefone: (19) 3716-8444,,
Higa Atacado: compre no atacado e varejo,
Mapa,,Telefone,,
Makro - Santos Dumont - Campinas - SP,,Telefone: (19) 3728-2700,,
Max Atacadista,,Telefone,,
DG Atacado,,Telefone: (19) 3227-3771,,
Nossas lojas,,Telefone: (19) 3716-8700,,
GIGA Atacado - o melhor lugar para comprar barato,
Loja Campinas | Rold√£o Atacadista,,Telefone: (19) 3772-1790,,
Mercado Municipal - Campinas,
Mapa,
Supermercado Taquaral: P√°gina Inicial,,Telefone: (19) 3794-9444,,
Supermercados Vila,"Vila Mais Supermercados, com 4 endere√ßos em Campinas para melhor atender seus clientes. A Rede Vila Mais Supermercados tem o compromisso de garantir sempre ..."
Mercado Princesa,,Telefone: (19) 98931-7248,,
"Riachuelo | Moda Feminina, Masculina e Casa Do Seu Jeito",
Supermercado Galassi,,Telefone,,
Santa Therezinha,
Deli Smart,
Emporio D'Aboli√ß√£o (@emporio_dabolicao),,"Contatos. E-mail: [email protected] (Enviar E-mail). Telefone(s): (19) 3327-6100 (Ligar). Localiza√ß√£o. Logradouro: Rua Da Abolicao, 2671.",,
Excel√™ncia Vinhos üç∑ (@excelenciavinhos),,"‚òéÔ∏è Telefone: (19) 3294-9594 ‚úì WhatsApp: (19) 982936556 Av. Dr. Jesu√≠no Marcondes Machado, 2031 - Jardim Planalto, Campinas - SP #vinhos #vinhoscampinas # ...",,
Mapa,
Mapa,
A melhor adega da regi√£o (@emporiotaquaral),,Telefone: (19) 98942-2490,,
Nono Bier Cervejas e Vinhos,,Telefone: (19) 3294-7034,,
Miami Store,,Telefone: (19) 2122-3500,,
Enoteca Decanter Campinas - Gramado Mall,,Telefone: (19) 99355-1529,,
Vila Prado Emp√≥rio (@vila_prado_emporio),,Telefone: (19) 99236-0999,,
O Senhor dos Licores (@senhordoslicores),"A empresa est√° localizada no bairro SP - Jardim Proen√ßa e no endere√ßo Av. Princesa D'Oeste, 1353 - Jardim Proen√ßa, Campinas - SP, 13026-137, Brazil ,CEP 13026- ...",Telefone: (19) 99335-5215,,
BARU RESTAURANTE (@baru_coreano),,Telefone: (19) 3255-0013,,
Sabor da Fruta LTDA (@sabordafrutacps),,Telefone: (19) 3231-0111,,
Batid√£o | Casa de Sucos Campinas (@batidaocampinas),,Telefone: (19) 99264-9699,,
Suco de Praia | CAMPINAS,,Telefone: (19) 97418-5450,,
Imperio Do Suco (@imperio_dosuco),,Telefone: (19) 99222-6080,,
Nossas Lojas | Franquia de Sucos e Alimenta√ß√£o Saud√°vel,,Telefone: (19) 3236-8646,,
Clique aqui para conhecer todas as nossas lojas.,,Telefone: (19) 3229-2621,,
Cambu√≠ (Campinas),,Telefone: (19) 3203-6774,,
