Nossa Castanha,"Av Ayrton Senna n 5.500 Bloco 12 Quiosque S17 - Jacarepaguá, Rio de Janeiro - RJ, 22775-005, Brazil"
Trilha Alimentos - granolas e snacks de castanhas,"Rua das Laranjeiras 336 loja F, box 12 - Laranjeiras, Rio de Janeiro - RJ, 22240-003, Brazil"
Distribuidora - Castanhas do Ciro,"R. Praia de Inhaúma, 73 - Maré, Rio de Janeiro - RJ, 21042-130, Brazil"
"Caminho Bem Estar, Castanhas, Ervas, Chás, Temperos, Suplementos, Oleaginosos, Sementes e Grãos em Pedra de Guaratiba","Estr. da Pedra - Guaratiba, Rio de Janeiro - RJ, 23030-380, Brazil"
MARA CASTANHA,"Av. Rui Barbosa, 172 - São Francisco, Niterói - RJ, 24360-440, Brazil"
FRUTOS DO BRASIL,"CEASA Pav. 43 loja 46, Av. Brasil, 19001 - Irajá, Rio de Janeiro - RJ, 21530-000, Brazil"
Nutty Bavarian,"Av. Ayrton Senna, 3000 - Barra da Tijuca, Rio de Janeiro - RJ, 22775-904, Brazil"
Nutty Bavarian,"Av. Pastor Martin Luther King Jr., 126 - Del Castilho, Rio de Janeiro - RJ, 20765-630, Brazil"
Castor Mercado Saudável - Ipanema,"R. Visc. de Pirajá, 330 - Ipanema, Rio de Janeiro - RJ, 22410-000, Brazil"
Casa Verdini - Suplementos e Produtos Naturais,"R. Carolina Meier, 17 - Méier, Rio de Janeiro - RJ, 20780-000, Brazil"
Zé da Castanha,"Feira de São Cristóvão - Loja E.39, Avenida Bahia - São Cristóvão, Rio de Janeiro - RJ, 20921-440, Brazil"
Nutty Bavarian,"Praça Sen. Salgado Filho, s/n - Centro, Rio de Janeiro - RJ, 20021-340, Brazil"
Nutty Bavarian - Plaza Niterói,"Rua Quinze de Novembro, 4 - 1º andar - Centro, Niterói - RJ, 24020-125, Brazil"
Nutty Bavarian,"Av. Embaixador Abelardo Bueno, 1300 - Barra da Tijuca, Rio de Janeiro - RJ, 22775-040, Brazil"
Nutty Bavarian,"Terminal e Ed Edifício Garagem Menezes Cortes, R. São José, 35 - Centro, Rio de Janeiro - RJ, 20010-020, Brazil"
Carioca Zen Produtos Naturais,"Rua Humaitá, 154 - Humaitá, Rio de Janeiro - RJ, 22261-001, Brazil"
Space Nutcracker,"Tv. Cristiano Lacorte, 54 - Copacabana, Rio de Janeiro - RJ, 22071-010, Brazil"
Nutty Bavarian,"Av. Ayrton Senna, 3000 - Barra da Tijuca, Rio de Janeiro - RJ, 22775-904, Brazil"
Noz do Brasil - Produtos Naturais - Vila Prudente SP,"R. Amparo, 453 - Vila Prudente, São Paulo - SP, 03151-060, Brazil"
Confeitaria Manon Ouvidor,"R. do Ouvidor, 187 - Centro, Rio de Janeiro - RJ, 20040-030, Brazil"
Nutty Bavarian,"Terminal e Ed Edifício Garagem Menezes Cortes, R. São José, 35 - Centro, Rio de Janeiro - RJ, 20010-020, Brazil"
Macadame Construtora,"Av. Franklin Roosevelt, 126 - sl 809 - Centro, Rio de Janeiro - RJ, 20021-120, Brazil"
Rainha da Macadâmia,"R. São João, 143 - Morro do Sossego, Piraí - RJ, 27175-000, Brazil"
Banana Br,"R. do Passeio, 38 - Loja D 1º Andar - Centro, Rio de Janeiro - RJ, 20021-290, Brazil"
Pecan Gourmet,"Av. Armando Lombardi, 633 - loja H - Barra da Tijuca, Rio de Janeiro - RJ, 22640-020, Brazil"
Caju,"Caju, Rio de Janeiro - State of Rio de Janeiro, Brazil"
Atacadão Rj,"Atendimento& whatsapp (21)99938, R. Regente Feijó, 43 - 9983R - Centro, Rio de Janeiro - RJ, 20060-060, Brazil"
Magui Atacado,"R. Prof. Castilho, 166 - Campo Grande, Rio de Janeiro - RJ, 23045-060, Brazil"
Atacadão da Central,"R. Barão de São Félix, 120 - Centro, Rio de Janeiro - RJ, 20221-425, Brazil"
Atacadão Carioca,"R. Luís de Camões, 95 - Centro, Rio de Janeiro - RJ, 20060-030, Brazil"
Atacadão Da Brasil,"R. Otranto - Vigário Geral, Rio de Janeiro - RJ, 21241-090, Brazil"
Assaí Atacadista,"R. Mariz e Barros, 975 - Tijuca, Rio de Janeiro - RJ, 20270-004, Brazil"
Chinatown Wholesale and Retail,"Rod. Washington Luiz, 2400 - Parque Duque, Duque de Caxias - RJ, 25085-009, Brazil"
Lin Atacadão,"R. Luís de Camões, 74 - Centro, Rio de Janeiro - RJ, 20051-020, Brazil"
Assaí Atacadista,"Av. Brasil, 2251 - Vasco da Gama, Rio de Janeiro - RJ, 20930-041, Brazil"
Atacado Master,"R. Sr. dos Passos, 107 - Centro, Rio de Janeiro - RJ, 20061-014, Brazil"
Atacadão do Meier,"Av. Amaro Cavalcanti, 37 - Méier, Rio de Janeiro - RJ, 20735-040, Brazil"
Rio10 Atacado,"Rod. Washington Luiz, 1911 - Parque Santa Marta, Duque de Caxias - RJ, 25085-008, Brazil"
Dally Boy Atacadão e Varejo,"R. Buenos Aires, 316 - Centro, Rio de Janeiro - RJ, 20061-001, Brazil"
Sun of the Sahara,"R. Buenos Aires, 304/306 - Centro, Rio de Janeiro - RJ, 20061-001, Brazil"
Atacado E Varejo,"R. da Alfândega, 177 - Centro, Rio de Janeiro - RJ, 20070-005, Brazil"
Plus Atacadista,"R. Carolina Reidner, 75 - Catumbi, Rio de Janeiro - RJ, 20211-280, Brazil"
Barracuda Atacado e Varejo,"R. Sr. dos Passos, 130 - Centro, Rio de Janeiro - RJ, 20061-014, Brazil"
Joeri Atacadão,"Rua Gonçalves Lédo, 72 - Centro, Rio de Janeiro - RJ, 20060-020, Brazil"
Impocenter,"R. Regente Feijó, 61 - Centro, Rio de Janeiro - RJ, 20060-060, Brazil"
ATACADÃO BIJU,"R. da Alfândega, 189 - Centro, Rio de Janeiro - RJ, 20070-006, Brazil"
Municipal Market RJ - CADEG,"R. Cap. Félix, 110 - Benfica, Rio de Janeiro - RJ, 20920-310, Brazil"
Rede Big Market,"Av. Gomes Freire, 764 - Lapa, Rio de Janeiro - RJ, 20231-015, Brazil"
Mercado Popular Uruguaiana,"Metro, R. Uruguaiana - Centro, Rio de Janeiro - RJ, 20070-006, Brazil"
Extra Mercado,"R. Riachuelo, 220 - Centro, Rio de Janeiro - RJ, 20230-015, Brazil"
Carrefour,"Av. das Américas, 5150 - Barra da Tijuca, Rio de Janeiro - RJ, 22640-102, Brazil"
Supermercados Mundial Bairro de Fátima | Riachuelo,"R. Riachuelo, 192/194 - De Fatima, Rio de Janeiro - RJ, 20230-015, Brazil"
Mundial,"Rua Siqueira Campos, 71 - Copacabana, Rio de Janeiro - RJ, 22050-002, Brazil"
Supermarket,"R. Riachuelo, 232 - Centro, Rio de Janeiro - RJ, 20230-240, Brazil"
Extra Mercado,"R. Santana, 157 - Centro, Rio de Janeiro - RJ, 20230-260, Brazil"
Pão de Açúcar,"R. Jardim Botânico, 680 - Jardim Botânico, Rio de Janeiro - RJ, 22461-000, Brazil"
Supermercados Guanabara,"R. Almirante Cochrane, 146 - Tijuca, Rio de Janeiro - RJ, 20550-040, Brazil"
Supermarket,"R. Barata Ribeiro, 502 - Copacabana, Rio de Janeiro - RJ, 22040-002, Brazil"
Zona Sul Supermercado Largo do Machado,"R. Machado de Assis, 40 - Flamengo, Rio de Janeiro - RJ, 22220-060, Brazil"
Mercado Imperial do Cosme Velho,"R. Cosme Velho, 174 - Cosme Velho, Rio de Janeiro - RJ, 22241-090, Brazil"
Zona Sul Supermercado Barra da Tijuca - Barra Square,"Av. das Américas, 3665 - Barra da Tijuca, Rio de Janeiro - RJ, 22631-003, Brazil"
Extra Mercado,"R. Aristídes Lôbo, E 236 - Rio Comprido, Rio de Janeiro - RJ, 20250-490, Brazil"
Supermercados Mundial Praça da Bandeira | Matoso,"R. do Matoso, 60 - Praça da Bandeira, Rio de Janeiro - RJ, 20270-133, Brazil"
Zona Sul Supermarket,"R. Visc. de Pirajá, 577 - Ipanema, Rio de Janeiro - RJ, 22410-003, Brazil"
Supermercados Mundial Botafogo,"R. Voluntários da Pátria, 24 - Botafogo, Rio de Janeiro - RJ, 22270-010, Brazil"
Extra Supermarket,"Largo do Machado, 19/23 - Centro, Rio de Janeiro - RJ, 22210-001, Brazil"
Lojas Empório - Rua do Ouvidor,"R. do Ouvidor, 97 - Centro, Rio de Janeiro - RJ, 20040-030, Brazil"
Lojas Empório - Copacabana,"Av. Nossa Sra. de Copacabana, 903 - Copacabana, Rio de Janeiro - RJ, 22060-001, Brazil"
Empório CR,"Av. Ayrton Senna, 2541 - Barra da Tijuca, Rio de Janeiro - RJ, 22775-002, Brazil"
Empório Gourmet,"R. Dias da Cruz, 461 - Méier, Rio de Janeiro - RJ, 20720-012, Brazil"
Empório 37,"R. Maria Quitéria, 37 - Ipanema, Rio de Janeiro - RJ, 22410-040, Brazil"
Empório Lamego,"Praça Condessa Paulo de Frontin, 55 - Rio Comprido, Rio de Janeiro - RJ, 20261-190, Brazil"
Empório Jardim na Praia,"R. Maria Quitéria, 62 - Ipanema, Rio de Janeiro - RJ, 22410-040, Brazil"
Empório Chic - Bebidas e Snacks,"Av. Treze de Maio, 23 - Grupo 426 - Centro, Rio de Janeiro - RJ, 20031-007, Brazil"
Rio Emporium Cachaçaria,"R. Ubaldino do Amaral, 56 - Lapa, Rio de Janeiro - RJ, 20231-016, Brazil"
Empório Saúde - Ipanema,"R. Visc. de Pirajá, 414, Loja 111, 1º Piso - Ipanema, Rio de Janeiro - RJ, 22410-002, Brazil"
Empório,"R. Milton Leão, 116 - Loja A - Campo Grande, Rio de Janeiro - RJ, 23050-240, Brazil"
Livraria Saraiva,"Centro, Rio de Janeiro - State of Rio de Janeiro, 22610-320, Brazil"
Empório Rio São Paulo,"Brazil, Rio de Janeiro, Campo Grande, リオ＝サン・パウロ道路"
Empório dos Astros,"Empório dos Astros - R. Evaristo da Veiga, 45 - Lapa, Rio de Janeiro - RJ, 20230-261, Brazil"
Empório Vin - Loja de Vinho no Rio de Janeiro,"R. Correia Dutra, 99 - sl 211 - Catete, Rio de Janeiro - RJ, 22210-050, Brazil"
EMPÓRIO YUDI Alimentos e Artigos Orientais,"R. das Laranjeiras, 21 - Loja 34 - Laranjeiras, Rio de Janeiro - RJ, 22240-000, Brazil"
Empório Irmãs da Terra,"R. Sete de Setembro, 125 - Centro, Rio de Janeiro - RJ, 20050-006, Brazil"
Emporio Boutique,"R. Timbaúba, 125 - a - Campo Grande, Rio de Janeiro - RJ, 23087-290, Brazil"
Empório K,"R. da Alfândega, 296 - Centro, Rio de Janeiro - RJ, 20061-022, Brazil"
Empório Carioca,"R. José de Souza Baeta, 22 - Taquara, Rio de Janeiro - RJ, 22710-170, Brazil"
Bistrô Empório Rocco,"R. da Quitanda, 3 - loja b - Centro, Rio de Janeiro - RJ, 20011-030, Brazil"
Clovispinga,"R. Lucídio Lago, 395 - casa 6 apto 101 - Méier, Rio de Janeiro - RJ, 20780-020, Brazil"
Deu la deu vinhos,"R. Domingos Ferreira, 66 - Copacabana, Rio de Janeiro - RJ, 22050-012, Brazil"
Safra Wine Store,"Shopping Cassino Atlântico - Av. Atlântica, 4240 - Copacabana, Rio de Janeiro - RJ, 22070-900, Brazil"
Portal Copa Depósito de Bebidas,"Rua Siqueira Campos, 96 - Loja A - Copacabana, Rio de Janeiro - RJ, 22031-072, Brazil"
CASA BRASIL VINHOS,"Ladeira dos Tabajaras, 14 - Loja B - Copacabana, Rio de Janeiro - RJ, 22031-112, Brazil"
A Garrafeira,"Av. Gen. San Martin, 1227 - Leblon, Rio de Janeiro - RJ, 22441-015, Brazil"
Espírito do Vinho,"R. Voluntários da Pátria, 446 - Humaitá, Rio de Janeiro - RJ, 22270-018, Brazil"
Planeta Sonho Delicatessen,"Av. Nossa Sra. de Copacabana, 455 B - Copacabana, Rio de Janeiro - RJ, 22020-002, Brazil"
Bebida In Box Shopping Uptown Barra,"avenida ayrton senna, 5500 Bloco 7 - Loja 147 e 148 - Barra da Tijuca, Rio de Janeiro - RJ, 22775-005, Brazil"
Licor Doce,"R. Henry Ford, 205 - Tijuca, Rio de Janeiro - RJ, 20520-150, Brazil"
Ocam Vinhos,"R. José Eugênio, 19 - São Cristóvão, Rio de Janeiro - RJ, 20941-140, Brazil"
Planeta Sonho Delicatessen,"Av. Nossa Sra. de Copacabana, 960 - Copacabana, Rio de Janeiro - RJ, 22060-001, Brazil"
Porto Di Vino,"R. Visc. de Pirajá, 207 - loja 105 - Ipanema, Rio de Janeiro - RJ, 22410-001, Brazil"
Koala Conveniencia,"R. Pinheiro Guimarães, 8A - Botafogo, Rio de Janeiro - RJ, 22281-080, Brazil"
Farinha Pura Emporium,"R. Voluntários da Pátria, 446 - Botafogo, Rio de Janeiro - RJ, 22270-010, Brazil"
Gaspar Cachaçaria,"R. Pernambuco, Loja D-47 - São Cristóvão, Rio de Janeiro - RJ, 20921-440, Brazil"
Vino Ipanema,"R. Aníbal de Mendonça, 55 - Loja g - Ipanema, Rio de Janeiro - RJ, 22410-050, Brazil"
Gullo Tabacaria Tijuca,"R. Uruguai, 380 - Loja 3 - Tijuca, Rio de Janeiro - RJ, 20510-052, Brazil"
Vino! Flamengo Wine Bar,"Ícono Parque - Rua Governador Irineu Bornhausen, s/n - Flamengo, Rio de Janeiro - RJ, 22220-060, Brazil"
Baru Rio,"Estr. do Pontal, 7230 - Recreio dos Bandeirantes, Rio de Janeiro - RJ, 22790-877, Brazil"
Baru Offshore Navegação Ltda.,"Av. Rio Branco, 108 - 28º andar - Centro, Rio de Janeiro - RJ, 20040-001, Brazil"
Rei dos Sucos,"R. Uruguaiana, 66 - Centro, Rio de Janeiro - RJ, 20050-090, Brazil"
Golden Sucos,"Av. Lúcio Costa, 5130 - Barra da Tijuca, Rio de Janeiro - RJ, 22630-012, Brazil"
Cia dos Sucos,"R. Barão de Mesquita, 280 - Tijuca, Rio de Janeiro - RJ, 20540-003, Brazil"
Bibi Sucos,"R. Miguel Lemos, 31 - LOJA A - Copacabana, Rio de Janeiro - RJ, 22071-000, Brazil"
Campeão dos Sucos,"R. Alexandre Mackenzie, 21 - Centro, Rio de Janeiro - RJ, 20221-410, Brazil"
Polis Sucos,"R. Maria Quitéria, 70 - Ipanema, Rio de Janeiro - RJ, 22410-040, Brazil"
Tropical Sucos,"R. Marquês de Abrantes, 234 - Flamengo, Rio de Janeiro - RJ, 22230-061, Brazil"
Beach Sucos,"Av. Afrânio de Melo Franco, 170 - Leblon, Rio de Janeiro - RJ, 22430-060, Brazil"
Bibi Sucos,"Av. Olegário Maciel, 440 - Barra da Tijuca, Rio de Janeiro - RJ, 22621-200, Brazil"
Rei dos Sucos,"Rua Conde de Bonfim, 690 - ljc - Tijuca, Rio de Janeiro - RJ, 20530-002, Brazil"
Casa de Sucos da Vila,"Blvd. 28 de Setembro, 294 - Vila Isabel, Rio de Janeiro - RJ, 20551-055, Brazil"
Bibi Sucos,"Av. Ataulfo de Paiva, 591 A - Leblon, Rio de Janeiro - RJ, 22440-033, Brazil"
BB Lanches,"R. Aristides Espinola, 64 - Loja A - Leblon, Rio de Janeiro - RJ, 22440-050, Brazil"
Fórmula dos Sucos,"R. Rodrigo Silva, 40 - Centro, Rio de Janeiro - RJ, 20011-040, Brazil"
Sabor dos Sucos,"R. Riachuelo, 190 - Centro, Rio de Janeiro - RJ, 20230-015, Brazil"
Casa Di Succo,"Rua Bulhões Carvalho, 650 - Copacabana, Rio de Janeiro - RJ, 22081-010, Brazil"
By Kicê Natural Juices,"Av. Nossa Sra. de Copacabana, 1033 - Loja J - Copacabana, Rio de Janeiro - RJ, 22060-001, Brazil"
Casa dos Sucos Lanchonete,"Av. Dom Hélder Câmara, 7287 - lj C - Abolição, Rio de Janeiro - RJ, 20755-183, Brazil"
Big Polis,"Av. Ataulfo de Paiva, 505 - Leblon, Rio de Janeiro - RJ, 22440-032, Brazil"
Bibi Sucos,"R. Santa Clara, 36 - Copacabana, Rio de Janeiro - RJ, 22041-012, Brazil"
Tito Orgânicos,"R. Marquês de São Vicente, 86 - Gávea, Rio de Janeiro - RJ, 22451-041, Brazil"
Orgânicos do Rio,"Estrada do Pacuí - Vargem Grande, Rio de Janeiro - RJ, 22785-160, Brazil"
Orgânicos da Fátima,"R. Daut Péres, 70 - Barra da Tijuca, Rio de Janeiro - RJ, 22640-070, Brazil"
Tito Orgânicos,"R. das Laranjeiras, 280 - Loja C - Laranjeiras, Rio de Janeiro - RJ, 22240-003, Brazil"
Organic Fair of the River Plate,"Praça Elza Pinho Osborne - Campo Grande, Rio de Janeiro - RJ, 23017-360, Brazil"
Feira de Orgânicos da Glória,"Praça Luiz de Camões, 258 - Glória, Rio de Janeiro - RJ, 22210-005, Brazil"
Korin Organic and Natural,"R. Min. Viveiros de Castro, 79b - Copacabana, Rio de Janeiro - RJ, 22021-010, Brazil"
Orgânicos Três Picos,"Rua Humaitá, 95 - Humaitá, Rio de Janeiro - RJ, 22261-000, Brazil"
Loja Korin Botafogo,"R. São João Batista, 16 - Botafogo, Rio de Janeiro - RJ, 22270-030, Brazil"
Rede i-tal,"Av. Ten-Cel. Muniz de Aragão, n°1065 - Anil, Rio de Janeiro - RJ, 22765-008, Brazil"
Orgânico in box,"R. Gen. Bruce, 761 - São Cristóvão, Rio de Janeiro - RJ, 20921-030, Brazil"
Grão Integral,"R. das Laranjeiras, 43 - loja 13 - Laranjeiras, Rio de Janeiro - RJ, 22240-000, Brazil"
Feira de Orgânicos do Recreio,"Praça Restier Gonçalves - Recreio dos Bandeirantes, Rio de Janeiro - RJ, 22790-150, Brazil"
Naturio,"Rua Dona Mariana, 97 B - Botafogo, Rio de Janeiro - RJ, 22280-020, Brazil"
Naturalmente Produtos Naturais a Granel,"Rua Paulo Roberto Matheus, 8 - Vargem Pequena, Rio de Janeiro - RJ, 22783-113, Brazil"
Naturalmente organicos,"Grajaú, Rio de Janeiro - State of Rio de Janeiro, 20561-206, Brazil"
Feira Orgânica do Peixoto,"Praça Edmundo Bitencourt, 2433 - Copacabana, Rio de Janeiro - RJ, 22041-040, Brazil"
Sítio do Moinho Produtos Orgânicos,"Corporate & Offices O2 - Av. Jose Silva de Azevedo Neto, 200, bloco 9, loja 111 - Barra da Tijuca, Rio de Janeiro - RJ, 22431-040, Brazil"
Armazém do Recreio,"Map Band Office & Mall - Estr. dos Bandeirantes, 8591 - Loja 1011 - Jacarepaguá, Rio de Janeiro - RJ, 22783-115, Brazil"
Glut Glut Natural Foods Store,"R. Riachuelo, 239 - loja E - Centro, Rio de Janeiro - RJ, 20230-011, Brazil"
DEOLLI & VIEIRA COMÉRCIO DE ALIMENTOS MEI,"R. Elza Gomes, 77 - Realengo, Rio de Janeiro - RJ, 21730-570, Brazil"
Atelier Doce Minas,"Galeria Vitrine da Tijuca, Térreo Rua Conde do Bonfim, 346 - Tijuca, Rio de Janeiro - RJ, 20520-054, Brazil"
"Amandoces - Docinhos , Copo da Felicidade , Bolo , Presente","Av. Paranapuã, 1101 - Freguesia (Ilha), Rio de Janeiro - RJ, 21910-253, Brazil"
Boutique do Doce,"R. Frederico Méier, 19 - Quiosque 01 - Méier, Rio de Janeiro - RJ, 20780-010, Brazil"
Crystal Rio Exportação e Importação Ltda,"R. Ana Guimarães, 20 - Rocha, Rio de Janeiro - RJ, 20960-040, Brazil"
Alda Maria Doces Portugueses,"R. Alm. Alexandrino, 1116 - Santa Teresa, Rio de Janeiro - RJ, 20241-260, Brazil"
Cristal Artigos de Festa,"R. Barão de Mesquita, 212 - Tijuca, Rio de Janeiro - RJ, 20540-003, Brazil"
Mito dos cristais,"R. da Alfândega, 329 - Centro, Rio de Janeiro - RJ, 20061-021, Brazil"
Palácio dos Cristais,"R. da Alfândega, 331 - Centro, Rio de Janeiro - RJ, 20061-021, Brazil"
DOCERIA DA LADY,"ilha do governador - Rua Fernandes da Fonseca, 88 B - Ribeira, Rio de Janeiro - RJ, 21930-100, Brazil"
Salão de Sinuca Bola de Cristal,"Rua Ministro Tavares de Lira, 105 - Catete, Rio de Janeiro - RJ, 22221-060, Brazil"
Ju Broxado Cakes,"Rua Conde de Bonfim, 425 - loja O - Tijuca, Rio de Janeiro - RJ, 20520-051, Brazil"
Casa Cristal - Expansão da Consciência e Desenvolvimento Humano,"Estr. Velha da Tijuca, 2075 - Alto da Boa Vista, Rio de Janeiro - RJ, 20531-081, Brazil"
CRUMS CONFEITARIA E CAFETERIA - (Copacabana),"R. Dias da Rocha, 20 - Copacabana, Rio de Janeiro - RJ, 22051-021, Brazil"
Drogaria Cristal - Delivery RJ,"R. Riachuelo, 221 H - Centro, Rio de Janeiro - RJ, 20230-011, Brazil"
Crystal Hair,"R. Barão de Jaguaripe, 243 - Ipanema, Rio de Janeiro - RJ, 22421-000, Brazil"
Drogarias Cristal 24 Horas,"R. Barão de Mesquita, 675 - Tijuca, Rio de Janeiro - RJ, 20540-001, Brazil"
Drogaria Cristal Humaitá 24 Horas,"Cristal Humaitá - Rua Humaitá, 261 - loja A - Lagoa, Rio de Janeiro - RJ, 22261-000, Brazil"
Bortoluzzi Shop dos Cristais,"R. São Cristóvão, 617 B - São Cristóvão, Rio de Janeiro - RJ, 20940-000, Brazil"
Lecadô - Camorim,"Shopping Crystal Mall - Estrada dos Bandeirantes, 7967 loja 117 - Camorim - Jacarepaguá, 22780-085, Brazil"
Confeitaria Colombo,"R. Gonçalves Dias, 32 - Centro, Rio de Janeiro - RJ, 20050-030, Brazil"
Guaranamania,"Av. das Américas, 6700 - 109 - Barra da Tijuca, Rio de Janeiro - RJ, 22631-000, Brazil"
Guaracamp - (Cidade de Deus),"Estrada Marechal Miguel Salazar Mendes de Moraes, 1505 - Cidade de Deus, Rio de Janeiro - RJ, 22770-333, Brazil"
Guaraná da Amazônia,"Benfica, Rio de Janeiro - State of Rio de Janeiro, Brazil"
Mega Matte,"Av. Graça Aranha, 416 - Centro, Rio de Janeiro - RJ, 20030-903, Brazil"
Megamatte,"Av. Rio Branco, 50 - Centro, Rio de Janeiro - RJ, 20090-001, Brazil"
Guaraná Conteúdo,"R. Prof. Álvaro Rodrigues, 355/803 - Bloco 2 - Botafogo, Rio de Janeiro - RJ, 21072-550, Brazil"
Guarana Tobi,"R. Sen. Pompeu - Saúde, Rio de Janeiro - RJ, 20201-004, Brazil"
Guaraná,"Rua General Caldwell - Centro, Rio de Janeiro - RJ, 20231-000, Brazil"
