Nutty Bavarian - Castanhas Glaceadas e Salgadas,"Av. Afonso Pena, 4909 - Santa Fe, Campo Grande - MS, 79005-000, Brazil"
Castanhas da Lu,"R. Maracaju, 1256 - Centro, Campo Grande - MS, 79002-212, Brazil"
Mistura Nativa Produtos Naturais. Suplementos Encapsulados Açaí Temperos Castanhas Pimentas Farinhas Sem glútem Sem Lactose,"R. 15 de Novembro, 27 - Loja31 - Centro, Campo Grande - MS, 79002-140, Brazil"
Castanhas delivery,"R. Itape, 199 - Parque dos Novos Estados, Campo Grande - MS, 79035-120, Brazil"
Pistache Emporium Cereals,"R. Sebastião Lima, 944 - Jardim Monte Libano, Campo Grande - MS, 79002-822, Brazil"
Empório Nattu Saúde,"Rua 14 de Julho, 1623 - Centro, Campo Grande - MS, 79002-330, Brazil"
Emporium Good Living,"R. Brilhante, 2386 - Vila Bandeirante, Campo Grande - MS, 79010-500, Brazil"
Empório Mix Grãos,"Rua 14 de Julho, 1710 - Centro, Campo Grande - MS, 79002-330, Brazil"
Green Souk Mercado Natural Unidade Marquês de Lavradio,"R. Marquês de Lavradio, 380 - sala 05 - Jardim Sao Lourenco, Campo Grande - MS, 79041-340, Brazil"
Grain & grain - Emporium Light,"R. Rio Grande do Sul, 1602 - Vila Gomes, Campo Grande - MS, 79020-011, Brazil"
deBaRu Castanhas,"R. Dr. Miguel Vieira Ferreira, 588 - Vila Nossa Sra. das Gracas, Campo Grande - MS, 79116-470, Brazil"
Grãos do Park,"Av. Três Barras, 880 - Loja 07 - Vila Vilas Boas, Campo Grande - MS, 79051-290, Brazil"
Empório Divino Grão,"R. Pres. Café Filho, 355 - Vila Almeida, Campo Grande - MS, 79115-010, Brazil"
"Armazém 3 Marias - Produtos Naturais e Suplementos, Campo Grande MS","R. Spipe Calarge, 1673 - Jardim Tv Morena, Campo Grande - MS, 79051-580, Brazil"
Varejāo Fazendão,"Av. das Mansões, 133 - Nucleo Hab. Buriti, Campo Grande - MS, 79091-030, Brazil"
Sal da Terra Produtos Naturais,"R. Joaquim Murtinho, : 2034 - Itanhangá Park, Campo Grande - MS, 79003-020, Brazil"
Saúde em Grãos Comercio de Alimentos LTDA,"Av. América, 880 - sala 02 - Vila Planalto, Campo Grande - MS, 79009-060, Brazil"
Empório Viva Mais,"Avenida Joana D'arc, JOANA D'ARC, 1985 - Pioneiros, Campo Grande - MS, 79070-170, Brazil"
Bioma Empório Natural,"R. Raul Píres Barbosa, 989 - Chácara Cachoeira, Campo Grande - MS, 79040-150, Brazil"
Bento Grão Armazém,"R. Assunção, 317 - Vila Morumbi, Campo Grande - MS, 79052-061, Brazil"
Confeitaria Quebra Nozes - Doceria Campo Grande MS,"Av. Manoel Ferreira, 202 - Santo Antonio, Campo Grande - MS, 79100-330, Brazil"
CASA DUARTINA,"R. Alagoas, 634 - Jardim dos Estados, Campo Grande - MS, 79020-120, Brazil"
Bananaz Bazar,"Tv. Mirassol, 129 - Cel. Antonino, Campo Grande - MS, 79011-381, Brazil"
Distribuidora de Bananas Pereira Ltda,"R. Antônio Rahe, 680 - Mata do Jacinto, Campo Grande - MS, 79033-580, Brazil"
Frutaria Eco Banana,"R. Yokoama, 1149 - Jardim Canadá, Campo Grande - MS, 79112-260, Brazil"
Banana e Toffee,"R. Boqueirão, 77 - Jardim Autonomista, Campo Grande - MS, 79052-061, Brazil"
Grão e Grão Ecomercado Chácara Cachoeira,"R. Jeribá, 743 - Chácara Cachoeira, Campo Grande - MS, 79040-120, Brazil"
Barbearia do Caju,"Av. Alberto Araújo Arruda, 883 - Mata do Jacinto, Campo Grande - MS, 79033-470, Brazil"
Castanhas da Lu,"R. Maracaju, 1256 - Centro, Campo Grande - MS, 79002-212, Brazil"
Acerola E Caju,"R. Bahia, 1515 - Itanhangá Park, Campo Grande - MS, 79002-530, Brazil"
Ana Caju,"R. Pontalina, 722 - Universitário, Campo Grande - MS, 79060-540, Brazil"
Atacadão - Campo Grande Av. Costa e Silva,"Av. Costa e Silva, 1525 - Residencial Betaville, Campo Grande - MS, 79060-000, Brazil"
Atacadão - Campo Grande Coronel Antonino,"Av. Cônsul Assaf Trad, 3671 - Morada Verde, Campo Grande - MS, 79016-000, Brazil"
Distribuidora do Fort Atacadista Campo Grande,"Av. Ana Batista Caminha, 501 - Universitário, Campo Grande - MS, 79063-080, Brazil"
Fort Atacadista,"R. Antônio Bicudo, 112 - Jardim Sao Lourenco, Campo Grande - MS, 79041-320, Brazil"
Atacadão - Jardim Centenário,"Av. Gunter Hans, 5051 - Jardim Centenario, Campo Grande - MS, 79092-036, Brazil"
Atacadão - Campo Grande Aeroporto,"Av. Duque de Caxias, 2270 - Santo Antonio, Campo Grande - MS, 79101-000, Brazil"
Fort Atacadista,"Av. Cel. Antonino, 5498 - Jardim Montevideu, Campo Grande - MS, 79035-490, Brazil"
Fort Atacadista,"R. Petrópolis, 1080 - Res. Oliveira, Campo Grande - MS, 79091-830, Brazil"
Assaí Atacadista,"Av. Fábio Zahran, 7.919 - Jardim América, Campo Grande - MS, 79080-761, Brazil"
Fort Atacadista,"Av. Três Barras, 1499 - Vila Vilas Boas, Campo Grande - MS, 79051-290, Brazil"
Fort Atacadista,"R. São Borja, 586 - Vila Rica, Campo Grande - MS, 79022-360, Brazil"
Fort Atacadista,"Av. Pres. Ernesto Geisel, 501 - Jardim Jacy, Campo Grande - MS, 79006-820, Brazil"
Morena Atacadista,"Av. Amaro Castro Lima, 764 - Vila Nova Campo Grande, Campo Grande - MS, 79106-361, Brazil"
Assaí Atacadista,"Next to the airport - Av. Duque de Caxias, 3200 - Santo Antonio, Campo Grande - MS, 79101-000, Brazil"
Fort Atacadista,"R. da Divisão, 1208 - Jardim Parati, Campo Grande - MS, 79083-600, Brazil"
Assaí Atacadista,"Av. Cônsul Assaf Trad, s/n - Mata do Jacinto, Campo Grande - MS, 79033-005, Brazil"
Fort Atacadista,"Av. Pres. Vargas, 1336 - Papa João Paulo II, Campo Grande - MS, 79100-670, Brazil"
Morena Atacadista - Moreninhas,"R. Ipamerim, 144 - Moreninha, Campo Grande - MS, 79064-373, Brazil"
Fort Atacadista,"Dentro do Shopping Norte Sul Plaza - Av. Pres. Ernesto Geisel, 2300 - Cohafama, Campo Grande - MS, 79005-471, Brazil"
Assaí Atacadista,"R. Joaquim Murtinho, 3167 - Tiradentes, Campo Grande - MS, 79041-060, Brazil"
Mercadão Municipal Campo Grande- MS,"R. Sete de Setembro, 65 - Centro, Campo Grande - MS, 79002-121, Brazil"
Assaí Atacadista,"Av. Fábio Zahran, 7.919 - Jardim América, Campo Grande - MS, 79080-761, Brazil"
Pão de Açúcar,"R. Álvares de Azevedo, 195 - Vila do Polones, Campo Grande - MS, 79032-210, Brazil"
Comper Supermercados,"Av. Mato Grosso, 2674-2756 - Santa Fe, Campo Grande - MS, 79002-230, Brazil"
Comper Supermercados,"R. Treze de Maio, 4587 - São Francisco, Campo Grande - MS, 79002-353, Brazil"
Carrefour,"Av. Afonso Pena, 4909 - Santa Fe, Campo Grande - MS, 79031-010, Brazil"
Mercado Barão,"R. Braz Clementino Mendonça, 682 - Jardim Centro Oeste, Campo Grande - MS, 79073-180, Brazil"
Comper Ypê Center,"Av. Mascarenhas de Moraes, 2470 - Cruzeiro, Campo Grande - MS, 79010-500, Brazil"
Hyper Center Comper Zahran 64,"Av. Eduardo Elias Zahran, 2478 - Vila Vilas Boas, Campo Grande - MS, 79051-000, Brazil"
Hiper Center Tamandaré,"Av. Tamandaré, 635 - Vila Alba, Campo Grande - MS, 79009-790, Brazil"
Legal Supermercados,"Av. Júlio de Castilho, 3540 - Portal do Panamá, Campo Grande - MS, 79103-000, Brazil"
Comper Supermercados,"R. Brilhante, 2702 - Vila Bandeirante, Campo Grande - MS, 79006-560, Brazil"
Legal Supermercados,"R. Albert Sabin, 1075 - Vila Taveiropolis, Campo Grande - MS, 79090-160, Brazil"
Supermercado Pires - Vila Planalto - Campo Grande,"Av. Tamandaré, 508 - Vila Planalto, Campo Grande - MS, 79009-790, Brazil"
Comper Supermercados,"Av. Tamandaré, 635 - Jardim Leonidia, Campo Grande - MS, 79009-790, Brazil"
Comper Rui Barbosa - Shop 34,"R. Rui Barbosa, 736 - Santo André, Campo Grande - MS, 79004-440, Brazil"
Hiper Center Campo Grande,"Av. Tamandaré, 2957 - Jardim Paradiso, Campo Grande - MS, 79009-790, Brazil"
Supermercado Nunes,"Av. Gunter Hans, 165 - Guanandi, Campo Grande - MS, 79086-382, Brazil"
Supermercado Pires Júlio de Castilho,"Av. Júlio de Castilho, 2100 - Vila Santo Amaro, Campo Grande - MS, 79004-391, Brazil"
Supermarket Mister Junior,"R. das Balsas, 339 - Conj. Res. Estrela do Sul, Campo Grande - MS, 79013-220, Brazil"
Empório Equilíbrio Centro,"R. Mal. Rondon, 2512 - Centro, Campo Grande - MS, 79002-201, Brazil"
Nosso Empório,"R. Barão do Rio Branco, 2192 - Centro, Campo Grande - MS, 79002-172, Brazil"
Pistache Emporium Cereals,"R. Sebastião Lima, 944 - Jardim Monte Libano, Campo Grande - MS, 79002-822, Brazil"
Grão Santo Empório - Loja de Produtos Naturais,"R. Joaquim Murtinho, 1081 - Centro, Campo Grande - MS, 79003-020, Brazil"
Emporium Good Living,"R. Brilhante, 2386 - Vila Bandeirante, Campo Grande - MS, 79010-500, Brazil"
Empório Carandá,"Av. Antônio Teodorowich, 10 - Carandá Bosque, Campo Grande - MS, 79032-570, Brazil"
Empório Terra Morena,"Loja 01Avenida Mascarenhas de Moraes, 2372-2470 Avenida Ceará 1570 Center Ypê, Em Frente A Sertão Ao Lado Da Lotérica Loja 02 Hiper Center Jardim dos Estados, praça de alimentação, Loja02Jardim dos Estados, loja01 - Monte Castelo, Campo Grande - MS, 79010-500, Brazil"
Emporio Vida Leve,"R. Spipe Calarge, 385 - Jardim Tv Morena, Campo Grande - MS, 79050-261, Brazil"
Empório do Cravo,"R. Bahia, 1758 - Cruzeiro, Campo Grande - MS, 79002-530, Brazil"
Empório da Gleice,"R. Sete de Setembro, 61 - Centro, Campo Grande - MS, 79002-121, Brazil"
A Moda da Bru Pijamas e Cia - Campo Grande - MS (@amodadabru),"Amodadabru Pijamas e Cia - Shopping Norte Sul - Av. Pres. Ernesto Geisel, 2300 - Jardim Joquei Club, Campo Grande - MS, 79006-162, Brazil"
Empório do Mineiro,"R. Rogélio Casal Caminha, 507 - Monte Castelo, Campo Grande - MS, 79011-170, Brazil"
EMPÓRIO EQUILÍBRIO EUCLIDES,"R. Euclides da Cunha, 1414 - Santa Fe, Campo Grande - MS, 79021-200, Brazil"
Empório do campo,"R. Campo Nobre, 403 - Jardim Campo Nobre, Campo Grande - MS, 79073-026, Brazil"
Empório Mix Grãos,"Rua 14 de Julho, 1710 - Centro, Campo Grande - MS, 79002-330, Brazil"
Empório Bem Viver - Unidade Mascarenhas,"Av. Mascarenhas de Moraes, 2322 - Monte Castelo, Campo Grande - MS, 79010-500, Brazil"
Emporio da Terra,"R. Pedro Celestino, 3012 - São Francisco, Campo Grande - MS, 79004-560, Brazil"
Kanto de Minas - Empório e Café,"R. Des. Eurindo Neves, 66 - São Francisco, Campo Grande - MS, 79010-100, Brazil"
Grain & grain - Emporium Light,"R. Rio Grande do Sul, 1602 - Vila Gomes, Campo Grande - MS, 79020-011, Brazil"
"Armazém 3 Marias - Produtos Naturais e Suplementos, Campo Grande MS","R. Brilhante, 2702 - Vila Bandeirante, Campo Grande - MS, 79006-560, Brazil"
Coronel Beer | Distribuidora de Bebidas e Conveniência,"R. Sebastião Lima, 1324 - Jardim Monte Libano, Campo Grande - MS, 79004-600, Brazil"
CGR BEER,"Av. Cuiabá, 1052 - Jardim Leblon, Campo Grande - MS, 79092-035, Brazil"
Santa Festa Conveniência,"R. Amazonas, 3157 - Jardim Autonomista, Campo Grande - MS, 79022-130, Brazil"
Clickbeer São Francisco,"R. Dr. Arthur Jorge, 2314 - Cruzeiro, Campo Grande - MS, 79010-210, Brazil"
Cachaçaria Cantinho da Cachaça e Licores Campo Grande MS,"R. São Roque, 558 - Vila Taquarussu, Campo Grande - MS, 79006-230, Brazil"
Clickbeer Itanhangá,"R. Chaadi Scaff, 669 - Vila Rosa Pires, Campo Grande - MS, 79003-241, Brazil"
Enoteca Decanter,"R. Paraíba, 214 - Jardim dos Estados, Campo Grande - MS, 79020-000, Brazil"
JP conveniência,"Av. Pôr do Sol, 300 - Jardim Aeroporto, Campo Grande - MS, 79106-100, Brazil"
Clickbeer Ceará,"Av. Ceará, 2772 - Vila Rica, Campo Grande - MS, 79022-391, Brazil"
Condado do Vinho,"Rua 14 de Julho, 3351 - Box 113 - Centro, Campo Grande - MS, 79002-335, Brazil"
CT Baru,"R. Padre João Crippa, 2113 - Centro, Campo Grande - MS, 79010-180, Brazil"
Fast Suco,"R. Dr. Arthur Jorge, 1612 - Centro, Campo Grande - MS, 79041-340, Brazil"
Suco Bagaço,"Av. Afonso Pena, 4909 - Cidade Jardim, Campo Grande - MS, 79031-900, Brazil"
Zugo - Sucos Naturais,"Av. Mato Grosso, 3900 - Vivenda do Bosque, Campo Grande - MS, 79021-003, Brazil"
Suco Frutao,"R. Spipe Calarge - Vila Carlota, Campo Grande - MS, Brazil"
SL CASA DE SUCOS E ENERGÉTICOS,"R. Antônio Alves, 134 - Rita Vieira, Campo Grande - MS, 79052-310, Brazil"
Beto Sucos,"Av. Fernando Corrêa da Costa, 373 - Centro, Campo Grande - MS, 79005-050, Brazil"
Frutteria - Casa de Sucos,"R. Dr. Arthur Jorge, 799 - 04 - Centro, Campo Grande - MS, 79002-440, Brazil"
Casa de Suco e Pastelaria do Japonês,"Av. Afonso Pena, 2602 - Centro, Campo Grande - MS, 79040-010, Brazil"
SUCO BAGAÇO,"Av. Pres. Ernesto Geisel - Jardim Joquei Club, Campo Grande - MS, 79005-471, Brazil"
Rekanto of Guarana,"R. Antônio Maria Coelho, 33 - Vila Planalto, Campo Grande - MS, 79009-380, Brazil"
Frut' Sucos,"R. Sebastião Lima, 680 - Centro, Campo Grande - MS, 79004-600, Brazil"
Tropical Sucos e Lanches,"R. Rio Grande do Sul, 1409 - Centro, Campo Grande - MS, 79020-011, Brazil"
Picadinho Orla,"R. Ana América, 388 - Cabreúva, Campo Grande - MS, 79008-490, Brazil"
Açaí com Resenha-Água de coco/ Juice Truck,"Av. Afonso Pena - Chácara Cachoeira, Campo Grande - MS, 79040-010, Brazil"
Guarana Helena,"R. Sete de Setembro, 1834 - Centro, Campo Grande - MS, 79002-130, Brazil"
Suco Viva Feliz,"Av. Ten. Pedro Corrêa Duncan, 227 - Vila Carvalho, Campo Grande - MS, 79080-220, Brazil"
Mango Fresh Food,"Av. Mato Grosso, 1959 - Cruzeiro, Campo Grande - MS, 79020-200, Brazil"
Suco Frutão - Quiosque Comper Brilhante,"R. Brilhante, 2670 - Vila Bandeirante, Campo Grande - MS, 79006-360, Brazil"
Aruba,"R. Jeribá, 1029 - Chácara Cachoeira, Campo Grande - MS, 79040-120, Brazil"
Picadinho Lanches Ceará,"Av. Ceará, 2719 - Vila celia, Campo Grande - MS, 79022-390, Brazil"
Orgânicos - Alimentos orgânicos TB,"R. Vista Alegre, 38 - São Francisco, Campo Grande - MS, 79010-130, Brazil"
Limão Rosa Orgânicos,"Av. Mato Grosso, 3865 - Santa Fe, Campo Grande - MS, 79021-002, Brazil"
Horta Biosaúde Produtos Agroecológicos,"R. Afrânio Peixoto, 92 - Santo Antonio, Campo Grande - MS, 79100-500, Brazil"
"Orgânica Farmácia de Manipulação - Unidade Shopping Campo Grande, MS","WhatsApp +5567981701000 - Av. Afonso Pena, 4909 - Loja 2000A - Santa Fe, Campo Grande - MS, 79031-900, Brazil"
Green Souk Mercado Natural Unidade Marquês de Lavradio,"R. Marquês de Lavradio, 380 - sala 05 - Jardim Sao Lourenco, Campo Grande - MS, 79041-340, Brazil"
Grain & grain - Emporium Light,"R. Rio Grande do Sul, 1602 - Vila Gomes, Campo Grande - MS, 79020-011, Brazil"
"Orgânica Matriz - Farmácia de Manipulação em Campo Grande, MS","Av. Mato Grosso, 3407 - Whats (67)33822915 - Centro, Campo Grande - MS, 79021-002, Brazil"
"Armazém 3 Marias - Produtos Naturais e Suplementos, Campo Grande MS","R. Brilhante, 2702 - Vila Bandeirante, Campo Grande - MS, 79006-560, Brazil"
Sal da Terra Produtos Naturais,"R. Joaquim Murtinho, : 2034 - Itanhangá Park, Campo Grande - MS, 79003-020, Brazil"
Nosso Empório,"R. Barão do Rio Branco, 2192 - Centro, Campo Grande - MS, 79002-172, Brazil"
Bioma Empório Natural,"R. Raul Píres Barbosa, 989 - Chácara Cachoeira, Campo Grande - MS, 79040-150, Brazil"
Grão Santo Empório - Loja de Produtos Naturais,"R. Joaquim Murtinho, 1081 - Centro, Campo Grande - MS, 79003-020, Brazil"
Pistache Emporium Cereals,"R. Sebastião Lima, 944 - Jardim Monte Libano, Campo Grande - MS, 79002-822, Brazil"
Grão e Grão Ecomercado Chácara Cachoeira,"R. Jeribá, 743 - Chácara Cachoeira, Campo Grande - MS, 79040-120, Brazil"
"Armazém 3 Marias - Produtos Naturais e Suplementos, Campo Grande MS","R. Spipe Calarge, 1673 - Jardim Tv Morena, Campo Grande - MS, 79051-580, Brazil"
Grão e Grão Ecomercado Via Park,"R. Prof. Luís Alexandre de Oliveira, 933 - Carandá Bosque, Campo Grande - MS, 79021-184, Brazil"
Mel do Cerrado | Produtos Naturais | Suplementos | Campo Grande MS,"Av. Mato Grosso, 3344 - Santa Fe, Campo Grande - MS, 79021-151, Brazil"
Emporio Vida Leve,"R. Spipe Calarge, 385 - Jardim Tv Morena, Campo Grande - MS, 79050-261, Brazil"
Empório Equilíbrio Centro,"R. Mal. Rondon, 2512 - Centro, Campo Grande - MS, 79002-201, Brazil"
Mistura Nativa Produtos Naturais. Suplementos Encapsulados Açaí Temperos Castanhas Pimentas Farinhas Sem glútem Sem Lactose,"R. 15 de Novembro, 27 - Loja31 - Centro, Campo Grande - MS, 79002-140, Brazil"
Facholi - Sementes e Nutrição,"R. das Laranjeiras, 54 - Jardim Noroeste, Campo Grande - MS, 79045-243, Brazil"
Doce Cristal,"R. Arthur Vasconcelos Dias - Res. Betaville, Campo Grande - MS, 79060-233, Brazil"
Anita Doces | Doceria,"R. Clemente Pereira, 188 - Cabreúva, Campo Grande - MS, 79008-130, Brazil"
CRISTAL DOCES,"R. Noruega, 981 - Jardim Jacy, Campo Grande - MS, 79006-650, Brazil"
Guarana Helena,"R. Sete de Setembro, 1834 - Centro, Campo Grande - MS, 79002-130, Brazil"
Rekanto of Guarana,"R. Antônio Maria Coelho, 33 - Vila Planalto, Campo Grande - MS, 79009-380, Brazil"
Guarantã Distribuidora Ltda,"R. dos Ipês, 82 - Jardim Joquei Club, Campo Grande - MS, 79080-630, Brazil"
Casa do Guaraná,"Av. Mato Grosso, 115 - Centro, Campo Grande - MS, 79021-002, Brazil"
