Capital Castanhas,"Av. T-7, Quadra R31, Lote 04, 282, Sala 03 - St. Oeste, Goiânia - GO, 74140-110, Brazil"
Tropical Castanhas,"R. do Lírio - Parque Primavera, Aparecida de Goiânia - GO, 74913-126, Brazil"
JBR Castanhas - Atacadista de Produtos Naturais,"Rua 4 n 1565 Qd.1A, Lote:24 - St. Aeroporto, Goiânia - GO, 74075-050, Brazil"
MAISA CASTANHAS,"Av. Nízia Floresta Qd. 39 Lt. 30 Cond. Santa Rita Bairro - Góia, Goiânia - GO, 74486-005, Brazil"
Terra Santa Castanhas,"R. C-134, 755 - Qd 278 Lt 03 - Jardim América, Goiânia - GO, 74255-480, Brazil"
"Casa Grande Produtos Naturais, 297 - Castanhas, Frutas secas, Suplementos, Farinhas sem gluten, Temperos, xaropes.","Av. Gonzaga Jaime, 297 - sala 03 - Vila Redencao, Goiânia - GO, 74845-360, Brazil"
"Produtos Naturais - BelaNutri - Castanhas, Chás, Suplementos, Ora pro-nós, Maca peruana, Canela de velho, Vinagre, Detox","R. Aruanã - Jardim Bela Vista, Goiânia - GO, 74863-040, Brazil"
Castanhas Favorita,"Av. Acary Passos, Qd 18 - Lt 06 - Res. Vale do Araguaia, Goiânia - GO, 74735-525, Brazil"
Anis Produtos Naturais e Especiarias,"Praça C-170, 133 - Jardim América, Goiânia - GO, 74250-250, Brazil"
Estação das Castanhas,"R. C-157, 300 - Jardim América, Goiânia - GO, 74255-480, Brazil"
"Empório Casa de Oliva - Suplementos, Produtos Naturais, Saudáveis e Castanhas","R. das Orquídeas, Qd.CP18, Lt.01, Sala 3/4, 1969 - Res. Celina Park, Goiânia - GO, 74373-290, Brazil"
Manda Castanha,"Av. Dep. Jamel Cecílio, 1832 - St. Sul, Goiânia - GO, 74820-050, Brazil"
RBF CASTANHAS,"R. João de Abreu, 116 - St. Oeste, Goiânia - GO, 74140-110, Brazil"
Noz Produtos Naturais,"Av. E, N° 903 - Jardim Goiás, Goiânia - GO, 74810-030, Brazil"
quebra nozes calçados infanto-juvenis,"R. 1137, 44 - St. Marista, Goiânia - GO, 74115-030, Brazil"
Noz Produtos Naturais - Buena Vista Shopping,"R. T-38, 415 - QUADRA 124 LOTE 7-15 - St. Bueno, Goiânia - GO, 74223-045, Brazil"
Macadamia fashion,"R. 67-B, S/N - Quadra 141-B - Lote 69/86 ML 220 - Setor Norte Ferroviário, Goiânia - GO, 74063-320, Brazil"
Banana Vegana,"R. 3, 370 - St. Oeste, Goiânia - GO, 74115-050, Brazil"
Banana Blue,"Av. T-9 - Jardim América, Goiânia - GO, 74255-220, Brazil"
Distribuidora de bananas Topazil,"Jardim Guanabara, Goiânia - State of Goiás, Brazil"
Banana Shopping,"R. 3, 303 - St. Central, Goiânia - GO, 74030-065, Brazil"
Tropical Castanhas,"R. do Lírio - Parque Primavera, Aparecida de Goiânia - GO, 74913-126, Brazil"
Restaurante Outback Steakhouse,"Av. Dep. Jamel Cecílio, 3300 - loja LUC AE 2 - Jardim Goiás, Goiânia - GO, 74810-907, Brazil"
Caju Moda,"R. 302, 34 - Setor Norte Ferroviário, Goiânia - GO, 74063-390, Brazil"
Caju Moda Feminina I 44 Goiânia,"esq com / 44 - Shopping Pátio 44, R. 300, loja 1A - Ferroviário, Goiânia - GO, 74063-370, Brazil"
Caju Turismo,"Av. Portugal, 1148 - Sala C 2501 - Marista, Goiânia - GO, 74150-030, Brazil"
Cajueiro - Centro de Juventude,"R. 83, 361 - St. Sul, Goiânia - GO, 74083-195, Brazil"
caju confeitaria,"R. SR - 65, 57 - qd 83 Ltd 14 - St. Recanto das Minas Gerais, Goiânia - GO, 74785-290, Brazil"
Lança Caju,"R. José Sinimbu Filho, 511 - Setor Norte Ferroviário, Goiânia - GO, 74063-330, Brazil"
chuva do caju,"R. 34-E - St. Garavelo Res. Park, Aparecida de Goiânia - GO, 74932-550, Brazil"
Caju Vitta,"Retorno Alameda Antônio Martins Borges, Quadra 114 - LT. 09 - St. Pedro Ludovico, Goiânia - GO, 74825-020, Brazil"
Arena Caju,"Av. Tupinambás, qd 119 - lote 252 - Jardim Petropolis, Goiânia - GO, 74460-660, Brazil"
Cajueiro Bar & Restaurante,"Praça Santa Cruz, Qd 45 - Lt 14 - St. Jao, Goiânia - GO, 74673-080, Brazil"
Agropecuária Caju Assessoria e Serviços,"R. 250, Qd.27, Lt.13, N.71 - St. Coimbra, Goiânia - GO, 74535-350, Brazil"
Centro Cultural Cara Vídeo,"R. 83, 361 - St. Sul, Goiânia - GO, 74083-195, Brazil"
Praça Caju Amigo,"R. Serra do Caiapó, s/n - Q 9 - LT15, Goiânia - GO, 74730-520, Brazil"
Caju pastel,"R. 2 - Goiânia, GO, 74770-420, Brazil"
Atacadão - Goiânia Av. Independência,"Av. Independência, 4950 - St. Central, Goiânia - GO, 74055-045, Brazil"
Assaí Atacadista,"Av. Independência, S/N - St. Central, Goiânia - GO, 74055-055, Brazil"
Atacadista Real Aviamentos,"Av. Anhanguera, 8820 - 01 - St. Campinas, Goiânia - GO, 74503-100, Brazil"
Rua 44 Goiânia,"R. 44 - Setor Norte Ferroviário, Goiânia - GO, 74063-350, Brazil"
GIGANTAO ATACADO E VAREJO,"Av. Anhanguera, 65000 - St. Campinas, Goiânia - GO, 74503-110, Brazil"
Assaí Atacadista,"Av. Portugal, 744 - St. Marista, Goiânia - GO, 74150-030, Brazil"
Master Atacadista,"R. José Hermano, 263 - Campinas, Goiânia - GO, 74515-030, Brazil"
Prime Atacado Moda Feminina - Moda Balada Atacado - Atacado 44 Goiania - Fornecedor Atacado Roupas Femininas,"Av Contorno 1346 Galeria Via Goiânia BC93 - Setor Norte Ferroviário, Goiânia - GO, 74063-350, Brazil"
UNIVERSO ATACADO E VAREJO,"R. José Hermano, N.546 - St. Campinas, Goiânia - GO, 74515-030, Brazil"
ROUPAS ATACADO,"R. 44, 108 - Setor Norte Ferroviário, Goiânia - GO, 74063-300, Brazil"
Skala Atacadista de Moda,"Pit Bull Shopping - Avenida Contorno 1.529, Piso 2, Loja 03 - Setor Norte Ferroviário, Goiânia - GO, 74063-350, Brazil"
DaddyCool - Atacado Goiânia,"Rua 67a QD141 LT44 Galeria Via 67, Loja 42, 2º piso, (Região da 44 - Setor Norte Ferroviário, Goiânia - GO, 74063-315, Brazil"
Universo Store Atacado,"Hotel e Galeria Jerusalém I - R. 69-A, N⁰ 243 Qd 168, Lt 10 - Setor Norte Ferroviário, Goiânia - GO, 74063-340, Brazil"
Atacadão Goiano,"R. 69-A, Qd. 168 - Lt.12, 221 - Setor Norte Ferroviário, Goiânia - GO, 74063-340, Brazil"
Moda Feminina Atacado - Revenda e Lucre | Ana Valentina,"Rua José Sinimbú Filho, 165 Mega Moda Shopping Entrada 2 ML 277/279 - Setor Norte Ferroviário, Goiânia - GO, 74063-330, Brazil"
Mega Stock Atacado - Atacadista de Roupas Infantil para Revenda,"R. 510, 185 - Vila Xavier, Goiânia - GO, 74550-145, Brazil"
Ipê Atakarejo,"R. José Hermano, 278 - St. Campinas, Goiânia - GO, 74515-030, Brazil"
Campinas Atacado,"R. Geraldo Ney, 333 - St. Campinas, Goiânia - GO, 74515-020, Brazil"
Casa Da Mussarela Atacado,"110, Av. Anhanguera, 9235 - St. Campinas, Goiânia - GO, Brazil"
Batista Atacadão,"Shopping Centro Oeste - Av. Contorno, 1529 - Piso 2 - St. Nova Vila, Goiânia - GO, 74063-350, Brazil"
Mercado Central de Goiânia,"R. 3, 322 - St. Central, Goiânia - GO, 74030-071, Brazil"
Popular Market of 74,"R. 74, 329 - St. Central, Goiânia - GO, 74045-020, Brazil"
Campinas Market,"Av. São Paulo, 361 - St. Campinas, Goiânia - GO, 74510-020, Brazil"
Supermercado Leve,"Av. Anhanguera, 3261 - Setor Leste Universitário, Goiânia - GO, 74610-010, Brazil"
Supermercado Goiás,"R. José Hermano, 1799 - St. Campinas, Goiânia - GO, 74515-030, Brazil"
Supermercado Goiânia,"R. U-82, 486 - Setor União, Goiânia - GO, 74313-740, Brazil"
Supermercado Tatico - Centro,"Av. Contorno, 325 - Quadra 102 - St. Central, Goiânia - GO, 74055-140, Brazil"
Assaí Atacadista,"Av. Independência, S/N - St. Central, Goiânia - GO, 74055-055, Brazil"
Supermercado Tatico - Campinas,"R. do Comércio, S/N - QUADRA 02, LOTE 01/23 - St. Centro Oeste, Goiânia - GO, 74550-060, Brazil"
Bretas Supermercado,"Esquina com a rua: T-10 Quadra 236 - Lote 107, R. T-70, S/N - St. Bueno, Goiânia - GO, 74230-010, Brazil"
Supermercados Pró Brazilian- Vila Nova,"5ª Av., 972 - St. Leste Vila Nova, Goiânia - GO, 74645-020, Brazil"
Supermarkets Pro - Brazilian,"n° 2940 - Av. T-9, 2940 - sala 05 - Jardim América, Goiânia - GO, 74255-220, Brazil"
Supermercados Pró Brazilian- Av. Anhanguera,"Av. Anhanguera, 5898 - St. Aeroporto, Goiânia - GO, 74075-010, Brazil"
Bretas Supermercado - Anhanguera,"Av. Anhanguera, 5588 - St. Central, Goiânia - GO, 74040-010, Brazil"
Supermercado Tatico,"esquina com - Av. T7, Av. C-205 - Jardim América, Goiânia - GO, 74270-020, Brazil"
Hiper Moreira,"Av. Perimetral, 2982 - Coimbra, Goiânia - GO, 74530-020, Brazil"
Supermercado Casa Juazeiro,"R. Dr. João Teixeira Alves, 2-62 - Vila Megale, Goiânia - GO, 74660-340, Brazil"
Super Barão Supermercados - Marista,"R. 90, 808 - St. Marista, Goiânia - GO, 74093-020, Brazil"
Supermercado Prátiko Universitário,"6ª Avenida, 41 - Setor Leste Universitário, Goiânia - GO, 74603-040, Brazil"
Rede Store – Campinas,"Avenida Anhanguera, Quadra 97, Lote 4 esquina com a, R. Benjamin Constant - St. Campinas, Goiânia - GO, 74503-101, Brazil"
Empório Veccino,"Av. Dep. Jamel Cecílio, 3221 - Jardim Goiás, Goiânia - GO, 74810-080, Brazil"
Empório Prime,"Av. 85, 2330 - St. Marista, Goiânia - GO, 74150-150, Brazil"
Empório Prime,"Av. Dep. Jamel Cecílio, 3061 - Jardim Goiás, Goiânia - GO, 74085-580, Brazil"
Empório Ponto Com,"R. 61, 270 - Jardim Goiás, Goiânia - GO, 74810-280, Brazil"
Empório Philadelphia,"Av. Jorge Martins, 41 Esquina c, Av. 2ª Radial, Qd. 02 - Lt. 11 - Conj. Vila Izabel, Goiânia - GO, 74817-025, Brazil"
Empório Piquiras - Flamboyant,"Av. Dep. Jamel Cecílio, 3300 - Jardim Goiás, Goiânia - GO, 74810-100, Brazil"
Empório Du Carmo — Queijos & Vinhos,"R. 9, N° 1472 - St. Marista, Goiânia - GO, 74150-130, Brazil"
Empório Confrades,"Av. Eng. Eurico Viana, 92 - Qd. 04, Lt. 03 - Alto da Glória, Goiânia - GO, 74815-725, Brazil"
Empório Franciscano,"Av. C-169, 1840 - Jardim América, Goiânia - GO, 74250-020, Brazil"
Empório Prime,"Av. Alphaville Flamboyant - Res. Alphaville Flamboyant, Goiânia - GO, 74884-527, Brazil"
Empório Madrid - Adega de Vinhos e Distribuidora de Bebidas,"Av. Madrid, 501 - Sala 2 Qd 179 Lt 03 - Jardim Europa, Goiânia - GO, 74330-550, Brazil"
Emporium Syrian Lebanese,"R. 9, 2304 - St. Marista, Goiânia - GO, 74150-130, Brazil"
Empório Enquanto isso em Goiás,"R. Córdoba, Quadra 250 lote 15 nº 101 - Parque Amazonia, Goiânia - GO, 74835-030, Brazil"
Empório Trás-os-Montes,"Shopping - Av. T-10, 1300 - G1 - Bueno, Goiânia - GO, 74223-060, Brazil"
Goiabão Empório,"RUA 87 Qd F23 Lt 12/14 - St. Sul, Goiânia - GO, 74080-295, Brazil"
Lá de Minas Empório,"Av. Independência, 1514 - Jardim Atlântico, Goiânia - GO, 74345-175, Brazil"
Empório Di Goiás,"R. T-64, Qd S8, lote 12 - St. Bela Vista, Goiânia - GO, 74823-350, Brazil"
Empório Alto da Glória,"Av. São João, 321 - Quadra 2 Lote 9 - Vila Maria Jose, Goiânia - GO, 74815-475, Brazil"
"Emporio Leste - Emporio, Hortifruit, Castanhas, Mercado, Bebidas","R. Sen. Miguel Rocha Lima, qd 21 - lt 04 - Crimeia Leste, Goiânia - GO, 74660-290, Brazil"
Empório Dos Pães Goiânia,"Avenida Contorno Q. 32 lt.32 n. 771 - Jardim das Hortensias, Goiânia - GO, 74474-100, Brazil"
LICORES PIERRE,"R. 5, 833-791 - St. Oeste, Goiânia - GO, 74115-060, Brazil"
Empório Mundo das Bebidas veredas buritis,"Av Diogo Naves qd 01 lote 21 n 95 - Res. Vereda dos Buritis, Goiânia - GO, 74370-695, Brazil"
Noleto Licores,"R. Paquetá, quadra 05 - lote 09 - Jardim Vitória I, Goiânia - GO, 74865-260, Brazil"
Parada 21 Bebidas & Presentes,"Av. C-182 Q, 366 L13 - Jardim América, Goiânia - GO, 74275-020, Brazil"
Cachaçaria do Parente,"Av. Ipanema, N° 918 - Jardim Atlantico, Goiânia - GO, 74343-010, Brazil"
Empório Sete - Vinhos Importados e Bebidas em Geral.,"Av. 85, 2888 - QD. 222 - St. Bueno, Goiânia - GO, 74223-010, Brazil"
Capital Drink empório,"AV DAS BANDEIRAS, NR.1228, QD.38 LT.4 SL.3/4, Goiânia - GO, 74323-100, Brazil"
Bebidas Ribeiro,"Av. Araxá, qd 07 - lt01 n 351 - Jardim Ana Lúcia, Goiânia - GO, 74320-010, Brazil"
Posto das Bebidas - Goiânia,"Av. Anhanguera, número 10.500 - Aeroviario, Goiânia - GO, 74435-300, Brazil"
Empório Golden,"Alameda Couto Magalhães, 521 - Lt 6/7, sala 10 - St. Bela Vista, Goiânia - GO, 74823-410, Brazil"
Bananazinha Cachaça,"R. da Imperatriz, s/n - qd 10 lt 12 - Jardim Imperial, Aparecida de Goiânia - GO, 74914-644, Brazil"
"Reserva 35 Presentes, Vinhos e Destilados","R. 1137, 35 - St. Marista, Goiânia - GO, 74180-160, Brazil"
LICOR BLACK ARTESANAL,"ALAMEDA LOURENÇO MARQUES Quadra 52 Lote 06 Casa 02 - Parque das Nacoes, Aparecida de Goiânia - GO, 74957-350, Brazil"
Enoteca Decanter Goiânia,"Avenida 85, 2002 Qd 21 Lt 16 Loja 05 - St. Marista, Goiânia - GO, 74160-010, Brazil"
Baruzetto,"R. Marília, 283 - Jardim Vila Boa, Goiânia - GO, 74360-360, Brazil"
Casa Baru,"Av. República do Líbano, 2519 - St. Oeste, Goiânia - GO, 74125-125, Brazil"
Casa Baru - Unidade Marista,"Alameda Ricardo Paranhos Quadra 231, Lote 16 Número 45 - St. Marista, Goiânia - GO, 74175-020, Brazil"
Life Sucos Goiânia,"Via Diogo Veloso Naves, Qd 2 - LT 8 - St. Rio Formoso, Goiânia - GO, 74370-110, Brazil"
Point da Laranja - Suco Natural,"Av. Pedro Ludovico, qd 30 - lt 01 - St - Cidade Jardim, Goiânia - GO, 74423-090, Brazil"
Sucos da Floresta,"R. Sen. Jaime, 579 - St. Campinas, Goiânia - GO, 74525-010, Brazil"
Laranja do Chef,"R. 5, Quadra D--2, Lote 31 - St. Oeste, Goiânia - GO, 74115-060, Brazil"
Wilsu’s Sanduicheria Sucos e Cremes,"Av. Barão do R. Branco, 848 - Jardim Vila Boa, Goiânia - GO, 74360-230, Brazil"
Life Sucos Gyn,"Avenida Central Qd 70 Lt 25 - St. Urias Magalhães, Goiânia - GO, 74565-450, Brazil"
Orange Fast,"Avenida C 233 5, lote 14, quadra 575, Goiânia - GO, 74280-165, Brazil"
Distribuidor Suco Prat's,"R. C-267, 385 - Quadra 614, Lt. 17 - St. Nova Suica, Goiânia - GO, 74280-290, Brazil"
Prados Sucos Naturais,"R. 233, 579 - Leste Universitário, Goiânia - GO, 74605-120, Brazil"
Sucos Folly,"R. 94, 994 - St. Sul, Goiânia - GO, 74080-075, Brazil"
KAFÉ,"R. 6-A, 169 - St. Aeroporto, Goiânia - GO, 74070-070, Brazil"
Suco de laranja express,"R. das Orquídeas, 1855 - Res. Celina Park, Goiânia - GO, 74373-290, Brazil"
C Mais | Sucos de Laranja 100% Puro,"Av. T-9, N° 2130 - Jardim América, Goiânia - GO, 74255-220, Brazil"
Divina Laranja,"Em frente ao Colégio Omni, R. T-29, Q 81 L 0 nº 1525 - St. Bueno, Goiânia - GO, 74210-050, Brazil"
Suco do Sítio (100% natural),"R. T-30, 1492 - St. Bueno, Goiânia - GO, 74215-060, Brazil"
Suco de laranja natural goiania,"Av. Bela Vista - Jardim Esmeraldas, Goiânia - GO, 74830-020, Brazil"
Orangyn Suco de Laranja,"R. 9, 561 - St. Oeste, Goiânia - GO, 74110-100, Brazil"
Vitaminas Lacerda,"Praça Benedita da Silva Lobo, 16 - St. Coimbra, Goiânia - GO, 74533-360, Brazil"
Fruta e Raiz,"R. 22, Qd. 61 - Lt. 20 - Vila Santa Helena, Goiânia - GO, 74555-340, Brazil"
Essência da Fruta - Sucos e Refrescos,"R. 211, 340 - St. Coimbra, Goiânia - GO, 74530-080, Brazil"
Organi Ecomercado - Produtos Organicos naturais e saudaveis,"R. R Seis, 26 - St. Oeste, Goiânia - GO, 74125-080, Brazil"
Estrela Orgânicos,"R. 89, 351 - St. Sul, Goiânia - GO, 74093-140, Brazil"
74 Feira de Orgânicos,"Mercado Popular - R. 74 - St. Central, Goiânia - GO, 74493-730, Brazil"
Nação Orgânica Armazém Natural - Loja de produtos naturais e suplementos,"Av. C-205, 324 - Jardim América, Goiânia - GO, 74270-020, Brazil"
Tekoá Orgânicos e Sustentáveis,"Entrada pela Praça da Poesia - Av. Cora Coralina, 140 - St. Sul, Goiânia - GO, 74080-445, Brazil"
Empório LOF - Orgânicos e Naturais,"Av. Antônio Fidélis, Quadra 105 - Lote 05 - Parque Amazonia, Goiânia - GO, 74840-090, Brazil"
Naterra Produtos Naturais e Orgânicos - Setor Nova Suiça | em Goiânia,"Av. C-255, 180 - Qd 588 Lt 03 - St. Nova Suica, Goiânia - GO, 74280-010, Brazil"
Nativa Alimentos Produtos,"Av. 24 de Outubro, 1721 - St. Campinas, Goiânia - GO, 74505-012, Brazil"
Salute Naturais,"R. 225, 200 - Setor Leste Universitário, Goiânia - GO, 74610-090, Brazil"
Rainha do Coco e produtos naturais,"Av. Fued José Sebba, qd M lt. 05 n 328 - Jardim Goiás, Goiânia - GO, 74805-100, Brazil"
Naterra Produtos Naturais e Orgânicos - Hiper Moreira | Goiânia,"esquina com 260 - R. 261, 790 - St. Coimbra, Goiânia - GO, 74533-050, Brazil"
Seja Natural,"Av. C-171, Qd 436, Lt 04, n°957 - Jardim América, Goiânia - GO, 74275-010, Brazil"
EMPORIO TERRA VERDE,"R. 61, 446 - Jardim Goiás, Goiânia - GO, 74810-280, Brazil"
Armazém Saúde - Produtos naturais e alimentação saudável,"Av. Portugal esquina com a, R. 12 - St. Oeste, Goiânia - GO, 74140-040, Brazil"
Natuh Empório Saudável,"Av. Blvd. Conde dos Arcos, 259 - quadra 30, lote 1E, sala 4,Se - St. Goiânia 2, Goiânia - GO, 74663-130, Brazil"
Flor do Cerrado Natural Products and Diets,"R. 3, 340 - Sala 01 - St. Central, Goiânia - GO, 74030-071, Brazil"
"Casa Grande Produtos Naturais, 297 - Castanhas, Frutas secas, Suplementos, Farinhas sem gluten, Temperos, xaropes.","Av. Gonzaga Jaime, 297 - sala 03 - Vila Redencao, Goiânia - GO, 74845-360, Brazil"
"GSC Produtos Naturais, Ervas, Capsulas, Xarope em Goiânia-GO","Av. Mal. Rondon, QUADRA 06, LOTE 19 N 793 - St. Centro Oeste, Goiânia - GO, 74560-540, Brazil"
Orgânica Body Spa Goiânia,"Localizado em: Orion Business & Health Complex - Av. Portugal, 1148 - St. Marista, Goiânia - GO, 74150-030, Brazil"
Empório Rota Natural - Produtos Naturais Goiânia,"Avenida Professor Venerando de Freitas, qd 25 - lt 01 - St. Jao, Goiânia - GO, 74673-010, Brazil"
Doces Cristalizados D. Conceição,"Av. Perimetral, 2489 - St. Bueno, Goiânia - GO, 74215-005, Brazil"
Açaí Guaraná da Pipa,"Alameda Couto Magalhães, 667 - St. Pedro Ludovico, Goiânia - GO, 74825-040, Brazil"
Guaraná Da Amazônia,"R. Miguel do Carmo - Vila Santa Rita - 5ª Etapa, Goiânia - GO, 74370-579, Brazil"
Guaraná Mineiro,"74976, R. Peru, 603-719 - 230 - Bairro Vera Cruz, Aparecida de Goiânia - GO, 74976-230, Brazil"
Refrigerantes Jaó,"Av. Cascavel, 14 - St. Castelo Branco, Goiânia - GO, 74405-030, Brazil"
Canto Do Guaraná,"R. 7 - St. Central, Goiânia - GO, 74023-020, Brazil"
Fruyt Xarope de Guaraná - Loja da Fábrica,"Avenida Anhanguera 7268, Qd. P69, Lt. 25 e 26 - St. dos Funcionários, Goiânia - GO, 74543-010, Brazil"
Empório Souza,"Av. 85, 1874 - St. Marista, Goiânia - GO, 74160-010, Brazil"
Tacacá Original 2,"11ª Avenida, 646 Qd9A - Lt 05 - St. Leste Vila Nova, Goiânia - GO, 74640-040, Brazil"
Empório 11,"R. R-11, n° 775 - QD. L11 LT- 242 - St. Oeste, Goiânia - GO, 74125-100, Brazil"
Guaraná da Amazônia,"R. Esperança, Quadra 08 - Lote 12 - Jardim Nova Esperanca, Goiânia - GO, 74465-160, Brazil"
Tacacá Original,"R. 304, n 18 - qd 165 lt 3A - Setor Norte Ferroviário, Goiânia - GO, 74063-410, Brazil"
