Tyago da castanha,"Esquina João cabral com lisandro nogueira 3° banca - Centro (Sul), Teresina - PI, 64001-090, Brazil",
Vanessa Castanhas,"Shopping da Cidade - Mesa 14 a 17 - Av. Maranhão, 300 - Térreo - Centro (Sul), Teresina - PI, 64065-020, Brazil",
Naturalíssima,"R. Sen. Joaquim Píres, 1559 - Ininga, Teresina - PI, 64049-590, Brazil",
Partum Grãos,"Av. Homero Castelo Branco, 2541 - Loja 06 - Ininga, Teresina - PI, 64048-400, Brazil",
Castanhas store,"R. Maria Gorette - Santo Antonio, Teresina - PI, 64000-000, Brazil",
Ponto das Especiarias,"Av. Mal. Juarez Távora - Parque Piaui, Teresina - PI, 64025-030, Brazil",
Castanhas Sabor do Piauí,"Rua Treze, 213 - Dirceu, Arcoverde - PI, Brazil",
Naturalíssima,"R. Sen. Joaquim Píres, 1559 - Ininga, Teresina - PI, 64049-590, Brazil",
Nortista Confecções,"R. Riachuelo, 170 - Centro (Sul), Teresina - PI, 64001-120, Brazil",
"Cia da saúde - centro norte, 308","Rua Treze de Maio, 308 - Centro (Sul), Teresina - PI, 64000-150, Brazil",
Cia da Saúde • Teresina Jóquei,"Av. Nossa Sra. de Fátima, 789 - Sala A - Jóquei, Teresina - PI, 64048-180, Brazil",
Sam’s Club,"Av. Pres. Kennedy - São Cristóvão, Teresina - PI, 64052-345, Brazil",
Mahogany - Teresina Centro,"R. Simplício Mendes, 72 - Centro (Sul), Teresina - PI, 64000-010, Brazil",
Mahogany - Teresina Shopping,"Av. Raul Lopes, 1000 - Loja 142 - Noivos, Teresina - PI, 64046-010, Brazil",
Mundo Verde,"R. Sen. Teodoro Pachêco, 1199 - Centro (Sul), Teresina - PI, 64001-060, Brazil",
Mahogany - Riverside Shopping,"Av. Ininga, 1201 - Jóquei, Teresina - PI, 64048-110, Brazil",
Depósito de banana Musa,"R. Corema, 97 - Casa 11 b - Santa Maria, Teresina - PI, 64077-306, Brazil",
Empório da Banana,"Nova Ceasa - Av. Henry Wall de Carvalho, 5000 Box 02, Galpão 08 - Parque São João, Teresina - PI, 64020-720, Brazil",
PANDA BANANA ATELIÊ,"R. da Glória - Satélite, Teresina - PI, 64000-000, Brazil",
Caju Hortifruti,"Av. Jóquei Clube, 1290 - Jóquei, Teresina - PI, 64049-240, Brazil",
Cajú Espetto's,"Av Francisca Marcolino de Oliveira Feirinha do Porto Alegre - Porto alegre, Teresina - PI, 64023-280, Brazil",
Caju Importados,"Quadra E Casa, 26 - Santo Antonio, Teresina - PI, 64036-535, Brazil",
Cajú Nordeste,"Aeroporto Petrônio Portela - Praça Santos Dumont - Aeroporto, Teresina - PI, 64006-010, Brazil",
Brasucos - Fornecedor de Sucos de Cajú / Cajuína,"Av. Odilon Araújo, 1226 - Cristo Rei, Teresina - PI, 64015-315, Brazil",
Caju Mirim | Moda Infantil em Teresina,"R. Visc. da Parnaíba, 1949 - sala 8 - Ininga, Teresina - PI, 64049-570, Brazil",
Edifício Ilha do Caju,"Av. Homero Castelo Branco - Horto, Teresina - PI, 64052-445, Brazil",
MORENA CAJU,"R. João Batista Loureiro - Angelim, Teresina - PI, 64034-470, Brazil",
Flor de Caju,"R. Lisandro Nogueira, 823 - Centro (Sul), Teresina - PI, 64000-200, Brazil",
Caju Galerie,"R. Sergipe, 1397 - Pirajá, Teresina - PI, 64003-720, Brazil",
Acajú,"R. Artur Soares Feitosa, 906 - Ininga, Teresina - PI, 64049-840, Brazil",
Império Doce - CAJUAÇA,"Av. Nações Unidas, 1714 - Macaúba, Teresina - PI, 64016-112, Brazil",
Caju,"Ed. Diamond Center, sala 1311, Av. Universitária, 750 - • - Fátima, Teresina - PI, 64049-494, Brazil",
Cantinho do Caju - Clube de Poker dos Amigos,"R. Porto, 496 - São Pedro, Teresina - PI, 64019-500, Brazil",
Tyago da castanha,"Esquina João cabral com lisandro nogueira 3° banca - Centro (Sul), Teresina - PI, 64001-090, Brazil",
Restaurante Cajuí,"R. Coelho de Resende, 2368 - Aeroporto, Teresina - PI, 64001-370, Brazil",
Cajuaça,"Av. Odilon Araújo, 485 - Piçarra, Teresina - PI, 64017-280, Brazil",
Maninho Atacadista - Matriz,"R. Lisandro Nogueira, 969 - Centro (Sul), Teresina - PI, 64000-200, Brazil",
REI DO ATACADO,"Conj. Dirceu Arcoverde I Qu 49, 9 - Parque Ideal, Teresina - PI, 64077-140, Brazil",
Atacadão - Teresina Primavera,"Av. Duque de Caxias, 2732 - Primavera, Teresina - PI, 64006-220, Brazil",
Atacadão - Teresina Ladeira do Uruguai,"Av. Dep. Paulo Ferraz, 5695 - Recanto das Palmeiras, Teresina - PI, 64045-840, Brazil",
Atacadão - Teresina Ilhotas,"Av. Higino Cunha, 2055 - Ilhotas, Teresina - PI, 64014-220, Brazil",
Atacadão - Teresina Bela Vista,"Av. Prefeito Wall Ferraz, 10197 - Bela Vista, Teresina - PI, 64030-005, Brazil",
Maninho Atacadista - Dom Severino,"Av. Dom Severino, 2593 - Horto, Teresina - PI, 64051-160, Brazil",
Maria Bonita Distribuidora,"Av. Ininga, 1201 - Jóquei, Teresina - PI, 64049-538, Brazil",
Atacadão de Fraldas e Variedades | Delivery em Teresina,"R. João Cabral, 238 - Centro (Sul), Teresina - PI, 64001-030, Brazil",
Atacadão Multimarcas The,"Av. Walfrido Salmito, 1724 - Distrito Industrial, Teresina - PI, 64025-501, Brazil",
Assaí Atacadista,"Av. Pres. Kennedy, 501 - São Cristóvão, Teresina - PI, 64052-345, Brazil",
SHOPPING LIMAS ATACADO,"Q. Mocambinho St. C, 3, 3418 - Mocambinho, Teresina - PI, 64010-260, Brazil",
Assai Wholesaler Teresina,"R. Gonçalo Nunes, 1000 - São Raimundo, Teresina - PI, 64075-080, Brazil",
Assaí Atacadista,"Av. Raul Lopes, 2757 - Ininga, Teresina - PI, 64049-560, Brazil",
Atacadão dos Pés,"R. Des. Freitas, 769 - Centro (Sul), Teresina - PI, 64000-240, Brazil",
Gasper Atacado,"Av. Mal. Juarez Távora, Quadra 118 - Parque Piaui, Teresina - PI, 64025-196, Brazil",
Ibyte Atacado Teresina,"Av. Miguel Rosa, N° 2156 - Centro (Norte), Teresina - PI, 64000-480, Brazil",
JK ATACADO DIRCEU,"Conj. Dirceu Arcoverde I Qu 146, 1 - Itararé, Teresina - PI, 64077-160, Brazil",
SOS Atacado,"Av. Miguel Rosa, 6503 - Nossa Sra. das Gracas, Teresina - PI, 64018-550, Brazil",
Shop Atacado,"Av. José Francisco de Almeida Neto - Itararé, Teresina - PI, 64077-175, Brazil",
Mercado Central,"Praça da Bandeira - Centro (Sul), Teresina - PI, 64001-090, Brazil",
Extra Mercado,"Av. Barão de Gurguéia, 3191 - Pio XII, Teresina - PI, 64019-870, Brazil",
Pão de Açúcar,"Av. Frei Serafim, 1754 - Centro (Sul), Teresina - PI, 64001-020, Brazil",
Ferreira Supermercados - Lourival Parente,"R. Ivan Tito de Oliveira, 1819 - Lourival Parente, Teresina - PI, 64023-500, Brazil",
Assai Wholesaler Teresina,"R. Gonçalo Nunes, 1000 - São Raimundo, Teresina - PI, 64075-080, Brazil",
Pão de Açúcar,"Av. Homero Castelo Branco, 1945 - Jóquei, Teresina - PI, 64048-400, Brazil",
Assaí Atacadista,"Av. Raul Lopes, 2757 - Ininga, Teresina - PI, 64049-560, Brazil",
Mercado Público do Parque Piauí,"178, Q. Trinta e Cinco, 86 - Parque Piaui, Teresina - PI, 64025-515, Brazil",
Supermercado Aragão (Rede Super Dez),"R. Joaquim Dias de Santana, 3635 - Monte Castelo, Teresina - PI, 64016-590, Brazil",
Mercado Do Dirceu I,"R. Antônio Gomes Chaves - Itararé, Teresina - PI, Brazil",
Carvalho Super Homero Castelo Branco,"Av. Homero Castelo Branco, 1819 - Ininga, Teresina - PI, 64048-400, Brazil",
Mercado São José,"Praca Bandeira, 19 - Centro (Sul), Teresina - PI, 64000-160, Brazil",
Mercado Público Augusto Ferro (Mercado do Mafuá),"R. Gabriel Ferreira - Mafuá, Teresina - PI, 64002-281, Brazil",
Mercado Público Laurindo Veloso (Mercado da Vermelha),"Av. Nações Unidas - Vermelha, Teresina - PI, 64018-710, Brazil",
Pão de Açúcar,"R. Anfrísio Lobão, 922 - Jóquei, Teresina - PI, 64049-280, Brazil",
Supermarket Sao Braz,"R. João Isidoro França, 5480 - Poti Velho, Teresina - PI, 64008-010, Brazil",
Supermarket Sao Braz,"R. Dr. Area Leão, 1496 - Nossa Sra. das Gracas, Teresina - PI, 64016-700, Brazil",
Carvalho Super Riverside,"Lojas V1/V15, Av. Ininga, 1201 - Jóquei, Teresina - PI, 64049-538, Brazil",
Ferreira Atacarejo,"Av. Barão de Castelo Branco, 1920 - Loja 01 - Cristo Rei, Teresina - PI, 64016-410, Brazil",
Atacadão - Teresina Ilhotas,"Av. Higino Cunha, 2055 - Ilhotas, Teresina - PI, 64014-220, Brazil",
The emporium Bella,"Av. Dr. Luís Píres Chaves, 376 - Saci, Teresina - PI, 64020-200, Brazil",
Empório do Zeca,"Av. Jóquei Clube, 1473 - Jóquei, Teresina - PI, 64049-240, Brazil",
The emporium Bella,"Av. Industrial Gil Martins, 1364 - Tabuleta, Teresina - PI, 64019-630, Brazil",
Empório Sudeste Prime,"Avenida Noé Mendes, R. Jaime Fortes, 4593 - Novo Horizonte, Teresina - PI, 64082-110, Brazil",
Empório Bella The,"Av. Dom Severino, 2184 - São Cristóvão, Teresina - PI, 64049-375, Brazil",
Empório Flora Pura Teresina - Loja e Distribuidora Oficial.,"Centro Comercial Irapuan - R. Aviador Irapuan Rocha, LOJA 05 - Jóquei, Teresina - PI, 64049-270, Brazil",
Bella The - Café de Fátima,"Av. Nossa Sra. de Fátima, 1020 - Jóquei, Teresina - PI, 64048-180, Brazil",
Empório Fribal,"Av. Jóquei Clube - Jóquei, Teresina - PI, 64049-240, Brazil",
Empório,"R. Padre Áureo Oliveira, 1810 - Cristo Rei, Teresina - PI, 64015-470, Brazil",
Enayram Distribuidora,"Av. Nossa Sra. de Fátima, 630 - Jóquei, Teresina - PI, 64048-180, Brazil",
EMPORIO PERFUMES,"R. Bonifácio de Abreu, 4010 - Morada do Sol, Teresina - PI, 64055-370, Brazil",
"Mais Açaí Empório | A Melhor Açaiteria de Gurupi, Teresina","Av. Mirtes Melão, 6774 - Gurupi, Teresina - PI, 64090-095, Brazil",
EMPORIUM CHURRASQUEIRAS,"Av. São Raimundo, 1420 - Cristo Rei, Teresina - PI, 64015-465, Brazil",
Pecattu BWC Emporium Teresina - Distribuidora - Vinho - Bebidas,"Av. Jóquei Clube, 1025 - Jóquei, Teresina - PI, 64049-240, Brazil",
Emporium Cães e Gatos,"Av. Jóquei Clube, 2176 A - Jóquei, Teresina - PI, 64049-240, Brazil",
"Mercado dos Grãos - Produtos a Granel, Naturais, Carnes, Peixes e Suplementos","R. Des. Manoel Castelo Branco, 1320 - Jóquei, Teresina - PI, 64049-270, Brazil",
Lili Doces,"Avenida Henry Wall de Carvalho, 5000 Setor PPII, Box nº 05 - Parque São João, Teresina - PI, 64020-720, Brazil",
Armazém Paraíba - Teresina Shopping,"Teresina Shopping, Av. Raul Lopes, 1000 - Noivos, Teresina - PI, 64046-902, Brazil",
HIT Store,"Av. Elias João Tajra, 1850 - Jóquei, Teresina - PI, 64049-300, Brazil",
Armazém Dom Severino,"Av. Dom Severino, 2190 - Horto Florestal, Teresina - PI, 64051-160, Brazil",
Enayram Distribuidora,"Av. Nossa Sra. de Fátima, 630 - Jóquei, Teresina - PI, 64048-180, Brazil",
Kennedy Bebidas 24h,"Av. Pres. Kennedy, 1860 - Morada do Sol, Teresina - PI, 64056-375, Brazil",
Petrichor Licor,"R. Santa Catarina, 681 - Piçarra, Teresina - PI, 64015-090, Brazil",
Kennedy Bebidas Sul,"Av. Barão de Castelo Branco - Cidade Nova, Teresina - PI, 64016-410, Brazil",
iBeer Bebidas,"R. José Torquato Viana - Piçarreira, Teresina - PI, 64056-670, Brazil",
Wcarnes Prime,"Av. Jóquei Clube, 1473 - Jóquei, Teresina - PI, 64049-240, Brazil",
Papa-léguas Beer | Depósito de Bebidas,"Av. Mirtes Melão - Gurupi, Teresina - PI, 64090-225, Brazil",
Vichy Café,"Av. Sen. Area Leão, 2185 - sala café - panorâmico, Teresina - PI, 64051-090, Brazil",
Carvalho Super Homero Castelo Branco,"Av. Homero Castelo Branco, 1819 - Ininga, Teresina - PI, 64048-400, Brazil",
O Pesqueirinho,"Alameda Domingos Jorge Velho, 6889 - Poti Velho, Teresina - PI, 64004-800, Brazil",
EMPORIO DIAVE,"R. Topázio - São Cristóvão, Teresina - PI, 64052-180, Brazil",
Lima Licor,"R. Dezenove de Novembro, 1010 - Porenquanto, Teresina - PI, 64002-540, Brazil",
Varanda Boteco,"Av. Nossa Sra. de Fátima, 1867 - Jóquei, Teresina - PI, 64048-180, Brazil",
B.arte,"Praça das Violetas, 1550 - Loja 03 - São Cristóvão, Teresina - PI, 64048-400, Brazil",
PARALELO33PUB,"Av. Prof. Valter Alencar, 720 - Monte Castelo, Teresina - PI, 64019-722, Brazil",
Pé de Manga,"R. Prudente de Morais - Lourival Parente, Teresina - PI, 64022-140, Brazil",
Vila Isabel,"Av. Dom Severino, 3083 - Horto, Teresina - PI, 64052-535, Brazil",
Matisse Mercatto,"Av. Lindolfo Monteiro, 600 - Fátima, Teresina - PI, 64049-440, Brazil",
Novo Point Da Picanha Sul,"Av. Barão de Castelo Branco, 2400 - Monte Castelo, Teresina - PI, 64017-425, Brazil",
Daniel Bar,"R. Padre Joaquim Nonato, 1492 - Cristo Rei, Teresina - PI, 64014-460, Brazil",
The Nashville,"Av. Nossa Sra. de Fátima, 1324 - Fátima, Teresina - PI, 64049-526, Brazil",
Seu Zé Restobar,"Av. Jóquei Clube, 625 B - São Cristóvão, Teresina - PI, 64049-240, Brazil",
Coyote Restaurante,"R. Angélica, 1476 - Lote 1 - Fátima, Teresina - PI, 64049-532, Brazil",
Base Mix Pub,"Centro (Sul), Teresina - State of Piauí, 64001-495, Brazil",
Kalor Produções,"Av. Ininga, 1201 - Jóquei, Teresina - PI, 64049-538, Brazil",
Bar da Sala 01,"Av. Homero Castelo Branco, 630 - sala 01 - Ininga, Teresina - PI, 64050-010, Brazil",
Texas Picanharia,"Rua Thomaz Tajra, 1575 - Jóquei, Teresina - PI, 64048-380, Brazil",
Resenha Bar e Churrascaria,"Av. Jóquei Clube, 1980 - Jockey Clube, Teresina - PI, 64049-240, Brazil",
Budega do Sapo,"R. Ercínio Fortes - Bela Vista, Teresina - PI, 64031-090, Brazil",
Pé de Manga Bar,"Q. Quatorze, 10 - Morada Nova, Teresina - PI, 64023-208, Brazil",
Al Capone Pub Rock and Blues,"R. Visc. da Parnaíba, 1081 - Ininga, Teresina - PI, 64049-570, Brazil",
Urbano Pub,"Av. Dom Severino - Horto, Teresina - PI, 64055-305, Brazil",
Suco do Sítio,"R. Ribamar Pacheco, 2311 - Fátima, Teresina - PI, 64049-546, Brazil",
Hiper Suco,"R. Sete de Setembro, 130 - Centro (Sul), Teresina - PI, 64001-210, Brazil",
Suco o Melhor Sabor,"R. Antônio Lemos, 3463 - Monte Castelo, Teresina - PI, 64016-510, Brazil",
Casa The Suco Natural,"R. Carlos Eugênio Pôrto - São João, Teresina - PI, 64046-650, Brazil",
Mister Sucos,"Av. Frei Serafim, 1826 - Centro (Sul), Teresina - PI, 64000-000, Brazil",
Casa do Suco,"R. Simplício Mendes, 35 - Centro (Sul), Teresina - PI, 64000-110, Brazil",
Suco do Sítio,"Av. João XXIII, 12393-12469 - Jóquei, Teresina - PI, Brazil",
Cosechas The,"Shopping Rio Poty Piso L3 - Porenquanto, Teresina - PI, 64003-087, Brazil",
Lanchonete Casa do Suco,"R. Antônio Gomes Chaves - Dirceu, Teresina - PI, 64077-095, Brazil",
Brasucos - Fornecedor de Sucos de Cajú / Cajuína,"Av. Odilon Araújo, 1226 - Cristo Rei, Teresina - PI, 64015-315, Brazil",
GUARANÁ FRAZÃO,"Q. Um, 16 - Redenção, Teresina - PI, 64017-810, Brazil",
Polpas de Fruta Edson Negão,"Av. Henry Wall de Carvalho - Parque São João, Teresina - PI, 64020-720, Brazil",
Polpas Rio Grande,"Av. Henry Wall de Carvalho, 4624 - Parque São João, Teresina - PI, 64020-720, Brazil",
Natural Coco - Natu Coco e Sucos,"R. Jerônimo, 3200 - Verde Lar, Teresina - PI, 64071-410, Brazil",
Açaí Concept Luís Píres | Teresina,"Av. Dr. Luís Píres Chaves, S/N - Saci, Teresina - PI, 64020-480, Brazil",
Açaí Concept Marechal Castelo Branco | Teresina,"Av. Mar. Castelo Branco, 911 - Piso 02 - Cabral, Teresina - PI, 64003-087, Brazil",
Produtos Mirador,"Alameda Parnaíba, 1872 - Matinha, Teresina - PI, 64002-478, Brazil",
Capricho Mix,"R. Jorn. Lívio Lopes, 5278 - Parque Ideal, Teresina - PI, 64077-805, Brazil",
Frutapi,"R. Cecília Alves da Silva, S/N - Verdecap, Teresina - PI, 64093-060, Brazil",
Sumo Salad Shopping Rio Poty,"Av. Mar. Castelo Branco, 911 - Porenquanto, Teresina - PI, 64003-087, Brazil",
Ouro Verde Produtos Orgânicos - Grãos - Naturais,"Av. Dom Severino, 795 - Fátima, Teresina - PI, 64049-370, Brazil",
"ProSaúde Teresina - Produtos Naturais, Orgânicos e Alimentos Funcionais","Av. Dezenove de Outubro, 1187 - Lourival Parente, Teresina - PI, 64022-132, Brazil",
Mercado Naturi,"Av. Dom Severino, 1897 - Horto, Teresina - PI, 64052-535, Brazil",
EMPÓRIO CARNAÚBA,"Rua Thomaz Tajra, 1920 - Jóquei, Teresina - PI, 64052-445, Brazil",
LA GRANEL PRODUTOS NATURAIS TERESINA,"Ao lado Apple Company 24h - Avenida Dom Severino 1430 X com o Coco Bambu- Prox a - Horto, Teresina - PI, 64052-535, Brazil",
"Mercado dos Grãos - Produtos a Granel, Naturais, Carnes, Peixes e Suplementos","R. Des. Manoel Castelo Branco, 1320 - Jóquei, Teresina - PI, 64049-270, Brazil",
CHILLI BRAVOS,"R. Gabriel Ferreira, 2441 - Macaúba, Teresina - PI, 64016-050, Brazil",
Bem & Verde Produtos Naturais,"Av. Henry Wall de Carvalho, 4624 b - Parque São João, Teresina - PI, 64020-720, Brazil",
Ateliê Orgânico,"Av. Aquiles Wall Ferraz, 32 - Santa Isabel, Teresina - PI, 64053-180, Brazil",
"Mercado dos Grãos - Produtos a Granel, Naturais, Carnes, Peixes e Suplementos - Dom Severino","Avenida Dom Severino, 2134 Salas 1 a 4 - São Cristóvão, Teresina - PI, 64051-160, Brazil",
Mercadão Verde,"Av. José Francisco de Almeida Neto, 4331 - casa 10/01 - Itararé, Teresina - PI, 64077-160, Brazil",
Nação Verde Teresina,"R. Sen. Cândido Ferraz, 1250 - Jóquei, Teresina - PI, 64049-250, Brazil",
Mundo Verde,"Av. Antônio Pedreira Martins, 6005 - Mocambinho, Teresina - PI, 64010-790, Brazil",
Mundo Verde Teresina Jockey Clube,"Av. Dom Severino, 1000 - Jockey Club, Teresina - PI, 64052-005, Brazil",
MARAVILHAS DA TERRA TERESINA,"R. Buriti dos Lopes, 187 - São Pedro, Teresina - PI, 64019-480, Brazil",
Vida Leve Teresina,"Av. Universitária, 750 - Fátima, Teresina - PI, 64049-494, Brazil",
Aloe Forever Teresina,"Rua Marcos Hidd Santos Júnior, 5010 - Campestre Leste, Teresina - PI, 64053-610, Brazil",
Mel Natural,"R. João Cabral, 160 - Centro (Sul), Teresina - PI, 64001-030, Brazil",
Mundo Verde,"R. Sen. Teodoro Pachêco, 1199 - Centro (Sul), Teresina - PI, 64001-060, Brazil",
Partum Grãos,"Av. Homero Castelo Branco, 2541 - Loja 06 - Ininga, Teresina - PI, 64048-400, Brazil",
Polo Sustentável,"Rua Estudante Charles Dellano Moura 4351, R. Dezessete Lot. Hugo Prado, 4351 - Catarina, Teresina - PI, 64023-756, Brazil",
House Polishing,"Av. João XXIII, 2827 - São Cristóvão, Teresina - PI, 64051-005, Brazil",
"Cristal Mix - Sorvetes, Milk-Shakes e Açaí","Av. José Francisco de Almeida Neto, Q-180/ C-09 - Itararé, Teresina - PI, 64077-158, Brazil",
silver polimento e pintura,"Av. Miguel Rosa, 424 - Centro (Sul), Teresina - PI, 64000-480, Brazil",
Lanternart o Costinha Lanternagem e pintura,"residêncial Maria Luísa Parente, R. Luiz Federal, 2191 - Lourival Parente, Teresina - PI, 64023-620, Brazil",
Panificadora Cristal,"Av. Pres. Kennedy, 165 - São Cristóvão, Teresina - PI, 64052-345, Brazil",
Cristalize Estética Automotiva,"R. Prof. Pires Gayoso, 1066 - São João, Teresina - PI, 64046-350, Brazil",
Arretado Doces Teresina,"Av. João Antônio Leitão, 3733 - Piçarreira, Teresina - PI, 64055-400, Brazil",
Conserte Meu Carro,"R. Jaime Fortes, 3228 - Novo Horizonte, Teresina - PI, 64080-110, Brazil",
Artesão do Cristal,"Av. Mar. Castelo Branco, 1505 - Morro da Esperança, Teresina - PI, 64002-830, Brazil",
Cristal Pet Embalagens Plásticas,"Av. Dr. Nicanor Barreto, 6680 - Vale Quem Tem, Teresina - PI, 64057-105, Brazil",
Mercantil Cristal,"R. Irlanda, Quadra D - Casa 49 - Novo Horizonte, Teresina - PI, 64079-080, Brazil",
Condominio Residencial Cristal,"Gurupi, Teresina - State of Piauí, 64090-095, Brazil",
Vitrificação e Higienização de Carros Teresina | Jurua Center,"Av. Dr. Nicanor Barreto - Vale Quem Tem, Teresina - PI, 64057-105, Brazil",
Auto Mecânica Bruno Car Polimento Cristalizado Rec. De Parachoques,"Rua Treze de Maio, 3125 - Vermelha, Teresina - PI, 64018-285, Brazil",
Mercantil Cristal,"Quadra 06, 15 - Babilônia, Teresina - PI, Brazil",
Brasucos - Fornecedor de Sucos de Cajú / Cajuína,"Av. Odilon Araújo, 1226 - Cristo Rei, Teresina - PI, 64015-315, Brazil",
Cristal & Flor,"R. Rui Barbosa, 527 - Loja 06 - Centro (Sul), Teresina - PI, 64000-090, Brazil",
Espaço Cristal Violeta,"R. Sen. Joaquim Píres, 1627 - Ininga, Teresina - PI, 64049-590, Brazil",
Cristal Tec Eletronicos,"R. João de Jesus Pinheiro - Santa Maria, Teresina - PI, 64013-534, Brazil",
FS Polimentos Micro Pintura e Estética Automotiva,"Q-06 C, 20 - Res. Zilda Arns, Teresina - PI, 64004-140, Brazil",
Guaraná da Amazônia Bruno pajé,"praça da igreja católica no vila Maria, Av. Zequinha Freire, Teresina - PI, Brazil",
Guarana da amazonia Komanda Guaraná é delivery,"Avenida Deputado Ulisses Guimarães, Praça da bíblia, s/n - Promorar, Teresina - PI, 64027-335, Brazil",
Guaraná da Amazônia O Pajé,"Quadra 53 Dirceu Arcoverde I, Teresina - PI, 64077-150, Brazil",
Point do Guaraná,"R. Coelho Rodrigues, 1404 - Centro (Sul), Teresina - PI, 64000-080, Brazil",
Guaraná Prime Meu Lugar,"R. Jorn. Lívio Lopes, 4660 - Parque Ideal, Teresina - PI, 64077-805, Brazil",
Point Mix Guarana da Amazônia,"Avenida Ayrton Sena Quadra C1, Quadra Casa 12 - Esplanada, Teresina - PI, 64039-480, Brazil",
Point Do Guarana Da Amazônia,"Avenida Deputado Ulisses Guimarães - Promorar, Teresina - PI, 64027-432, Brazil",
Casa do Guaraná,"R. Iolanda Raulino, 486-616 - Parque Ideal, Teresina - PI, 64077-787, Brazil",
Guaraná da Amazônia,"Av. Centenário, 1199 - Aeroporto, Teresina - PI, 64003-700, Brazil",
Guaraná Da Amazônia,"R. São Luís, 2783 - Primavera, Teresina - PI, 64002-810, Brazil",
Faustão Guaraná da Amazônia,"Av. Mal. Juarez Távora - Parque Piaui, Teresina - PI, 64025-520, Brazil",
Guaraná da Amazônia O Davi,"Av. Dom Severino - Morada do Sol, Teresina - PI, 64055-305, Brazil",
sabaoth guarana,"Av. Joaquim Nelson, 1787 - Parque Ideal, Teresina - PI, 64078-625, Brazil",
Mix Guaraná,"Q. 40, 2 - casa 06 A - Renascença, Teresina - PI, 64082-574, Brazil",
Guaraná da Amazônia,"Q. 149 Cj Dirceu Arcoverde I, 26 - Parque Ideal, Teresina - PI, 64077-162, Brazil",
Ice Guaraná da Amazônia,"Res. Jacinta Andrade - Cidade Industrial, Teresina - PI, Brazil",
Guaraná da mands,"Av. Noronha Almeida, 2472 - São João, Teresina - PI, 64045-500, Brazil",
Guaraná da Amazônia Maná,"Av. Dom Severino - Morada do Sol, Teresina - PI, 64053-170, Brazil",
Skina do guarana da Amazônia,"R. Dr. Area Leão, 2287 - Nossa Sra. das Gracas, Teresina - PI, 64016-700, Brazil",
Chapas Guaraná da Amazônia,"Av. Joaquim Nelson, 3542 - Novo Horizonte, Teresina - PI, 64078-225, Brazil",
