Amendol√¢ndia,
FB Distribuidora | Home,,Telefone: (81) 99270-5050,,
Casa Pedro Ferreira (@lojacasapedroferreira),,Telefone: (81) 98736-0253,,
Mapa,
Comerciantes,
Emp√≥rio de Produtos Naturais (@grao_emporionatural),
Mapa,
"Luciano Lacerda | Do Recife at√© Petrolina, vou me ...",
"Emporium Sweet Life - reviews,open hours,photo spots, ...","Qual o endere√ßo Emporium Sweet Life S√£o Jos√©? Pra√ßa Dom Vital, 119 - S√£o Jos√©, Recife - PE, 50020-310, Brazil, CEP 50020-310, Brasil."
Real Vida Produtos Naturais (@realvidanaturais),"Qual o endere√ßo Real Vida Produtos Naturais, Boa Viagem? Av. Visc. de Jequitinhonha, 626b - Boa Viagem, Recife - PE, 51030-020, Brasil, CEP 51030- ..."
Costa Nova Alimentos (@costanovaalimentos),"Qual o endere√ßo da empresa COSTA NOVA INDUSTRIA E COMERCIO DE ALIMENTOS LTDA ? RUA ESTELA BORGES, 42 - IMBIRIBEIRA, RECIFE, PE.",Telefone: (81) 3466-6407,,
Mendez Emp√≥rio Nordestino,
Emp√≥rio Ferreira - Produtos Naturais (@emporioferreira),,"Contatos. Telefone(s): (81) 3019-4551 (Ligar). Localiza√ß√£o. Logradouro: Rua Da Praia, 175. Bairro: Santo Antonio. CEP: 50020-550. Munic√≠pio: Recife.",,
Castanhora Emp√≥rio Natural - Instagram,"A empresa est√° localizada no bairro PE - Derby e no endere√ßo R. Joaquim Nabuco, 409 - Derby, Recife - PE, 52010-300, Brazil ,CEP 52010-300."
Emp√≥rio 23 (@_emporio23) ‚Ä¢ Instagram photos and videos,
Mercearia S√≥ Temperos (@merceariasotemperos),,Telefone: (81) 99607-4144,,
CH√Å VERDE - PRODUTOS NATURAIS (@chaverdegraos),
Pa√ßo 23 - Mercado Diverso (@paco23mercado),,Telefone: (81) 99521-9821,,
Mercado de S√£o Jos√© | Prefeitura do Recife,
NOZ Confeitaria Artesanal e Caf√© (@confeitarianoz),"A empresa est√° localizada no bairro PE - Torre e no endere√ßo R. Padre Anchieta, 240 - Torre, Recife - PE, 50710-165, Brasil ,CEP 50710-165."
Macad√¢mia - Confeitaria Saud√°vel,"A empresa est√° localizada no bairro PE - Madalena e no endere√ßo R. Arnaldo Bastos, 56 - Apto 1502 - Madalena, Recife - PE, 50610-130, Brazil ,CEP 50610-130.",Telefone: (81) 99825-5050,,
Cajueiro - Prefeitura do Recife,
"Ag√™ncia Caju - Marketing digital, M√≠dia digital, Inbound ...",,Telefone: (81) 99117-4288,,
Como chegar at√© Terminal De Cajueiro em Campina Do ...,
"35 Casas √† venda em Cajueiro, Recife - PE",
ACA- Associa√ß√£o dos Moradores do Bairro de Cajueiro,"Telefone, endere√ßo e informa√ß√µes sobre ACA- Associa√ß√£o dos Moradores do Bairro de Cajueiro, Recife - Pernambuco.","Telefone, endere√ßo e informa√ß√µes sobre ACA- Associa√ß√£o dos Moradores do Bairro de Cajueiro, Recife - Pernambuco.",,
Caju TEC,"Confira o nosso endere√ßo e venha nos visitar. Rua de Sant' Ana, 267, Sala 513 Santana, Recife/PE CEP: 52060-460. saiba como chegar."
"Cajueiro (Recife) ‚Äì Wikip√©dia, a enciclop√©dia livre",
Pet Shop cajueiro (@cajueiropetshop),
Posto Braz Cajueiro Apoio Administrativo...,
Esta√ß√£o Cajueiro Seco„ÄêCBTU / Metrorec„Äë - Metr√¥ Recife,,Telefone: (81) 2102-8680,,
Atacado dos Presentes - Tudo num s√≥ lugar,
Atacad√£o Boa Viagem üõíüèñüìç (@parceiraobv228),,Telefone: (81) 3472-1725,,
Atacad√£o ‚Äìsuas compras de supermercado online com pre√ßo ...,
At Santana (@atacadosantanarecife) - Instagram,"Qual o endere√ßo da empresa ATACADO GLORIA DE PAPELARIA LTDA ? RUA SANTA RITA, 45 . - SAO JOSE, RECIFE, PE. Qual ...",Telefone: (81) 3424-4848,,
Vestidos de festa Recife (@atacadao_importadoss78),,Telefone: (81) 99174-0504,,
distribuidora mix | material de constru√ß√£o,,Telefone: (81) 3097-2326,,
"PALACIO ATACADO em Recife, PE - Consulta Empresa",,RECIFE. Estado: PE. Email: Telefone: 81 30486574 Whatsapp ¬∑ 81 30486074 Whatsapp. CNAE Principal: 4639701 - Com√©rcio atacadista de produtos aliment√≠cios em ...,,
Mapa,
Quem somos,
Deskont√£o Atacado,
reponatacado - Atacarejo Bebidas & Alimentos,"Qual o endere√ßo Repon Atacado e Varejo Recife PE? Av. Cap. Greg√≥rio de Caldas, 16 - Areias, Recife - PE, 50870-180, Brasil, CEP 50870-180, Brasil."
"Recife Atacado Lingerie, Biqu√≠ (@recifeatacado)",,Telefone: (81) 98459-3312,,
Atacarejo Shop (@atacarejo_shop),,Telefone: (81) 3090-6060,,
"Ceasa, Recife (@varejaoaeb) - VAREJ√ÉO A&B",
Mercado de S√£o Jos√© | Prefeitura do Recife,
Mercado da Boa Vista (@mercadodaboavista),
Mapa,
Mercado da Encruzilhada - Prefeitura do Recife,
Mercado da Madalena - Prefeitura do Recife,
Este site √© do Mercado de Boa Viagem,
Mercado de Casa Amarela | Prefeitura do Recife,
Mercado da Torre (@mercadodatorre),
Mercado de Nova Descoberta | Prefeitura do Recife,
RM Express (@rmexpressoficial),"Delivery - Levamos as suas compras at√© voc√™, √© s√≥ enviar a lista de produtos pelo WhatsApp que fazemos a entrega no endere√ßo desejado para sua maior comodidade.",Telefone: (81) 3036-0500,,
Mercado de √Ågua Fria | Prefeitura do Recife,
Mapa,
Mercado do Cordeiro | Prefeitura do Recife,
Nossas Lojas,
Mapa,
Mapa,"Estamos no endere√ßo R. Benfica, 870 - Madalena, Recife - PE, 50720-001. Venha conhecer a Super Bompre√ßo PE - Benfica e descubra um mundo de facilidades ao ..."
Mercado de Santo Amaro | Prefeitura do Recife,
Mapa,
Emp√≥rio Ferreira - Produtos Naturais (@emporioferreira),,"Contatos. Telefone(s): (81) 3019-4551 (Ligar). Localiza√ß√£o. Logradouro: Rua Da Praia, 175. Bairro: Santo Antonio. CEP: 50020-550. Munic√≠pio: Recife.",,
"Emporium Sweet Life - reviews,open hours,photo spots, ...","Qual o endere√ßo Emporium Sweet Life S√£o Jos√©? Pra√ßa Dom Vital, 119 - S√£o Jos√©, Recife - PE, 50020-310, Brazil, CEP 50020-310, Brasil."
Emp√≥rio Cozeart (@emporiocozeart),,Telefone: (81) 3467-1326,,
"EMPORIO CARNES BEBIDAS em Recife, PE","O endere√ßo da empresa EMPORIO CARNES BEBIDAS √© AVENIDA DONA CARENTINA, 1075 - JORDAO, Recife - PE, 51260040. Qual o telefone da empresa EMPORIO CARNES BEBIDAS?","RECIFE - PE 51350-240. Contatos. Telefone(s): (83) 98871-9126; Correio eletr√¥nico: emporiocarnesebebidas20@gmail.com. S√≥cio. C√≥digo, CPF***154364**. Nome, Elida ...",,
Emp√≥rio Caxang√° (@emporiocaxanga),,Telefone: (81) 3273-2895,,
Gastrobar & M√∫sica ao Vivo (@emporio_universitarioo),,Telefone: (81) 99911-0082,,
"Granel, queijos e produtos saud√°veis (@emporiodasrussas)",,Telefone: (81) 98188-7576,,
Emp√≥rio 4 Elementos,,Telefone: (81) 3034-3040,,
Emp√≥rio Pernambucano (@emporiopernambucano),,Telefone: (81) 97914-3028,,
Emp√≥rio Arte,,Telefone: (81) 99224-1387,,
"Decora√ß√£o, M√≥veis Planejados e Projetos em Recife",
Emp√≥rio HD (@emporiohd) ‚Ä¢ Instagram photos and videos,,Telefone: (81) 3466-9150,,
Emp√≥rio Doces & Salgados (@emporiodocesesalgados),,Telefone: (81) 3236-4400,,
Emp√≥rio Express (@empexpress) - Instagram,,Telefone: (81) 99999-9940,,
Armaz√©m da Cacha√ßa - Cacha√ßaria | Recife,,Telefone: (81) 99504-6524,,
Bebidas de Pernambuco (@bebidasdepernambuco) - Instagram,
CASA BEBIDAS - WINECOMMERCE,,Telefone: (81) 3877-8641,,
Ing√° Vinhos Finos,
Natureza Cosm√©ticos,
Entre Vinhos (@entrevinhos) ‚Ä¢ Instagram photos and videos,,Telefone: (81) 99444-4945,,
Chef Galv√£o Emp√≥rio (@chefgalvaoemporio),"A empresa est√° localizada no bairro PE - Boa Viagem e no endere√ßo R. Gen. Lu√≠s Malet, 352 - Boa Viagem, Recife - PE, 51021-420, Brazil ,CEP 51021-420.",Telefone: (81) 98892-1515,,
Na Tora Bebida Artesanal (@natorabebidaartesanal),
Pau do √çndio e Ax√©: Conhe√ßa as bebidas t√≠picas do ...,,Telefone: 98736-6786,,
Seu Boteco Recife (@seubotecorecife),,Telefone: (81) 98104-2223,,
Duty Free Recife Lojas Aeroporto: Reserve online em Recife Duty ...,
Produtos Sabores De Nazar√©,
CAF√â & BISTR√î (@santaclaramadalena),
Manos - Restaurante e Bar / Pizzaria (@manosbarerest),,Telefone: (81) 3327-6609,,
Deskont√£o Atacado,
SANTO GOLE Licores Artesanais (@santogole.licores),,Telefone: (81) 99821-7860,,
Bora? Boteco,,Telefone: (81) 99934-6704,,
Bar√∫ Marisquer√≠a ‚Äî Peixes & Frutos do Mar da Am√©rica ...,
Barteco (@barteco_pe) ‚Ä¢ Instagram photos and videos,,Telefone: (81) 98295-5858,,
Gelattos (@gelattosrecife) ‚Ä¢ Instagram photos and videos,,Telefone: (81) 3039-3510,,
110% Natural (@sucos110natural),
"Casa do Suco B-12 em Recife, PE | A√ßa√≠ e Sucos Naturais",,Telefone: (81) 3222-6035,,
Siga nosso Instagram @dukesucosnaturais,
Casa do Suco Tropical (@casadosucotropical),
Sucos energ√©ticos para voc√™ n√£o perder o pique na folia,
Quiosque Cabanna (@quiosquecabanna),
Suco_100%natural (@suconatural100),
