Dona Amazônia - Castanhas & Frutas Secas,"Mercado Central de Belo Horizonte - Av. Augusto de Lima, 744 - Centro, Belo Horizonte - MG, 30190-922, Brazil",
Empório Paraíso do Granel | Produtos Naturais | Castanhas,"Av. Dr. Cristiano Guimarães, 1820 - Planalto, Belo Horizonte - MG, 31720-300, Brazil",
Ananda Empório Mercado Central BH,"Mercado Central de Belo Horizonte - Av. Augusto de Lima, 744 - LOJA 256 - Centro, Belo Horizonte - MG, 30190-006, Brazil",
Amontada Castanhas BH,"R. Manila, 90 - Buritis, Belo Horizonte - MG, 30575-010, Brazil",
Império dos Cocos,"Mercado Central - Loja 230, Av. Augusto de Lima, 744 - Centro, Belo Horizonte - MG, 30190-001, Brazil",
Típico Ceará,"R. Francisco Deslandes, 900 - Anchieta, Belo Horizonte - MG, 30310-530, Brazil",
Nutty Bavarian Belo Horizonte,"Shopping Del Rey, Piso 3, Av. Presidente Carlos Luz, 3001 - Alto Caiçaras, Belo Horizonte - MG, 31250-001, Brazil",
Palácio das Castanhas,"Av. Augusto de Lima, 744 - loja, 287 - Centro, Belo Horizonte - MG, 30190-922, Brazil",
Casa Das Farinhas E Castanhas,"Av. Augusto de Lima, 744 - loja 66/260 - Centro, Belo Horizonte - MG, 30190-922, Brazil",
EMPORIO VON RONDON,"Av. Cristiano Machado, 1950 - LJ 63 - Cidade Nova, Belo Horizonte - MG, 31170-024, Brazil",
Conceito Natural,"R. Passos, 664 - Carlos Prates, Belo Horizonte - MG, 30710-540, Brazil",
Armazém Central - Savassi,"R. Paraíba, 1497 - Savassi, Belo Horizonte - MG, 30190-922, Brazil",
Irmãos Oliveira Castanhas e Condimentos,"Av. Augusto de Lima, 744 - LOJA 78-79-80 - Centro, Belo Horizonte - MG, 30190-000, Brazil",
Ponto das castanhas e grãos,"Av. Augusto de Lima, 744 - Centro, Belo Horizonte - MG, 30190-006, Brazil",
Loja das Pimentas e das Castanhas,"Av. Augusto de Lima, 744 - Loja 199 - Centro, Belo Horizonte - MG, 30190-922, Brazil",
Sr Caju,"Al. dos Pintassilgos, 560 - Cabral, Contagem - MG, 32146-033, Brazil",
GR Castanhas do Brasil,"R. Augusto Ferreira dos Santos, 470 - Serra Verde, Belo Horizonte - MG, 31630-120, Brazil",
Grano In Grano,"R. Gonçalves Dias, 142 - Funcionários, Belo Horizonte - MG, 30140-090, Brazil",
Castanhas Prime,"R. Juruá, 139 - Graça, Belo Horizonte - MG, 31140-020, Brazil",
A Casa - Mercado a Granel - Savassi,"Av. do Contorno, 6827 - Savassi, Belo Horizonte - MG, 38082-049, Brazil",
Buffet Chá Com Nozes,"Rua Professor Estêvão Pinto, 1212 - Serra, Belo Horizonte - MG, 30210-580, Brazil",
Rua Macadâmia - Tirol,"Rua Macadâmia - Tirol, Belo Horizonte - MG, 30662-412, Brazil",
Banana Chips - Moda Feminina Infanto Juvenil,"R. Albatroz, 815 - Vila Cloris, Belo Horizonte - MG, 31744-206, Brazil",
Ponto do Açaí BH,"R. Passa Tempo, 558 - Carmo, Belo Horizonte - MG, 30310-760, Brazil",
Goiás fruit,"Av. Dr. Cristiano Guimarães, 1927 - Planalto, Belo Horizonte - MG, 31720-300, Brazil",
Poche BH - Savassi,"R. Antônio de Albuquerque, 108 - Funcionários, Belo Horizonte - MG, 30112-010, Brazil",
Garapão - Betânia,"Av. Teresa Cristina, 9215 - Betânia, Belo Horizonte - MG, 30640-240, Brazil",
Açaí Beachs Jacuí,"R. Jacuí, 2927 - Renascença, Belo Horizonte - MG, 31140-650, Brazil",
Apoio Mineiro Floramar,"Av. Cristiano Machado, 10.732 - Floramar, Belo Horizonte - MG, 31260-500, Brazil",
Supermercados BH,"Av. dos Andradas, 3760 - Pompéia, Belo Horizonte - MG, 30280-020, Brazil",
SUPERMERCADOS BH,"Rua Izabel Bueno, 970 - Santa Rosa, Belo Horizonte - MG, 31270-030, Brazil",
Padaria Boníssima,"Av. Raja Gabáglia, 220 - Gutierrez, Belo Horizonte - MG, 30441-070, Brazil",
Tudo na Brasa,"Av. dos Engenheiros, 1104 - Castelo, Belo Horizonte - MG, 30840-300, Brazil",
Arreda pra Cá Empório!,"R. Fernandes Tourinho, 296 - Funcionários, Belo Horizonte - MG, 30112-000, Brazil",
Porcão BH,"Av. Raja Gabáglia, 2671 - São Bento, Belo Horizonte - MG, 30350-563, Brazil",
Supermercados BH,"Av. Santa Terezinha, 389 - Santa Terezinha, Belo Horizonte - MG, 31360-000, Brazil",
Açaí Bom Gosto - Fábrica,"R. Carmópolis, 20 - Ribeiro de Abreu, Belo Horizonte - MG, 31870-680, Brazil",
SUPERMERCADOS BH,"Av. Manoel Salles Barbosa, 455 - Cardoso, Belo Horizonte - MG, 30626-400, Brazil",
SUPERMERCADOS BH,"R. Úrsula Paulino, 1461 - Estrela do Oriente, Belo Horizonte - MG, 30580-353, Brazil",
Restaurante Chop Stick San,"Rua dos Inconfidentes, 1068 - Funcionários, Belo Horizonte - MG, 30140-120, Brazil",
Supermercados BH,"R. Lúcia Muniz, 227 - Nacional, Contagem - MG, 32185-340, Brazil",
Supermercados BH,"R. Dr. Cristiano Rezende, 1953 - Flávio Marques Lisboa, Belo Horizonte - MG, 30622-020, Brazil",
Império dos Condimentos,"Av. Cristiano Machado, 1950 - Lj 71 - Cidade Nova, Belo Horizonte - MG, 31170-024, Brazil",
Beco do Caju - Tiradentes,"Beco do Caju - Tiradentes, Belo Horizonte - MG, 31110-740, Brazil",
Atacadão BH,"Rua dos - R. Nilton Moreira Veloso, 269 - loja 1 - Camargos, Belo Horizonte - MG, 30120-050, Brazil",
Villefort Atacado e Varejo - Pedro II,"Av. Dom Pedro II, nº 1.600 - Carlos Prates, Belo Horizonte - MG, 30710-010, Brazil",
Supermercados BH,"Anel Rodoviário, BR-262, KM 19 - Palmares, Belo Horizonte - MG, 31155-338, Brazil",
Atacadão - Pampulha,"Av. Portugal, 5500 - Itapoã, Belo Horizonte - MG, 31710-400, Brazil",
Atacado E Varejo,"R. Araguari, 394 - Barro Preto, Belo Horizonte - MG, 30190-110, Brazil",
Villefort Atacado e Varejo - Jacuí,"R. Jacuí, 2601 - Renascença, Belo Horizonte - MG, 31140-650, Brazil",
ABC Atacado e Varejo - BH,"Av. Cristiano Machado, 9395 - Vila Suzana, Belo Horizonte - MG, 31741-401, Brazil",
Atacadão da Fábrica,"R. Flávio Sampaio, 229 - Serra Verde, Belo Horizonte - MG, 31630-152, Brazil",
Atacadão da Camilitz,"R. Campos Sales, 832 - Calafate, Belo Horizonte - MG, 30411-570, Brazil",
Importec Atacado,"Av. Pres. Juscelino Kubitscheck, 7535 - Camargos, Belo Horizonte - MG, 30535-550, Brazil",
Atacado do Felipe,"R. São Paulo, 194 - Centro, Belo Horizonte - MG, 30170-130, Brazil",
Mário Atacado,"R. São Paulo, 157 - Centro, Belo Horizonte - MG, 30170-130, Brazil",
Decisão Atacarejo,"R. Padre Pedro Pinto, 2417 - Venda Nova, Belo Horizonte - MG, 31570-260, Brazil",
Dimirim Atacadão,"R. Olympio Perez Munhoz, 113 - Conj. Confisco, Belo Horizonte - MG, 31360-443, Brazil",
Pratti Atacado,"Av. Santos Dumont, 612 - Centro, Belo Horizonte - MG, 30111-040, Brazil",
Villefort Atacado e Varejo - Caiçaras,"R. Cláudio Martins, 179 - Caiçaras, Belo Horizonte - MG, 31230-250, Brazil",
ALMEIDA ATACAREJO,"Av. Olegário Maciel, 742 - Centro, Belo Horizonte - MG, 30180-110, Brazil",
A Popular Atacadista,"Av. do Contorno, 672 - Centro, Belo Horizonte - MG, 30110-002, Brazil",
General Atacadista,"R. Contagem, 1889 - Loja 8 - Santa Ines, Belo Horizonte - MG, 31080-000, Brazil",
Assaí Atacadista Minas Shopping,"Av. Cristiano Machado, 4000 - União, Belo Horizonte - MG, 31160-342, Brazil",
Mercado Central de Belo Horizonte,"Av. Augusto de Lima, 744 - Centro, Belo Horizonte - MG, 30190-922, Brazil",
SUPERMERCADOS BH,"Av. Paraná, 470 - Centro, Belo Horizonte - MG, 30120-020, Brazil",
Supermercados BH,"Av. Dom Pedro II, 2964 - Caiçaras, Belo Horizonte - MG, 30720-460, Brazil",
Supermercados BH,"Av. Silva Lobo, 577 - Prado, Belo Horizonte - MG, 30411-259, Brazil",
SUPERMERCADOS BH,"Av. dos Andradas, 302 - Centro, Belo Horizonte - MG, 30120-010, Brazil",
Mercado Novo,"R. Rio Grande do Sul, 499 - Centro, Belo Horizonte - MG, 30180-916, Brazil",
Supermercados BH,"R. dos Pampas, 231 - Prado, Belo Horizonte - MG, 30410-580, Brazil",
SUPERMERCADOS BH,"Rua dos Guaranis, 308 - Centro, Belo Horizonte - MG, 30120-040, Brazil",
Supermercados BH,"Av. Bernardo Monteiro, 432 - Santa Efigênia, Belo Horizonte - MG, 30150-281, Brazil",
SUPERMERCADOS BH,"Rua Izabel Bueno, 970 - Santa Rosa, Belo Horizonte - MG, 31270-030, Brazil",
SUPERMERCADOS BH,"Av. Mem de Sá, 120 - Santa Efigênia, Belo Horizonte - MG, 30260-270, Brazil",
Supermercados BH,"R. Além Paraíba, 449 - Bonfim, Belo Horizonte - MG, 31210-120, Brazil",
Supermercados BH,"Av. dos Andradas, 3760 - Pompéia, Belo Horizonte - MG, 30280-020, Brazil",
Supermercados BH,"Av. Pres. Antônio Carlos, 1880 - Cachoeirinha, Belo Horizonte - MG, 31130-122, Brazil",
Supermercados BH,"R. Gávea, 438 - Jardim America, Belo Horizonte - MG, 30460-400, Brazil",
Supermercados BH,"Av. Américo Vespúcio, 1271 - Parque Riachuelo, Belo Horizonte - MG, 31230-250, Brazil",
Supermercados BH,"R. Belmiro Braga, 1227 - Caiçara-Adelaide, Belo Horizonte - MG, 30720-520, Brazil",
Supermarket Super Mais,"Rua Sabará, 675 - Colégio Batista, Belo Horizonte - MG, 31110-270, Brazil",
Supermercados BH,"Av. Silviano Brandão, 2400 - Horto, Belo Horizonte - MG, 31015-015, Brazil",
Supermercado Super Mais - Rua Ponte Nova,"R. Pte. Nova, 783 - Floresta, Belo Horizonte - MG, 31110-150, Brazil",
Lojas Empório - Belo Horizonte,"R. Rio de Janeiro, 926 - Centro, Belo Horizonte - MG, 30160-041, Brazil",
EMPORIO BH,"R. Des. Barcelos, 1051 - Nova Suíça, Belo Horizonte - MG, 30421-124, Brazil",
Emporium - Seu a granel preferido,"Av. Augusto de Lima, 744 - Loja 72 - Centro, Belo Horizonte - MG, 30190-000, Brazil",
Empório Nacional,"Av. Francisco Sá, 1267 - Gutierrez, Belo Horizonte - MG, 30441-021, Brazil",
EMPORIO DA TERRA.COM,"Mercado Novo - Av. Olegário Maciel, 714 - box 62 - Centro, Belo Horizonte - MG, 30180-114, Brazil",
Seu Empório BH,"R. Dep. Cláudio Pinheiro Lima, 251 - Glória, Belo Horizonte - MG, 30870-020, Brazil",
Empório 1992,"R. Jorn. Djalma Andrade, 973 - Belvedere, Belo Horizonte - MG, 30320-595, Brazil",
Emporio Nutri - Savassi,"R. Fernandes Tourinho, 363 - Funcionários, Belo Horizonte - MG, 30112-000, Brazil",
Empório Reis,"Av. Brasil, 1586 - Funcionários, Belo Horizonte - MG, 30140-001, Brazil",
DaRoça Empório Mineiro,"Av. Guarapari, 345 - Loja 6 - Santa Amelia, Belo Horizonte - MG, 31560-300, Brazil",
Empório Mineiro,"Av. Bernarda Silvestre, 415 - Rio Branco, Belo Horizonte - MG, 31535-200, Brazil",
Empório Nobre Sabor,"R. Salinas, 59 - Floresta, Belo Horizonte - MG, 31015-365, Brazil",
EMPORIO DA TERRA.COM,"Setor Térreo BA - Av. Olegário Maciel, 748 - Box 56 - Centro, Belo Horizonte - MG, 30180-114, Brazil",
Empório Sírio Libanês,"R. Rio de Janeiro, 211 - Centro, Belo Horizonte - MG, 30160-040, Brazil",
"Empório do Sabor - Loja de Queijos, Sementes, Massas e Frios","Rua Progresso, 840 - Padre Eustáquio, Belo Horizonte - MG, 30720-320, Brazil",
De-Lá - aquilo que é de todo lugar,"R. Santa Rita Durão, 919 - Funcionários, Belo Horizonte - MG, 30140-110, Brazil",
Emporio N.M,"Av. Afonso Pena, 748 - Sala 1901 - Centro, Belo Horizonte - MG, 30130-003, Brazil",
Empório Gourmet Brasileiríssimo,"Central Park Shopping - R. Úrsula Paulino, 1321 - Loja 6 - Estrela do Oriente, Belo Horizonte - MG, 30580-353, Brazil",
Empório ki Delícia,"R. Ceará, 1111 - Funcionários, Belo Horizonte - MG, 30150-311, Brazil",
Warehouse and Emporium DU CARMO,"R. Rodrigues Caldas, 525 - Santo Agostinho, Belo Horizonte - MG, 30190-120, Brazil",
Ronaldo Licores & Cachaças,"Av. Augusto de Lima, 744 - Lj 141 - Centro, Belo Horizonte - MG, 30190-001, Brazil",
Bebidas BH Delivery Ltda,"R. Violeta, 369 - Esplanada, Belo Horizonte - MG, 30280-230, Brazil",
Licor e Cachaça Cavalgada,"Av. Augusto de Lima, 744 - 36 - Centro, Belo Horizonte - MG, 30190-006, Brazil",
R. Baru - Barreiro,"R. Baru - Barreiro, Belo Horizonte - MG, 30666-230, Brazil",
Sucos Detox SanoFit_BH,"R. Igino Bonfioli, 10 - Jaraguá, Belo Horizonte - MG, 31270-460, Brazil",
"A Suqueria - Sucos naturais, crepes, saladas e tudo mais","Av. dos Bandeirantes, 1678 - Mangabeiras, Belo Horizonte - MG, 30315-032, Brazil",
América Sucos Naturais e Pastéis,"R. Curitiba, 650 - Centro, Belo Horizonte - MG, 30170-120, Brazil",
Sucos & Cia,"Av. do Contorno, 6010 - Savassi, Belo Horizonte - MG, 30110-042, Brazil",
PAÇAI SUCOS E VITAMINAS,"Via Brasil shopping - Itapoã, Belo Horizonte - MG, 31710-971, Brazil",
Praçaí Juice and Vitamins,"R. Grão Mogol, 7 - Carmo, Belo Horizonte - MG, 30310-010, Brazil",
Boca de Suco,"R. Alagoas, 1314 - loja 29b - Savassi, Belo Horizonte - MG, 30130-160, Brazil",
Leco Lanches e Sucos Naturais,"130, R. Rio Grande do Norte, 23 - Santa Efigênia, Belo Horizonte - MG, Brazil",
Mega Sucos,"R. Anapurus, 410 - São Gabriel, Belo Horizonte - MG, 31980-210, Brazil",
Life Sucos Belo Horizonte,"R. Dois, 206 - Arvoredo II, Contagem - MG, 32113-502, Brazil",
Néctar da Serra,"R. Santa Rita Durão, 929 - Funcionários, Belo Horizonte - MG, 30140-111, Brazil",
Laranjet - Indústria e Comércio de Sucos,"R. da Igualdade, 346 - Nova Gameleira, Belo Horizonte - MG, 30510-450, Brazil",
Meu Suco,"Av. Dr. Cristiano Guimarães, 2220 - Planalto, Belo Horizonte - MG, 31720-300, Brazil",
Cia do Suco,"Av. Dom Pedro II, 2881 - Carlos Prates, Belo Horizonte - MG, 30710-010, Brazil",
Fruto D'Amazônia,"Av. Min. Guilhermino de Oliveira, 352 - Santa Amelia, Belo Horizonte - MG, 31560-100, Brazil",
Point Sucos,"R. Jacuí, 3437 - Loja A - Ipiranga, Belo Horizonte - MG, 31160-190, Brazil",
Big Sucos,"Av. Dr. Cristiano Guimarães, 1643 - Planalto, Belo Horizonte - MG, 31744-144, Brazil",
Vivacaí,"R. Contagem, 1705 - Santa Ines, Belo Horizonte - MG, 31080-255, Brazil",
Mustache açaí,"Av. Sebastião de Brito, 291 - Dona Clara, Belo Horizonte - MG, 31260-000, Brazil",
Mix Sucos,"R. São Paulo, 656 - loja 19 - Centro, Belo Horizonte - MG, 30170-903, Brazil",
Casa Horta,"R. Santa Rita Durão, 919 - Savassi, Belo Horizonte - MG, 30140-118, Brazil",
Floresta Orgânica,"Av. do Contorno, 1727 - Floresta, Belo Horizonte - MG, 30110-005, Brazil",
Fito Produtos Orgânicos,"R. Rio Grande do Norte, 982 - Funcionários, Belo Horizonte - MG, 30130-131, Brazil",
Orgânico do Chico,"R. Ferreira Viana, 65 - Salgado Filho, Belo Horizonte - MG, 30550-140, Brazil",
Feira Terra Viva BH,"R. Pouso Alegre, 1911 - Horto, Belo Horizonte - MG, 31015-065, Brazil",
Space Organic BH,"Av. Brasil, 1320 - Funcionários, Belo Horizonte - MG, 31140-003, Brazil",
Fradhe Orgânicos,"Rua Boa Esperança 67 , Fundos Carmo - Sion, Belo Horizonte - MG, 30310-730, Brazil",
Produtos Naturais BH,"R. Ouro Fino, 452 - Box 18 - Cruzeiro, Belo Horizonte - MG, 31310-110, Brazil",
Bio Natural,"R. Curvelo, 72 - Floresta, Belo Horizonte - MG, 31015-172, Brazil",
Vovó Eva Orgânicos,"Av. Olegário Maciel, 724 - Centro, Belo Horizonte - MG, 30180-110, Brazil",
Nossa Horta Orgânicos,"R. Barão de Jacuí, 535 - Planalto, Belo Horizonte - MG, 31730-540, Brazil",
Orgânicos Avelar,"Av. Paulo Camilo Pena - Belvedere, Belo Horizonte - MG, 30320-380, Brazil",
Noz do Grão - Loja de Produtos Naturais,"Av. Professor Mário Werneck, 1481 - Buritis, Belo Horizonte - MG, 30455-610, Brazil",
Alternativa Produtos Naturais,"Dentro do Mercado Central - Av. Augusto de Lima, 744 - Centro, Belo Horizonte - MG, 30190-922, Brazil",
Horta à Porta,"Av. Silva Lobo, 1373 - Alto Barroca, Belo Horizonte - MG, 30431-001, Brazil",
Emporium - Seu a granel preferido,"Av. Augusto de Lima, 744 - Loja 72 - Centro, Belo Horizonte - MG, 30190-000, Brazil",
EMPORIO DA TERRA.COM,"Mercado Novo - Av. Olegário Maciel, 714 - box 62 - Centro, Belo Horizonte - MG, 30180-114, Brazil",
Naturíssima,"Av. Augusto de Lima, 744 - Loja 71 - Centro, Belo Horizonte - MG, 30190-001, Brazil",
Amêndoa Saúde a Granel,"R. Pouso Alegre, 957 - Floresta, Belo Horizonte - MG, 31015-215, Brazil",
Grano In Grano,"R. Gonçalves Dias, 142 - Funcionários, Belo Horizonte - MG, 30140-090, Brazil",
Technodry Liofilizados Médicos Ltda,"Av. Wilson Tavares Ribeiro, 595 - Chacaras Reunidas Santa Terezinha, Contagem - MG, 32183-680, Brazil",
Cristal,"Rua Vinte e Um de Abril, 157 - Centro, Belo Horizonte - MG, 30111-030, Brazil",
Riva doceria e cristalizados,"R. Jose Gomes Domingues, 200 - Jaqueline, Belo Horizonte - MG, 31748-075, Brazil",
Doces Papa de Anjo Indústria e Comércio,"R. Mariano Procópio, 936 - João Pinheiro, Belo Horizonte - MG, 30530-290, Brazil",
Doces da miminha,"Rua Diametral n:82B - Sagrada Família, Belo Horizonte - MG, 31030-350, Brazil",
Fábrica de Doces Padre Eustáquio - (Belo Horizonte),"R. Padre Eustáquio, 2607 - Padre Eustáquio, Belo Horizonte - MG, 30720-100, Brazil",
Doces Palhas,"R. Ouro Preto, 617 - apto 1103 - Barro Preto, Belo Horizonte - MG, 30170-040, Brazil",
Cristal Polimentos,"Av. Nossa Sra. do Carmo, 1650 - Loja 47 - São Pedro, Belo Horizonte - MG, 30320-010, Brazil",
Tia Cristal & Cia,"Av. dos Andradas - Santa Efigênia, Belo Horizonte - MG, 30260-030, Brazil",
Bar e Café Cristal,"R. Mariana, 1159 - Bonfim, Belo Horizonte - MG, 31210-420, Brazil",
Relicarium Cristal (Loja Colaborativa Amor de Mãe),"Av. Presidente Carlos Luz, 3001 - Pampulha, Belo Horizonte - MG, 31250-001, Brazil",
Polimento Cristalizado,"R. Miranda Ribeiro, 172 - Vila Paris, Belo Horizonte - MG, 30380-660, Brazil",
Pé de Açaí (Guaraná & Cia),"Mercado Central, Loja 130, Av. Augusto de Lima, 744 - Centro, MG, 30190-922, Brazil",
