Nome,EndereÃ§o,Telefone,Celular,Website
DIVINA CASTANHA
Nutty Bavarian MaringÃ¡ (@nuttybavarian.avenidacenter)
Dica Natural Produtos Naturais,Telefone: (44) 3262-0628,,
Lojas e Quiosques
ArmazÃ©m dos Anjos (@anjosarmazem) - Instagram,Telefone: (44) 3263-7687,,
EmpÃ³rio & Cia Produtos Naturais,Telefone: (44) 3034-0729,,
ArmazÃ©m Da Nutri (@armazemdanutrioficial),"O endereÃ§o da empresa ARMAZEM DA NUTRI Ã© AVENIDA GUAIAPO, 1881 - BOM JARDIM, MaringÃ¡ - PR, 87047731. Qual o telefone da empresa ARMAZEM DA NUTRI? O telefone ...",Telefone: (44) 99963-1757,,
NUTRIBOM ALIMENTOS - HOME,"Qual o endereÃ§o da Nutribom Alimentos Loja? O endereÃ§o Ã© Av. Herval, 695 â€“ Zona 01, MaringÃ¡ â€“ PR, 87013-110 Â· Qual o horÃ¡rio de atendimento? Para ver o horÃ¡rio ...",Telefone: (44) 3031-9321,,
Mapa
Casa Verde | Produtos Naturais | AlimentaÃ§Ã£o SaudÃ¡vel ...,Telefone: (44) 3047-1667,,
Semprebom IndÃºstria de Produtos Naturais e NutracÃªuticos,Telefone: (44) 3028-7770,,
EmpÃ³rio do IngÃ¡: Produtos Naturais em MaringÃ¡,Telefone: (44) 3023-7777,,
palmeriano brasil (@palmerianobrasil)
ArmazÃ©m Vida SaudÃ¡vel (@armazem_vidasaudavel),Telefone: (44) 3041-6066,,
EmpÃ³rio Santa Cruz (@emporio.santa.cruz),Telefone: (44) 3030-3322,,
EmpÃ³rio & Cia Produtos Naturais
vilaverde.emporio - Produto Natural MaringÃ¡,Telefone: (44) 99838-2597,,
Varejo Temperos e Saude (@_temperosesaude),"MARINGA. Estado: PR. Email: DAVID_DWG@HOTMAIL.COM. Telefone: 44 999500357 Whatsapp. CNAE Principal: 4712100 - ComÃ©rcio varejista de mercadorias em geral, com ...",,
IngÃ¡ Nuts Alimentos (@inganuts)
Home - GENEVITTA,Telefone: (44) 3123-1777,,
Nutty Bavarian MaringÃ¡ (@nuttybavarian.avenidacenter)
Sete clubes de carros antigos de MaringÃ¡ vÃ£o ao Paraguai
bcomaveia - Banana com Aveia,Telefone: (44) 3040-3232,,
bananadoce160,Telefone: (44) 3029-9492,,
Bananas Schmitt,"MARINGA - PR 87065-160. Contatos. Telefone(s): (47) 99985-8099 e (44) 98484-5611. SÃ³cios. CÃ³digo, Nome, Data de entrada, QualificaÃ§Ã£o. CPF***900629**, Joao ...",,
Bananas SantomÃ© | Home
Mapa
Cestas Doce & Cacau,Telefone: (44) 98833-6912,,
Coco Bambu MaringÃ¡ (@cocobambumaringa) - Instagram,Telefone: (44) 3343-4100,,
Mapa
Cacau Show Angeloni Beira-Mar
SANTO BAR! Um buteco legal ğŸ˜‡ (@santobar.maringa),Telefone: (44) 3026-4820,,
Mapa
Doces Cacau / AteliÃª & CafÃ© (@docescacau.cafe),Telefone: (44) 3346-6182,,
EspaÃ§o do Revendedor (@vendadiretacacaushowmaringa)
Brasil Cacau | Chocolates
Cacau Cordeiro - Produtor de Alimentos | MaringÃ¡,"A empresa estÃ¡ localizada no bairro PR - Conjunto JoÃ£o de Barro Champagnat e no endereÃ§o R. Rio San Martin - Champagnat, MaringÃ¡ - PR, 87043-475, Brazil ,CEP ...",Telefone: (44) 99751-2299,,
Cacau Show MaringÃ¡ (@lojacacaushowmaringa)
Doce du Cacau (@doceducacau_cascatadechocolate)
Cacau Fraga ClÃ­nica de MicropigmentaÃ§ao e EstÃ©tica
Natureba BistrÃ´ (@naturebabistro),Telefone: (44) 99124-2280,,
Atacado MaringÃ¡,Telefone: (44) 3046-9600,,
"AtacadÃ£o MaringÃ¡ - Rua FernÃ£o Dias, 300 - Loja 02","AtacadÃ£o MaringÃ¡. Destine Aqui. Atividade: Outros Telefone: (44) 3218-8424. EndereÃ§o Rua FernÃ£o Dias, 300. Bairro Zona 09, MaringÃ¡, PR.",,
Max Atacadista
Vest Sul - Roupa em Atacado,Telefone: (44) 3027-8600,,
Colombo,Telefone: (44) 3302-2550,,
Mapa
Mapa
Bem Bom Atacadista (@bembom.atacadista)
Master Atacado - Instagram,"Contatos. Telefone(s): (44) 3224-1239 (Ligar). LocalizaÃ§Ã£o. Logradouro: Avenida Colombo, 7780. Bairro: Zona 06. CEP: 87080-190. MunicÃ­pio: MaringÃ¡.",,
Vale Atacado MaringÃ¡ (@valeatacado) - Instagram,"Qual o endereÃ§o da Vale Atacado? O endereÃ§o Ã© Av. Colombo, 7734 â€“ Zona 06, MaringÃ¡ â€“ PR, 87080-180 Â· Qual o horÃ¡rio de atendimento? Para ver o horÃ¡rio de ...",Telefone: (44) 3046-8989,,
VemKitem Atacarejo
ParanÃ¡ Moda Park (@paranamodapark),Telefone: (44) 3013-2000,,
AtacadÃ£o da IndÃºstria | A Melhor Loja de EPI's de MaringÃ¡,Estamos em trÃªs endereÃ§os Em MaringÃ¡ Av cerro azul 1822 Fone: 44 3223 0770 Whats (44) 98441 0770 Av Mandacaru 1332 Whats (44) 99865-0303 Em Sarandi Av. AntÃ´nio ...,,,
Atacado e Varejo (@missstoremaringa)
ğ‘«ğ’Š ğ‘¨ ğ’‚ ğ’ ğ‘¨ğ‘»ğ‘¨ğ‘ªğ‘¨ğ‘«ğ‘¶,Telefone: (44) 3228-5960,,
Leonardo ComÃ©rcio Atacadista,"*Vendas somente no Atacado* Telefone: (44) 3031-8780 EndereÃ§o: Av. Colombo, NÂº 7750, MaringÃ¡-PR. . #leonardoatacadista #utilidades #brinquedos #ferramentas ...",,
jhonnyatacado - Link in Bio & Creator Tools,Telefone: (44) 99880-0073,,
Camilo Atacadista,Telefone: (44) 3025-3132,,
MercadÃ£o MaringÃ¡ - InÃ­cio,Telefone: (44) 3801-9070,,
Super Condor MaringÃ¡ Av. Teixeira Mendes
Maringa - Super Muffato Delivery,Telefone: (44) 4009-1400,,
Supermercado online - Angeloni Eletro,Telefone: (44) 3301-3600,,
MercadÃ£o MaringÃ¡ - InÃ­cio,Telefone: (44) 3041-9000,,
Maringa - Super Muffato Delivery,Telefone: (44) 3301-5500,,
AmigÃ£o Supermercados - MaringÃ¡: Compre Online e ...,"Qual o endereÃ§o da AmigÃ£o Supermercados â€“ TamandarÃ©? O endereÃ§o Ã© Av. TamandarÃ©, 903 â€“ Zona 01, MaringÃ¡ â€“ PR, 87013-210 Â· Qual o horÃ¡rio de atendimento? Para ver ...",,,
Mercado Borba Gato (@mercadoborbagato),"Venha nos visitar no endereÃ§o: Rua das Tipuanas, 250 - Bairro Borba Gato, MaringÃ¡ No Mercado Borba Gato, nosso compromisso Ã© oferecer a vocÃª uma experiÃªncia ...",Telefone: (44) 3259-1533,,
Supermercados Cidade CanÃ§Ã£o,Telefone: (44) 3268-4455,,
AmigÃ£o Supermercados - MaringÃ¡: Compre Online e ...
EmpÃ³rio da Cerveja - MaringÃ¡ (@emporiodacervejamga),Telefone: (44) 98439-4820,,
EmpÃ³rio Sorrechi (@emporiosorrechi) - Instagram,"Qual o endereÃ§o da EmpÃ³rio Sorrechi? O endereÃ§o Ã© R. NÃ©o Alves Martins, 790 â€“ Vila OperÃ¡ria, MaringÃ¡ â€“ PR, 87050-110 Â· Qual o horÃ¡rio de atendimento? Para ver o ...",Telefone: (44) 99950-9182,,
EmpÃ³rio Reis ğŸº (@emporioreisbebidas),Telefone: (44) 99175-3759,,
EmpÃ³rio DudÃª | Hortifruti em MaringÃ¡ (@emporiodude),Telefone: (44) 3023-9995,,
EmpÃ³rio Marques â€“ EmpÃ³rio Marques,Telefone: (44) 99181-1228,,
"Casa Guermandi EmpÃ³rio, Cestas e Presentes ...",Telefone: (44) 99774-0158,,
MaringÃ¡-Pr (@emporiogourmetconfeitaria),Telefone: (44) 99104-8260,,
EmpÃ³rio Dos Naturais (@emporiodosnaturaismga),Telefone: (44) 3122-1030,,
EmpÃ³rio MaringÃ¡ ğŸ¾ğŸ·ğŸ§€ (@emporiomaringa)
EmpÃ³rio SÃ£o JosÃ© (@emp.saojose),Telefone: (44) 98409-7993,,
