Nome,Endereço,Telefone,Celular,Website,Nome de Contato,CNPJ
Simples & Natural - Grãos e Castanhas,"R. Frei Gaspar, 40 - Vila Santa Rita de Cassia, São Bernardo do Campo - SP, 09720-440, Brazil"Simples & Natural - Grãos e Castanhas,
Nutty Bavarian,"Praça Samuel Sabatini, 200 - Centro, São Bernardo do Campo - SP, 09750-700, Brazil"Nutty Bavarian,
Nutty Bavarian,"Av. Pereira Barreto, 42 - Vila Boa Vista, Santo André - SP, 09190-210, Brazil"Nutty Bavarian,
Noz do Brasil - Produtos Naturais - Vila Prudente SP,"R. Amparo, 453 - Vila Prudente, São Paulo - SP, 03151-060, Brazil"Noz do Brasil - Produtos Naturais - Vila Prudente SP,
Nutty Bavarian,"Pinheiros, São Paulo - State of São Paulo, 05402-600, Brazil"Nutty Bavarian,
Nutty Up,"Grande Plaza Shopping - Av. Industrial, 600 - Tamanduateí 3, Santo André - SP, 09080-510, Brazil"Nutty Up,
Empório das Castanhas,"R. Carlos Sampaio, 331 - Bela Vista, São Paulo - SP, 01333-021, Brazil"Empório das Castanhas,
M.J. Doces E Castanhas,"R. dos Calangos - Parque Doroteia, São Paulo - SP, 04474-270, Brazil"M.J. Doces E Castanhas,
Supermercado Castanha,"Praça Santa Edwiges, 29 - Remédios, São Paulo - SP, 05104-005, Brazil"Supermercado Castanha,
Mercadão Natural,"Alameda dos Nhambiquaras, 1413 - Moema, São Paulo - SP, 04090-012, Brazil"Mercadão Natural,
Empório das Castanhas,"Rua Amália de Noronha, 329 - Pinheiros, São Paulo - SP, 05410-010, Brazil"Empório das Castanhas,
Pedro das Castanhas,"R. Dr. Roberto Feijó, 143 - Parque da Vila Prudente, São Paulo - SP, 03138-000, Brazil"Pedro das Castanhas,
Empório Zanata,"Mercado Municipal - Av. Caminho do Mar, 3344 - Loja 27 - Rudge Ramos, São Bernardo do Campo - SP, 09612-000, Brazil"Empório Zanata,
Nutty Bavarian,"Av. Washington Luís, s/nº - Vila Congonhas, São Paulo - SP, 04626-911, Brazil"Nutty Bavarian,
Empório Santa Castanha,"R. da Cantareira, 306 - Rua G, Box 16 - Luz, São Paulo - SP, 01024-000, Brazil"Empório Santa Castanha,
"Brazilian Nuts - Açaí, sucos e castanhas - Vila Madalena, São Paulo","R. Fradique Coutinho, 1002 - Vila Madalena, São Paulo - SP, 05416-001, Brazil""Brazilian Nuts - Açaí, sucos e castanhas - Vila Madalena, São Paulo",
Armazém Paes e Paes Zona Cerealista do ABC,"R. Joaquim Távora, 271 - Vila Santa Teresa, Santo André - SP, 09030-390, Brazil"Armazém Paes e Paes Zona Cerealista do ABC,
Nutty Bavarian,"Ibirapuera Park - Vila Mariana, São Paulo - SP, 04094-050, Brazil"Nutty Bavarian,
EMPÓRIO SETE MESTRES,"R. Wadia Jafete Assad, 245 - Dos Casa, São Bernardo do Campo - SP, 09850-090, Brazil"EMPÓRIO SETE MESTRES,
Nutty Bavarian,"RAMOV - Av. Aricanduva, 5555 - Vila Matilde, São Paulo - SP, 03527-900, Brazil"Nutty Bavarian,
Noz do Brasil - Produtos Naturais - Vila Prudente SP,"R. Amparo, 453 - Vila Prudente, São Paulo - SP, 03151-060, Brazil"Noz do Brasil - Produtos Naturais - Vila Prudente SP,
Macadâmia Cerealista LTDA,"Praça Dr. Policarpo de Magalhães Viotti, 19 - Parque Mandaqui, São Paulo - SP, 02422-000, Brazil"Macadâmia Cerealista LTDA,
MACADÂMIA MERCADO SAUDÁVEL,"Av. Morumbi, 7849 - Santo Amaro, São Paulo - SP, 04703-003, Brazil"MACADÂMIA MERCADO SAUDÁVEL,
Macadamia Bolsas e Acessórios,"R. Boa Vista, 254 - Centro Histórico de São Paulo, São Paulo - SP, 01202-001, Brazil"Macadamia Bolsas e Acessórios,
Macadâmia Home,"Alameda Gabriel Monteiro da Silva, 1308 - Jardim Paulistano, São Paulo - SP, 01442-000, Brazil"Macadâmia Home,
Macadâmia moda feminina,"R. Alfredo Pujol, 111 - Santana, São Paulo - SP, 02017-010, Brazil"Macadâmia moda feminina,
Mr. Cheney - Cookies,"Av. Kennedy, 700 - Conj. 115A - Jardim do Mar, São Bernardo do Campo - SP, 09726-253, Brazil"Mr. Cheney - Cookies,
Biscoitê A Biscoiteira,"Praça Samuel Sabatini, 200 - Centro, São Bernardo do Campo - SP, 09750-902, Brazil"Biscoitê A Biscoiteira,
Dadiva Natural - Loja de Produtos Naturais Santo André,"R. Carijós, 2060 - Vila Linda, Santo André - SP, 09180-001, Brazil"Dadiva Natural - Loja de Produtos Naturais Santo André,
Macadâmia Bela Vista,"Rod. Eng. Constâncio Cintra, Km 113,5 - Amparo, SP, 13900-000, Brazil"Macadâmia Bela Vista,
Restaurante Bananeira,"R. Mal. Hastimphilo de Moura, 419 - Morumbi, São Paulo - SP, 05641-000, Brazil"Restaurante Bananeira,
Pecan Restaurante - Shop. Paineiras,"Av. 9 de Julho, 1155 - Pte. de Campinas, Jundiaí - SP, 13209-090, Brazil"Pecan Restaurante - Shop. Paineiras,
Residencial Pecan,"Via Paulo Leone, 1845 - V Medeiros, Itupeva - SP, 13296-432, Brazil"Residencial Pecan,
Pecan Móveis Planejados,"Av. Intercontinental, 855 - Jardim Caner, Taboão da Serra - SP, 06753-000, Brazil"Pecan Móveis Planejados,
Loteamento Fechado Pecan (Lotes a partir de 360 M2),"Via Paulo Leone, 1845 - Pinheirinho, Itupeva - SP, 13295-000, Brazil"Loteamento Fechado Pecan (Lotes a partir de 360 M2),
Pecan Store,"Alameda Itapecuru, 515 - Alphaville, Barueri - SP, 06454-080, Brazil"Pecan Store,
Caju,"Caju, Rio de Janeiro - State of Rio de Janeiro, Brazil"Caju,
Pé de Caju Bar & Petiscaria,"R. Luiz Fiorotti, 949 - Olímpico, São Caetano do Sul - SP, 09570-030, Brazil"Pé de Caju Bar & Petiscaria,
Caju Bar,"Torre Hotel - Av. das Nações Unidas, 14401 - Vila Sao Francisco (Zona Sul), São Paulo - SP, 04794-000, Brazil"Caju Bar,
CaJu Lanches e Salgados,"R. Itapiruna, Nº 299 - Jardim Petroni, São Bernardo do Campo - SP, 09761-040, Brazil"CaJu Lanches e Salgados,
Boteco do Juca,"R. Ibipetuba, 182 - Alto da Mooca, São Paulo - SP, 03127-180, Brazil"Boteco do Juca,
Caju,"Rua Cristovão de Figueiredo, 108 - Parque Maria Helena, São Paulo - SP, 05855-230, Brazil"Caju,
Empório Caju - Cerealista,"R. Álvaro Rodrigues, 26 - Cidade Monções, São Paulo - SP, 04582-000, Brazil"Empório Caju - Cerealista,
Restaurante do Caju,"R. Moisés de Corena, 1038 - Cidade Tiradentes, São Paulo - SP, 08475-170, Brazil"Restaurante do Caju,
Lanchonete e Restaurante Caju Verde,"Av. Nove de Julho, 3622 - Jardim Paulista, São Paulo - SP, 01406-000, Brazil"Lanchonete e Restaurante Caju Verde,
Restaurante Caju Verde,"Av. Vital Brasil, 861 - Butantã, São Paulo - SP, 05503-001, Brazil"Restaurante Caju Verde,
Lanchonete e Restaurante Caju,"05508-090, R. do Matão, 622-878 - Butantã, São Paulo - SP, 05508-090, Brazil"Lanchonete e Restaurante Caju,
Tapiocas e pastéis gourmet do cajú,"R. 12 de Agosto, 1 - Montanhão, São Bernardo do Campo - SP, 09783-515, Brazil"Tapiocas e pastéis gourmet do cajú,
Caju,"R. Manicoré, 788 - Vila Floresta, Santo André - SP, 09050-020, Brazil"Caju,
Vila Caju,"Vila Caju, São Paulo - State of São Paulo, Brazil"Vila Caju,
Lanchonete Nova Skina Caju Verde,"R. Iperoig, 771 - Perdizes, São Paulo - SP, 05016-000, Brazil"Lanchonete Nova Skina Caju Verde,
Lanchonete e Restaurante Toca do Caju,"R. Rangel Pestana, 361 - Centro, São Vicente - SP, 11320-010, Brazil"Lanchonete e Restaurante Toca do Caju,
Maria Caju,"Av. Siqueira Campos, 342 - Boqueirão, Santos - SP, 11045-201, Brazil"Maria Caju,
Caju Bar,"R. Sebastião Afonso, 437 - Jardim Miriam, São Paulo - SP, 04417-100, Brazil"Caju Bar,
CAJU MEL DOCES,"R. Tutóia, 1010 - Vila Mariana, São Paulo - SP, 04007-005, Brazil"CAJU MEL DOCES,
Caju açai e lanches,"Av. Pres. Castelo Branco, 3113 - Jardim Zaira, Mauá - SP, 09321-375, Brazil"Caju açai e lanches,
Atacadão - São Bernardo Centro,"R. Mal. Deodoro, 2785 - Centro, São Bernardo do Campo - SP, 09710-193, Brazil"Atacadão - São Bernardo Centro,
Vencedor Atacadista,"R. dos Vianas, 2781 - Baeta Neves, São Bernardo do Campo - SP, 09761-000, Brazil"Vencedor Atacadista,
Assaí Atacado e Varejo,"Av. Piraporinha, 680 - Planalto, São Bernardo do Campo - SP, 09891-001, Brazil"Assaí Atacado e Varejo,
Assaí Atacadista,"Av. Pereira Barreto, 2444 - Jardim Bom Pastor, Santo André - SP, 09190-210, Brazil"Assaí Atacadista,
Atacado Bem Barato,"Av. Maria Servidei Demarchi, 1911 - Demarchi, São Bernardo do Campo - SP, 09820, Brazil"Atacado Bem Barato,
Tenda Atacado - Diadema,"Av. Fábio Eduardo Ramos Esquivel, 3000 - Canhema, Diadema - SP, 09941-202, Brazil"Tenda Atacado - Diadema,
Atento atacadista,"Av. Pery Ronchetti, 580 - Nova Petrópolis, São Bernardo do Campo - SP, 09771-001, Brazil"Atento atacadista,
Grupo Bem Barato,"Av. Humberto de Alencar Castelo Branco, 3100 - Jardim do Imperador, São Bernardo do Campo - SP, 09851-070, Brazil"Grupo Bem Barato,
"Oba Hortifruti Farm - Mercado, Frutas, Verduras, Legumes, Açougue e Adega","Av. Francisco Prestes Maia, 1491 - Centro, São Bernardo do Campo - SP, 09770-000, Brazil""Oba Hortifruti Farm - Mercado, Frutas, Verduras, Legumes, Açougue e Adega",
Atacado de folheados,"R. Djalma Dutra, 43 - Centro, São Bernardo do Campo - SP, 09725-435, Brazil"Atacado de folheados,
Mega Boi,"Av. Luiz Pequini, 929 - Santa Terezinha, São Bernardo do Campo - SP, 09780-250, Brazil"Mega Boi,
Choco Art Artigos Para Festas/ distribuidora / doces / confeitaria /atacado / varejo / essências / artesanato / bisqui /,"R. Rio Branco, 254 - Centro, São Bernardo do Campo - SP, 09710-090, Brazil"Choco Art Artigos Para Festas/ distribuidora / doces / confeitaria /atacado / varejo / essências / artesanato / bisqui /,
Mafat atacado de roupas semi novas e variedades,"R. Argia, 548 - Assunção, São Bernardo do Campo - SP, 09810-620, Brazil"Mafat atacado de roupas semi novas e variedades,
Coco Atacado E Varejo,"Vila Metalúrgica, Santo André - State of São Paulo, 09220-010, Brazil"Coco Atacado E Varejo,
L Modas Jeans Atacado e Varejo,"Av. Dom Pedro de Alcântara, 330 - Vila Sao Pedro, São Bernardo do Campo - SP, 09784-000, Brazil"L Modas Jeans Atacado e Varejo,
Suplemercado FIT supplements São Bernardo Wholesale & Retail,"Av. Brg. Faria Lima, 335 - Centro, São Bernardo do Campo - SP, 09720-010, Brazil"Suplemercado FIT supplements São Bernardo Wholesale & Retail,
La Bella Semijóias - Atacado de Semijóias,"R. Elita Maria Rodrigues Costa, 15 - Conceição, Diadema - SP, 09911-575, Brazil"La Bella Semijóias - Atacado de Semijóias,
Nova Veneza - Atacado e Varejo,"R. Prof. Aprígio Gonzaga, 308 - São Judas, São Paulo - SP, 04303-001, Brazil"Nova Veneza - Atacado e Varejo,
Brasileirão Atacado,"Av. do Estado, 8777 - Vila Prudente, São Paulo - SP, 04210-040, Brazil"Brasileirão Atacado,
Grupo Bem Barato,"Av. Brg. Faria Lima, 1775 - Centro, São Bernardo do Campo - SP, 09720-010, Brazil"Grupo Bem Barato,
"Oba Hortifruti Farm - Mercado, Frutas, Verduras, Legumes, Açougue e Adega","Av. Francisco Prestes Maia, 1491 - Centro, São Bernardo do Campo - SP, 09770-000, Brazil""Oba Hortifruti Farm - Mercado, Frutas, Verduras, Legumes, Açougue e Adega",
Mercado Vila Nova,"R. dos Pássaros, 12 - Montanhão, São Bernardo do Campo - SP, 09784-060, Brazil"Mercado Vila Nova,
Grupo Bem Barato,"Av. Brg. Faria Lima, 1775 - Centro, São Bernardo do Campo - SP, 09720-010, Brazil"Grupo Bem Barato,
Mercado RV,"Av. Luiz Pequini, 1995 - Santa Terezinha, São Bernardo do Campo - SP, 09780-250, Brazil"Mercado RV,
Mercado Loyola,"Av. Aclimação, 682 - Jardim do Estádio, Santo André - SP, 09172-030, Brazil"Mercado Loyola,
Mercado DuParque ll,"Av. Luiz Pequini, 203 - Santa Terezinha, São Bernardo do Campo - SP, 09780-250, Brazil"Mercado DuParque ll,
Extra Mercado,"Av. Maria Servidei Demarchi, 1897 - Demarchi, São Bernardo do Campo - SP, 09820-000, Brazil"Extra Mercado,
Mercado Lucas,"R. Dracena, 330 - Jardim Alvorada, Santo André - SP, 09180-390, Brazil"Mercado Lucas,
May 13,"Av. Albert Schweitzer, 600 - Ferrazópolis, São Bernardo do Campo - SP, 09790-000, Brazil"May 13,
Mercado Cico,"R. Everaldo Martins de Vasconcelos, 139 - 143 - Santa Terezinha, São Bernardo do Campo - SP, 09781-300, Brazil"Mercado Cico,
Extra Mercado,"Praça Bom Jesus de Piraporinha, 425 - Piraporinha, Diadema - SP, 09951-550, Brazil"Extra Mercado,
Mercado Azevedo,"Neres Santos - R. Profa. Alice Neres Santos, 75 - Bairro dos Casa, São Bernardo do Campo - SP, 09850-000, Brazil"Mercado Azevedo,
Hirota Food,"R. Américo Brasiliense, 532 - Centro, São Bernardo do Campo - SP, 09715-021, Brazil"Hirota Food,
DIA Supermercado,"R. Tiradentes, 1399 - Jardim Atlantico, São Bernardo do Campo - SP, 09791-301, Brazil"DIA Supermercado,
Vencedor Atacadista,"Av. Dr. José Fornari, 1645 - Ferrazópolis, São Bernardo do Campo - SP, 09790-400, Brazil"Vencedor Atacadista,
Bom Fran Mercado,"Av. Francisco Prestes Maia, 1223 - Santa Terezinha, São Bernardo do Campo - SP, 09770-000, Brazil"Bom Fran Mercado,
Almeida Leme market,"R. Almeida Leme, 191 - Vila Tocantins, São Bernardo do Campo - SP, 09761-170, Brazil"Almeida Leme market,
Extra Mercado,"Av. Humberto de Alencar Castelo Branco, 4001 - Assunção, São Bernardo do Campo - SP, 09850-350, Brazil"Extra Mercado,
MinhaAmazonBR,"R. Brasílio Machado, 308 - Centro, São Bernardo do Campo - SP, 09715-140, Brazil"MinhaAmazonBR,
Extra Mercado,"Av. Higienópolis, 312/350 - Vila Gilda, Santo André - SP, 09190-360, Brazil"Extra Mercado,
EMPÓRIO ALEX - SÃO BERNARDO PLAZA SHOPPING,"Av. Rotary, 624 - Centro, São Bernardo do Campo - SP, 09721-000, Brazil"EMPÓRIO ALEX - SÃO BERNARDO PLAZA SHOPPING,
Empório do Miro,"Av. Dom Pedro de Alcântara, 170 - Montanhão, São Bernardo do Campo - SP, 09784-000, Brazil"Empório do Miro,
Empório do Amâncio,"R. João Pessoa, 319 - Centro, São Bernardo do Campo - SP, 09715-000, Brazil"Empório do Amâncio,
Barbecue is the name,"Av. Kennedy, 715 - Jardim do Mar, São Bernardo do Campo - SP, 09726-262, Brazil"Barbecue is the name,
EMPÓRIO SETE MESTRES,"R. Wadia Jafete Assad, 245 - Dos Casa, São Bernardo do Campo - SP, 09850-090, Brazil"EMPÓRIO SETE MESTRES,
Empório Marcon - Padaria em São Bernardo,"R. Tiradentes, 1837 - Santa Terezinha, São Bernardo do Campo - SP, 09780-000, Brazil"Empório Marcon - Padaria em São Bernardo,
Empório EPB,"Av. Imperador Pedro II, 820 - Nova Petrópolis, São Bernardo do Campo - SP, 09770-420, Brazil"Empório EPB,
Empório Esperança,"Montanhão, São Bernardo do Campo - State of São Paulo, 09783-180, Brazil"Empório Esperança,
Restaurante Empório Demarchi no Centro,"R. Frei Gaspar, 16 - Centro, São Bernardo do Campo - SP, 09721-180, Brazil"Restaurante Empório Demarchi no Centro,
Empório Eliete,"R. Olavo Bilac, 427 - Jardim Olavo Bilac, São Bernardo do Campo - SP, 09725-570, Brazil"Empório Eliete,
Empório Canaã,"Alameda Dom Pedro de Alcântara, 599 - Nova Petrópolis, São Bernardo do Campo - SP, 09771-281, Brazil"Empório Canaã,
Empório Braga's,"Av. Luiz Pequini, 1674 - Santa Terezinha, São Bernardo do Campo - SP, 09780-250, Brazil"Empório Braga's,
Emporio Norte Natural,"R. Mal. Deodoro, 1819 - Centro, São Bernardo do Campo - SP, 04738-001, Brazil"Emporio Norte Natural,
Empório Health,"R. Tiradentes, 2388 - Montanhão, São Bernardo do Campo - SP, 09781-500, Brazil"Empório Health,
EMPORIO DO ACO,"Av. Rotary, 624 - Q105 - Ferrazópolis, São Bernardo do Campo - SP, 09721-000, Brazil"EMPORIO DO ACO,
Empório Uai Berno melhor de Minas SBC,"R. dos Vianas, 2247 - Baeta Neves, São Bernardo do Campo - SP, 09760-510, Brazil"Empório Uai Berno melhor de Minas SBC,
Empório da Terra,"Av. Índico, 223 - Jardim do Mar, São Bernardo do Campo - SP, 09750-600, Brazil"Empório da Terra,
EMPÓRIO BLACK BAETA,"R. Giacinto Tognato, 1273B - Baeta Neves, São Bernardo do Campo - SP, 09760-372, Brazil"EMPÓRIO BLACK BAETA,
Emporio abadejo,"R. Américo Brasiliense, 33 - Centro, São Bernardo do Campo - SP, 09715-020, Brazil"Emporio abadejo,
Empório Boneti,"R. Ernesta Pelosini, 82 - Nova Petrópolis, São Bernardo do Campo - SP, 09771-220, Brazil"Empório Boneti,
7cdrinks - Batidas & caipirinhas,"Estr. do Retiro, 325 B - Santa Terezinha, São Paulo - SP, 04474-150, Brazil"7cdrinks - Batidas & caipirinhas,
Mister Bebidas,"R. Domenico Aníbal, 271 - Americanópolis, São Paulo - SP, 04427-030, Brazil"Mister Bebidas,
Marula Artesanal Morin - Licor,"Sala de reunião, Edifício Red Tatuapé - R. Serra de Bragança, 1555 - Vila Gomes Cardim, São Paulo - SP, 03318-000, Brazil"Marula Artesanal Morin - Licor,
Empório Frei Caneca,"R. Frei Caneca, 569 - Consolação, São Paulo - SP, 01307-001, Brazil"Empório Frei Caneca,
Magazine,"Av. Rotary, 664 - Centro, São Bernardo do Campo - SP, 09390-121, Brazil"Magazine,
Contayner das Cervejas,"Avenida Humberto de Alencar Castelo Branco, Nº 3125 - CJ02 Dentro do Posto Ipiranga - Alves Dias, São Bernardo do Campo - SP, 09850-000, Brazil"Contayner das Cervejas,
"Adega Artesanal voltada a fazer os melhores vinhos ,batidas,e pingas","Av. Itamarati, 575 - Vila Curuçá, Santo André - SP, 09290-730, Brazil""Adega Artesanal voltada a fazer os melhores vinhos ,batidas,e pingas",
Cachaça é Presente,"Dentro do Sonda Supermercados Na Galeria Piso 1 em frente a Hering - Av. Pereira Barreto, 1.500 - Centro, São Bernardo do Campo - SP, 09751-000, Brazil"Cachaça é Presente,
Emporio Vignamazzi | Center Norte,"Tv. Casalbuono, 120 - loja 10 - Vila Guilherme, São Paulo - SP, 02089-900, Brazil"Emporio Vignamazzi | Center Norte,
Empório Frades,"Av. do Cursino, 129 - Vila da Saúde, São Paulo - SP, 04133-000, Brazil"Empório Frades,
Licoretto Bebidas,"Av. Washington Luís, 3341 - Chácara Flora, São Paulo - SP, 04627-000, Brazil"Licoretto Bebidas,
Clube das Bebidas,"Estr. das Lágrimas, 4039 - Pte. Preta, São Paulo - SP, 04244-000, Brazil"Clube das Bebidas,
Liquore di Famiglia - Licores artesanais,"R. do Arraial - Vila Mariana, São Paulo - SP, 04122-030, Brazil"Liquore di Famiglia - Licores artesanais,
Drinks distributor Hs,"Av. Carlos Gomes, 773 - Vila Boa Vista, Santo André - SP, 09061-510, Brazil"Drinks distributor Hs,
Imigrantes Bebidas,"R. Cap. Alberto Mendes Júnior, 660 - Água Fria, São Paulo - SP, 02335-011, Brazil"Imigrantes Bebidas,
Adega do Portuga,"R. Guido Poianas, 145 - Jardim Rina, Santo André - SP, 09271-680, Brazil"Adega do Portuga,
Atento atacadista,"Av. Pery Ronchetti, 580 - Nova Petrópolis, São Bernardo do Campo - SP, 09771-001, Brazil"Atento atacadista,
Adega Do Alê,"Rua Oscar Schade, 126 - Vila Inglesa, São Paulo - SP, 04653-130, Brazil"Adega Do Alê,
Zion Vinhos e Licores,"R. José Manoel Camisa Nova, 129 - Jardim Sao Luiz, São Paulo - SP, 05822-015, Brazil"Zion Vinhos e Licores,
Adega La Casa das Bebidas,"Av. Inconfidência Mineira, 1959 - Vila Antonieta, São Paulo - SP, 03476-010, Brazil"Adega La Casa das Bebidas,
