Empório dos Cereais & Integrais,
loja de produtos naturais onlineEmporio Oliveira,,Telefone: (11) 95420-0089,,
marina bonita | casa do norte e cerealista gru,,Telefone: (11) 5199-4493,,
Atacadão do Natural - Natural é ser feliz,,Telefone: (11) 99400-0575,,
Lojas e Quiosques,
Kalpa Alimentos (@kalpaalimentos),"Qual o endereço da Kalpa Empório? O endereço é Av. Santana do Mundaú, 889 – 1 – Cidade Parque Alvorada, Guarulhos – SP, 07242-190 · Qual o horário de atendimento ...","Dúvidas é só entrar em contato pelo nosso Telefone: 2087-4510 ou pelo whatsapp 4966-6448 - in Jardim São João, Guarulhos, São Paulo. ... Kalpa Empório Loja 1 - ...",,
Produtos Naturais e Suplementos (@emporiodfibra_gru),"Final do telefone 9810 Camilla - Final do telefone 2020 Retirada será feita em nossa Loja no endereço abaixo Rua Cônego Valadão, 1043 - Vila Augusta - Guarulhos.",Telefone: (11) 2656-6647,,
emporiotradicoes - Empório Tradições,
Lojas e Quiosques,
"EMPORIO GALVAO CASA DO NORTE em Guarulhos, SP",
Empório Ponto dos Grãos (@emporiopontodosgraos),
Semente & Raiz,,Telefone: (11) 98787-9424,,
Empório dos Cereais: Grande Diversidade de Produtos Naturais,"Qual o endereço da empresa EMPORIO NACAO DOS CEREAIS LTDA ? AVENIDA BOM CLIMA, 20 - JARDIM BOM CLIMA, GUARULHOS, SP."
Apartamentos na planta à venda em Vila das Castanhas ...,
T P EMPORIO DE PRODUTOS NATURAIS E REGIONAIS ...,,"Localização e Contato. Telefone: (11) 8427-3955. E-mail: luispaulo.palestrasbbessa@gmail.com. Endereço: Avenida Juarez Tavora, 286 - Jardim Sao Joao Guarulhos - ...",,
"BORA LA em Guarulhos, SP - Consulta Empresa",
Mercados Ipanema Supermercado Alpha LTDA ...,
Empório Bem Estar,,Telefone: (11) 2404-2082,,
Empório Rosa - Zona Cerealista,"Para a retirada em nossa loja, basta se dirigir para o nosso endereço no Brás: Rua Santa Rosa, 74 - Zona Cerealista. Trocas e Devoluções. Me arrependi, posso ...",Telefone: (11) 3315-0662,,
Noz do Brasil | Comprar Castanhas Online | Produtos Naturais ...,,Telefone: (11) 99623-8523,,
Lojas,
Café maça shows (@cafe_night_club),
Guarulhos,
Empório Macadâmia (@emporiomacadamia),,Telefone: (12) 3157-2814,,
Sam's Club – Faça suas compras online,
Distribuidora de Bananas Fábio (@bananasfabio),"Qual o endereço da empresa DISTRIBUIDORA DE BANANAS FABIO LTDA ? RUA ELI RUBENS COSTA, 20 - JARDIM BOM CLIMA, GUARULHOS, SP.",Telefone: (11) 2229-0899,,
CASA NO CONDOMÍNIO RESIDENCIAL PECAN,
Deposito De Materiais De Construcao Cajuran Ltda | ...,,Guia Telefone,,
CEAG | Centro de Abastecimento de Guarulhos,,Telefone: (11) 2498-2029,,
Mapa,
Brasil Cacau | Chocolates,
Cacau Show,,Telefone: (11) 99274-0342,,
Brasil Cacau | Chocolates,
Max Atacadista,,Telefone: (11) 3513-7910,,
Atacadão Souza (@atacadaosouzasp),,Telefone: (11) 2421-7402,,
GIGA Atacado - Folhetos,
PoupaKi,,Telefone: (11) 2563-2263,,
Mapa,,Assaí Guarulhos Pimentas. Telefone: (11) 3521-1100. Televendas: (11) 3521-1101 | 3521-1102. Whatsapp: (11) 997045118. Endereço: Estrada Presidente Juscelino ...,,
Tenda Atacado - Suas compras de supermercado com preço ...,
Mapa,
Loja Guarulhos,,Telefone: (11) 2087-7000,,
Assaí Guarulhos Pimentas,,Assaí Guarulhos Pimentas. Telefone: (11) 3521-1100. Televendas: (11) 3521-1101 | 3521-1102. Whatsapp: (11) 997045118. Endereço: Estrada Presidente Juscelino ...,,
K&N Atacadista (@knatacado_) • Instagram photos and videos,,Telefone: (11) 2304-2506,,
"MERCADO IPORANGA LTDA em Guarulhos, SP","Qual o endereço da Mercado Iporanga? O endereço é Av. Salgado Filho, 3330 – Centro, Guarulhos – SP, 07115-000 · Qual o horário de atendimento? Para ver o horário ...",Guia Telefone,,
Nossas Lojas,
Mini Mercado Suprema (@suprema.guarulhos),"Qual o endereço da Supermercado Suprema? O endereço é R. Itatira, 464 – Parque Uirapuru, Guarulhos – SP, 07230-300 · Qual o horário de atendimento? Para ver o ...",Guia Telefone,,
"Maiores empresas de supermercado em Guarulhos, SP ...",
Mercado Ss - Compre Online em Guarulhos/SP,"Qual o endereço da Mercado SS Super Super – Loja 2 Vitória? O endereço é R. Piauí, 74 – Vila Rosalia, Guarulhos – SP, 07072-210 · Qual o horário de atendimento?"
Mapa,
Nossas Lojas,,Telefone: (11) 2458-8400,,
mercado santarita Guarulhos (@supermercadosantaritasr),"Qual o endereço da Supermercado Santa Rita? O endereço é R. Geishofer, 29 – Jardim Baruch, Guarulhos – SP, 07082-180 · Qual o horário de atendimento? Para ver o ...",Telefone: (11) 2656-5720,,
Mapa,
Reilar Supermercados (@supermercadosreilar),
Mapa,"Estamos no endereço Av. Benjamin Harris Hunnicut, s/nº. Venha conhecer a Galeria Guarulhos e descubra um mundo de facilidades ao seu alcance."
Fonte Nova Supermercados (@fontenovasupermercados),"Qual o endereço da Fonte Nova Supermercados – Munira? O endereço é R. Pixinguinha, 32 – Jardim Bananal, Guarulhos – SP, 07152-822 · Qual o horário de atendimento ..."
"Sonda - Supermercado, Açougue, Hortifruti e Mercearia Online","Clique em ""ver horários"" · Qual o endereço da Sonda Supermercados – Vila Rio? O endereço é Shopping Pátio Guarulhos, Av. · Qual o horário de atendimento? Para ver ...","Vila Rio · Telefone: (11) 2104-5900 · Endereço: Avenida Rosa Molina Pannocchia, 331 – Portal dos Gramados – Vila Rio · Horário de Funcionamento: Segunda a Sábado: ...",,
Emporio Guarulhos,
EMPÓRIO BELLA VITA (@emporiobellavita_),,Telefone: (11) 4969-2929,,
Empório Nossa Terra Rica - MenuDino,,Telefone: (11) 91338-6041,,
Empório Grão de Ouro,
emporiotradicoes - Empório Tradições,,Telefone: (11) 94525-8300,,
Emporio Sardinha,,Telefone: (11) 2451-6031,,
Empório Mori (@emporiomori),,Telefone: (11) 2461-1388,,
Vilari Empório de Bebidas (@vilari_),,Telefone: (11) 95590-5017,,
CASA SERRANA VINHOS E LICORES/ Vinhos da Serra,,Telefone: (11) 97156-1114,,
