Castanhaê Produtos Naturais,"Alameda Praia de Siriúba, 104 - Stella Maris, Salvador - BA, 41600-090, Brazil"
Castanha Produtos Naturais,"Ao lado da casa do bolo Tavares em frente a emergência pediatria de Pirajá - R. Oito de Novembro, 29 - Pirajá, Salvador - BA, 41290-200, Brazil"
Castanhas do Nutri,"R. Pres. Kennedy, 145 - Barra, Salvador - BA, 40130-200, Brazil"
NUTRIGRANEL,"Av. Antônio Carlos Magalhães, 656 - Pituba, Salvador - BA, 41825-000, Brazil"
Mundo a Granel,"R. Hélio Machado, 44 - Boca do Rio, Salvador - BA, 41710-200, Brazil"
Natureza & Cia,"Ceasa Mercado - Av. Juracy Magalhães Júnior, 1624 - Box 56 e 75 - Rio Vermelho, Salvador - BA, 41940-000, Brazil"
Empório Puríssimo,"Av. Eng. Oscar Pontes - Água de Meninos, Salvador - BA, 40325-281, Brazil"
Grãos da Natureza,"Rua Pernambuco, Shopping Madison Plaza, número 2269 - Pituba, Salvador - BA, 41830-390, Brazil"
ATACADÃO DOS GRÃOS,"R. 3 de Maio, 08 - LJ 02 - São Cristóvão, Salvador - BA, 41510-520, Brazil"
Saúde Total - Produtos Naturais - Suplementos - Pernambués,"R. Escritor Édison Carneiro, 65 - Pernambués, Salvador - BA, 41130-010, Brazil"
Tudo Saudável e natural,"Shopping Gaivota - R. das Gaivotas, 270 - Loja A - Imbuí, Salvador - BA, 41720-070, Brazil"
Mundo das castanhas e mais,"Rua:Ribeiro dos Santos, N°35 - Centro, Cruz das Almas - BA, 44380-000, Brazil"
Empório Carvalho,"Rua Rio Paraguaçu, 333 - Itacaranha, Salvador - BA, 40713-270, Brazil"
Sabor Baiano,"Av. São Rafael, 405 - terreo - São Marcos, Salvador - BA, 41253-170, Brazil"
Tok Essências e Ervas,"R. Hélio Machado, 36 - Boca do Rio, Salvador - BA, 41710-200, Brazil"
Grão,"Avenida Praia de Itapuã, 1341, Quadra D 27, Lote 06 - Vilas do Atlântico, Salvador - BA, 42700-000, Brazil"
Loja Grão Real,"Empresarial Nossa Senhora de Fátima - Alameda Dilson Jatahy Fonseca, 1255 - Loja 05 - Stella Maris, Salvador - BA, 41600-030, Brazil"
Casa de Produtos Naturais,"Final de linha ao lado do ponto de ônibus - Jardim Santo Inácio, Salvador - BA, 41231-015, Brazil"
Natu Ervas,"Av. Ulysses Guimarães, N 4502 - Sussuarana, Salvador - BA, 41213-000, Brazil"
Fruits & Co.,"Av. Centenário, 14B - Chame-Chame, Salvador - BA, 40155-150, Brazil"
Casa das Baianas,"R. Direta de Nova Brasília, 237 - Nova Brasília, Salvador - BA, 41350-010, Brazil"
Fazendosca Sabor da Natureza,"s/n bx 134-A, Av. Juracy Magalhães Júnior, Salvador - BA, 41940-060, Brazil"
Nutrimaster Alphaville,"Av. Luís Viana Filho, 5700 - Alphaville I, Salvador - BA, 41701-005, Brazil"
Docesfranci,"2ª Travessa Luzimar, 5 - Valéria, Salvador - BA, 41298-890, Brazil"
NOZ MOSCATA,"Av. Paulo VI, 1984 - loja 1 - Pituba, Salvador - BA, 41810-001, Brazil"
Nozes Glacê,"Rua Professor Milton Cayres de Brito, 69 - Caminho das Árvores, Salvador - BA, 41820-570, Brazil"
Tortaria Macadâmia,"R. Caetité, 175 - lj 03 - Rio Vermelho, Salvador - BA, 41940-070, Brazil"
Banana Real Sorveteria e Açaiteria,"Avenida Octávio Mangabeira, Calçadão, de - Quiosque 2 - Piatã, Salvador - BA, 41650-000, Brazil"
Sr. Banana Açai - Barra Conheça e se apaixone!!!,"Av. Sete de Setembro, 3855 - Barra, Salvador - BA, 40130-000, Brazil"
Disk Bananas,"Rod. BA- 526, Ceasa, GP 02, Box 18 Lado Rest. Cosme e Damião - Ceasa, Salvador - BA, 41505-220, Brazil"
Produtos Naturais Empório Gostos da Bahia,"Av. Juracy Magalhães Júnior, 1624 - Box 131 - Rio Vermelho, Salvador - BA, 41940-060, Brazil"
ATACADÃO DOS GRÃOS,"R. 3 de Maio, 08 - LJ 02 - São Cristóvão, Salvador - BA, 41510-520, Brazil"
Sítio Caju - ANTIGO CT DO ATLÂNTICO,"Jardim Tropical, Salvador - State of Bahia, 41301-110, Brazil"
Restaurante Cajueiro,"R. das Laranjeiras, 18 - Pelourinho, Salvador - BA, 40026-230, Brazil"
Oficina de Caju,"R. dos Réis Católicos, 16 - Federação, Salvador - BA, 40230-805, Brazil"
"Rua do Caju, 2 - Lobato, Salvador - BA, 40484-440, Brasil","Alto do Cabrito, Salvador - State of Bahia, 40484-800, Brazil"
Caju Restaurante,"R. Caminho da Praia, 154 - Centro, Cairu - BA, 45420-000, Brazil"
O Caruru,"Mercado do Rio Vermelho - Av. Juracy Magalhães Júnior, 1624 - Loja 76 - Horto Florestal, Salvador - BA, 40295-140, Brazil"
Salvador Atacadista,"R. do Nepal, 2-138 - Granjas Rurais Pres. Vargas, Salvador - BA, 41230-070, Brazil"
Atacadão - Salvador Mares,"R. Comendador Bastos, s/n - Mares, Salvador - BA, 40445-211, Brazil"
"Total Atacado - Bebidas, Food Service, Perfumaria, Atacadista, Salvador BA","R. Jorge Novis, 135 - Vila Laura, Salvador - BA, 40270-370, Brazil"
Atacadão South Center - Distribution Center,"R. Nilo Peçanha, 227 - Liberdade, Salvador - BA, 40301-155, Brazil"
Atacadão,"Av. Barros Reis, 334 - Cabula, Salvador - BA, 40301-110, Brazil"
Atacadão - Salvador Bonocô,"Av. Mário Leal Ferreira, 500 - Bonocô, Salvador - BA, 40285-600, Brazil"
Bom Gosto Atacado,"R. Nilo Peçanha, 9/11 - 9/11 - Calçada, Salvador - BA, 40411-380, Brazil"
Atacadão South Centre,"R. Artur Catrambi, 157 - Calçada, Salvador - BA, 40411-370, Brazil"
Atacadão - Salvador Pau da Lima,"R. Pastor José Guilherme de Morães, 91 - Pau da Lima, Salvador - BA, 41235-015, Brazil"
Central do Atacado - Salvador,"Ed. Max Center - Av. Antônio Carlos Magalhães, Nº 846 - Loja 29B - Itaigara, Salvador - BA, 41825-900, Brazil"
Atacadão - Salvador ACM,"Av. Antônio Carlos Magalhães, s/n - Parque Bela Vista, Salvador - BA, 40280-000, Brazil"
Total Atacado e Varejo,"Estr. do Matadouro, 627 - Águas Claras, Salvador - BA, 41311-262, Brazil"
Aline Atacado Salvador distribuidora de moda praia e íntima e sexyshop,"R. Gen. Savaget, n 19 - Liberdade, Salvador - BA, 40301-110, Brazil"
Atacadão - Salvador Iguatemi,"Av. Tancredo Neves, 3413 - Caminho das Árvores, Salvador - BA, 41820-780, Brazil"
Atacadão Rodrigues Salvador,"Av. Paulo VI, 1345 - B - Pituba, Salvador - BA, 41810-000, Brazil"
Atacadão - Salvador Pirajá,"BR-324, 9069 - KM 7 - Pirajá, Salvador - BA, Brazil"
Atakadão Atakarejo - Vasco da Gama,"Av. Vasco da Gama, 437 - Engenho Velho de Brotas, Salvador - BA, 40240-090, Brazil"
Reis Atacado,"R. Dr. Ladislau Cavalcante, 215 - Galpão 1 - Iapi, Salvador - BA, 40323-175, Brazil"
São Braz Atacado Ltda,"Av. Afrânio Peixoto, 43 - Plataforma, Salvador - BA, 40717-430, Brazil"
MACAM Comercial Atacadista,"R. do Nepal, 2-138 - Granjas Rurais Pres. Vargas, Salvador - BA, 41230-070, Brazil"
Mercado Modelo,"Pr. Visc. de Cayru, s/n - Comercio, Salvador - BA, 40015-170, Brazil"
Mercado da Sete Portas,"Av. José Joaquim Seabra, s/n - Nazaré, Salvador - BA, 40300-755, Brazil"
Super Bompreço,"Av. Araújo Pinho, 29 - 31 - Canela, Salvador - BA, 40020-010, Brazil"
Mercado São Miguel,"Av. José Joaquim Seabra, 151 - Nazaré, Salvador - BA, 40024-082, Brazil"
Minas Mar Alimentos | Supermarket,"R. Minas Gerais, 629 - Pituba, Salvador - BA, 41830-020, Brazil"
Bompreço Red River,"R. Marquês de Monte Santo, 50 - Rio Vermelho, Salvador - BA, 41940-000, Brazil"
Bompreço,"R. Conde de Porto Alegre, 32 - Iapi, Salvador - BA, 40330-200, Brazil"
Mercado Central,"R. Teixeira Mendes, 68 - Federação, Salvador - BA, 40226-590, Brazil"
Rio Vermelho Market,"Av. Juracy Magalhães Júnior, 1624 - Rio Vermelho, Salvador - BA, 41940-060, Brazil"
Atacadão - Salvador Mares,"R. Comendador Bastos, s/n - Mares, Salvador - BA, 40445-211, Brazil"
Atacadão South Centre,"R. Artur Catrambi, 157 - Calçada, Salvador - BA, 40411-370, Brazil"
Mercado Acupe,"Ladeira do Acupe, 22 - Brotas, Salvador - BA, 40290-160, Brazil"
Empório Coisas de Minas Unidade Ondina - Salvador,"Av. Oceânica, 2400 - loja 19 - Ondina, Salvador - BA, 40170-010, Brazil"
Empório Cidade Jardim,"Condomínio do Edf Principe de Lyon nº 74 Loja 03, Rua Leonor Calmon - Cidade Jardim, Salvador - BA, 40296-210, Brazil"
Empório Coisas de Minas Stiep - Salvador,"R. Dr. José Peroba, 244 - loja 4a - Stiep, Salvador - BA, 41770-235, Brazil"
Emporio Itaigara,"Rua Edith Mendes da Gama e Abreu, 253 - Pituba, Salvador - BA, 40301-155, Brazil"
Grupo Empório,"Av. Cardeal da Silva, 111 - Federação, Salvador - BA, 40231-250, Brazil"
Empório dos Grãos Salvador,"Tricenter, Av. Antônio Carlos Magalhães, 1034 - Itaigara, Salvador - BA, 41825-906, Brazil"
"Emporio Baiano, melhor pirão de Salvador","Acima padaria suprema - R. Adalgisa Silva Lima, 142 B - São Gonçalo do Retiro, Salvador - BA, 41190-150, Brazil"
Companhia Empório de Armazéns Gerais Alfandegados‎,"Avenida Luiz Tarquínio, Largo da Boa Viagem, 470, Salvador - BA, 40414-120, Brazil"
Rua Aristides Atico no 20 barbalho,"Conjunto São Bento, bloco b - R. do Paraíso, N° 34 - loja 1 - Centro, Salvador - BA, 40040-000, Brazil"
Empório Vilarejo,"Av. Octávio Mangabeira, 10765 - Piatã, Salvador - BA, 41650-000, Brazil"
Produtos Naturais Empório Gostos da Bahia,"Av. Juracy Magalhães Júnior, 1624 - Box 131 - Rio Vermelho, Salvador - BA, 41940-060, Brazil"
Quinta Avenida Emporio,"Av. Manoel Dias da Silva, 802 - Amaralina, Salvador - BA, 41900-325, Brazil"
EMPÓRIO MAGMA,"Alameda das Espatódeas, 457 - Caminho das Árvores, Salvador - BA, 41820-460, Brazil"
Empório Greco,"Alameda Dilson Jatahy Fonseca, 1248 - Stella Maris, Salvador - BA, 41600-020, Brazil"
Empório Bahia,"Av. Barros Reis, 738 - São Goncalo, Salvador - BA, 41185-300, Brazil"
Empório Supermix - Imbuí,"Av. Jorge Amado, 674 - LOJA 01 - Imbuí, Salvador - BA, 41740-630, Brazil"
Empório das Malhas,"R. Carlos Gomes, 616, Edifício Bariloche, Loja 7 - Dois de Julho, Salvador - BA, 40060-325, Brazil"
Empório,"Av. Edgard Santos, 160 - Narandiba, Salvador - BA, 41192-005, Brazil"
Mercado Empório,"Alameda bosque imperial, Av. São Rafael, 4, Salvador - BA, 41250-400, Brazil"
Empório Gradin,"Rua Arthur de Azevêdo Machado, 744 - Costa Azul, Salvador - BA, 41760-000, Brazil"
Licor da Vó Nieta,"R. Rio Negro, 216 - Monte Serrat, Salvador - BA, 40425-250, Brazil"
Licor da Lai,"R. Demóstenes Nascimento, 35 - Periperi, Salvador - BA, 40735-560, Brazil"
Mundo do Licor,"Av. Reitor Miguel Calmon - Canela, Salvador - BA, 40230-650, Brazil"
Licor e Sequilho - Dona Senhora Produtos Artesanais,"R. da Fonte, 25 - Itapuã, Salvador - BA, 41630-670, Brazil"
@licoreira,"2° And - Av. Joana Angélica, 65 - Casa 77 - Nazaré, Salvador - BA, 40050-001, Brazil"
Campos Brasil Inc.,"R. Guilherme Marback - Bonfim, Salvador - BA, 40415-160, Brazil"
Casa do Licor Olhos D'ÁGUA,"Av. Engenheiro Raymundo Carlos Nery, n°1111 - Box 07 - Cajazeiras, Salvador - BA, 41340-280, Brazil"
Rc Varietê,"R. dos Profetas, 34E - Dom Avelar, Salvador - BA, 41315-300, Brazil"
Delícias da Dona Glória - Licor e comidas típicas,"Rua Albino Fernandes, 106 E Novo Horizonte - Sussuarana, Salvador - BA, 41218-770, Brazil"
BAHIA BEBIDAS - Especialista em Licores,"R. Ceará, 505 - Pituba, Salvador - BA, 40301-155, Brazil"
Jota S licores,"Av. Jorge Amado, 96 - Boca do Rio, Salvador - BA, 41740-630, Brazil"
EMPÓRIO DO ÁLCOOL LD,"Rua Dr Aristides de Oliveira, N⁰ 668 - Santa Monica, Salvador - BA, 40342-000, Brazil"
Licor Dom Gourmet,"Avenida Mundo Novo - Ladeira do Gabriel, 23A - 1 andar - 2 de Julho, Salvador - BA, 40060-050, Brazil"
BAHIA BEBIDAS - Especialista em Licores,"Alameda Praia de Guarapari, 305 - Stella Maris, Salvador - BA, 41600-110, Brazil"
Depósito Santago,"R. Alegria do Castro Neves, 112 - Matatu, Salvador - BA, 40255-240, Brazil"
Susanne’s Distribuidora de Licor Roque Pinto,"R. Edmundo Cajazeiras, 2 - Águas Claras, Salvador - BA, 41332-000, Brazil"
Casa de Licor Mandacaru,"Av. Antônio Carlos Magalhães, 1298 - Itaigara, Salvador - BA, 41825-000, Brazil"
NJ Bebidas e Variedades,"Av. Afrânio Peixoto, 2815 - Lobato, Salvador - BA, 40470-630, Brazil"
Casa do Licor - Dona Ivânia,"R. Santo Antônio, 211 - Sete de Abril, Salvador - BA, 41385-190, Brazil"
Licor Caseiro,"R. Almeida Brandão, 59 - Plataforma, Salvador - BA, 40710-110, Brazil"
Baru's Pizzaria,"R. Carlos Drumond de Andrade, 166 - Itapuã, Salvador - BA, 41610-031, Brazil"
Ilê Omo Omi Ejá Asé Baru,"R. Aiocá, n° 10 - Rio Vermelho, Salvador - BA, 41940-835, Brazil"
Baruan Studio,"R. Cosme de Farias - Cosme de Farias, Salvador - BA, 40252-000, Brazil"
Bahia Lodge,"R. da Fonte do Boi, 216 - Rio Vermelho, Salvador - BA, 41940-360, Brazil"
Velho Espanha Bar e Cultura,"R. Gen. Labatut, 38 - Barris, Salvador - BA, 40070-100, Brazil"
Ilê Asé Barú Lepé,"Tv. Heráclito, 33 - Fazenda Grande 4, Salvador - BA, 41345-600, Brazil"
Cal Baru,"R. Várzea de Santo Antônio, 149 - Pituba, Salvador - BA, 41820-180, Brazil"
Suco 24 Horas Rio Vermelho,"Rua Oswaldo Cruz, 6 - Rio Vermelho, Salvador - BA, 41940-000, Brazil"
Bocão Sucos,"116 Itapuã, Salvador BA, 41610-160, R. Aristídes Milton, 102 - Itapuã, Salvador - BA, 41610-160, Brazil"
Mundo Dos Sucos,"R. Couceiros de Abreu, N° 32 - Uruguai, Salvador - BA, 40301-110, Brazil"
Açaí & Saúde,"Rua das Hortênsias, 682 - Pituba, Salvador - BA, 41810-010, Brazil"
Mr Detox Bahia,"R. Condeúba - Resgate, Salvador - BA, 41152-130, Brazil"
Régis Sucos,"Aeroporto Internacional de Salvador Área externa, Pr. Gago Coutinho, Salvador - BA, 41510-055, Brazil"
Cosechas Mundo Plaza,"Condomínio Mundo Plaza - Av. Tancredo Neves, 620 - Caminho das Árvores, Salvador - BA, 41820-000, Brazil"
Suco de Limão com Coco do Milton,"R. José de Alençar - Pelourinho, Salvador - BA, 40040-605, Brazil"
POINT DO SUCO,"R. Vitórino Alves Moitinho, 61 - Castelo Branco, Salvador - BA, 41320-600, Brazil"
Vida Sublime,"Alameda Pádua, 112 - 1º Andar - Pituba, Salvador - BA, 41830-480, Brazil"
5 Sucos SSA,"R. Portugal, 5 - Loja D - Comercio, Salvador - BA, 40015-000, Brazil"
Ducacau,"Av. Tancredo Neves, 148 - Loja 17 - Caminho das Árvores, Salvador - BA, 41820-908, Brazil"
Ponto Do Suco,"Av. Edgard Santos, 1667 - Saboeiro, Salvador - BA, 41180-790, Brazil"
Toca do Urso Delivery,"ATENDIMENTO VIA WHATSAPP - R. Alto do Saldanha, 17 - 71) 9637-3388 - Brotas, Salvador - BA, 40280-070, Brazil"
100 % Açai,"Av. Vale das Pedrinhas - Nordeste, Salvador - BA, 41905-525, Brazil"
Mott'as Açaiteria,"R. Saldanha Marinho, 121 - Caixa D'agua, Salvador - BA, 40323-010, Brazil"
Açaí & Saúde,"Av. Tancredo Neves, 3133 - 519 - Caminho das Árvores, Salvador - BA, 41820-021, Brazil"
Quero Polpa,"Av. Gen. San Martin, 116 - Fazenda Grande do Retiro, Salvador - BA, 40301-110, Brazil"
Cosechas comercio,"R. Miguel Calmon, 10 - loja 1 - Comercio, Salvador - BA, 40015-000, Brazil"
Lourdes Lanches,"WHATSAPP, (13, 998018758___R. Bráulio Nascimento, 38 - Amaralina, Salvador - BA, 41900-060, Brazil"
Orgânico Alimentos Saudáveis,"Av. Tancredo Neves, 3133 - Caminho das Árvores, Salvador - BA, 41820-021, Brazil"
Rice grain,"R. Minas Gerais, 133 - Pituba, Salvador - BA, 41830-020, Brazil"
Feirinha de Produtos Orgânicos - Sítio Ecológico San Marcos,"R. Santa Catarina, 195 - Pituba, Salvador - BA, 41830-190, Brazil"
ORGANI - Barra,"Rua Airosa Galvão, 5 - Barra, Salvador - BA, 40140-180, Brazil"
Caminho Natural,"R. do Jaracatiá, 1048 - Lojas F e G - Caminho das Árvores, Salvador - BA, 41820-665, Brazil"
Emporium Orgânico,"Avenida Juracy Magalhães, s/n - Rio Vermelho, Salvador - BA, 41940-060, Brazil"
Dudu Naturais,"Av. Paulo VI, 1840 - Pituba, Salvador - BA, 41810-001, Brazil"
Armazém do Campo Pelourinho,"R. Santa Isabel, 3 - Pelourinho, Salvador - BA, 40026-110, Brazil"
Produtos Naturais Empório Gostos da Bahia,"Av. Juracy Magalhães Júnior, 1624 - Box 131 - Rio Vermelho, Salvador - BA, 41940-060, Brazil"
Bio Mundo - Shopping da Bahia - Produtos Naturais,"Av. Tancredo Neves, 148 - PISO 3 - Caminho das Árvores, Salvador - BA, 41820-020, Brazil"
ORGANI - Salvador Norte Shopping,"Salvador Norte Shopping - BA-526, 305 - Piso L1 loja LUC-1012 - São Cristóvão, Salvador - BA, 41510-000, Brazil"
Porã Orgânicos,"R. Manoel Antônio Galvão, 05A - Pituaçu, Salvador - BA, 41741-550, Brazil"
Simple Organic Salvador,"Avenida Centenário, 2992 Shopping Barra - L3, Setor Norte, Quiosque 303 - Barra, Salvador - BA, 40140-400, Brazil"
Villa Natural Produtos Naturais,"R. Raul Leite, 129 - Vila Laura, Salvador - BA, 40270-180, Brazil"
Emporium Orgânico,"Juracy - R. Dr. Flaviano Guimarães - Rio Vermelho, Salvador - BA, 41940-060, Brazil"
Viva the Grand,"Avenida Sete de Setembro, Corredor da Vitória, 2604, Salvador - BA, 40080-002, Brazil"
Pleno Cozinha Alimentos Saudáveis Naturais,"Alameda das Cajazeiras, 470 - Caminho das Árvores, Salvador - BA, 41820-470, Brazil"
Casa de Produtos Naturais,"R. Resende Costa, 165 - Vila Rui Barbosa, Salvador - BA, 40430-000, Brazil"
Feira Agroecológica da Pituba,"Av. Paulo VI, 2101 - Pituba, Salvador - BA, 41810-000, Brazil"
Tropical Empório Natural,"Av. Dom João VI, 475 - Brotas, Salvador - BA, 40285-000, Brazil"
Cristal News Alimentos e Embalagens,"Estr. de Campinas, Km 4 - Campinas de Pirajá, Salvador - BA, 41275-410, Brazil"
EMERSON POLIMENTOS E ESTETICA DE VEICULOS,"R. Monsenhor Antonio Rosa, 33 - Candeal, Salvador - BA, 40296-295, Brazil"
Banho de Cristal Cosméticos e Serviços,"Av. Engenheiro Raymundo Carlos Nery, n6 - Fazenda Grande I, Salvador - BA, 41339-090, Brazil"
Cristal Mineração & Petróleo Jr.,"R. Prof. Aristídes Novis, 2 - Federação, Salvador - BA, 40210-630, Brazil"
A & F Auto Center Salvador,"Tv. Francisco Pereira Coutinho - Pituaçu, Salvador - BA, 41741-350, Brazil"
Megga Estetica Automotiva - Centro de Reparação,"R. Elmano Silveira Castro, 7 - Iapi, Salvador - BA, 40323-215, Brazil"
Cristal,"Av. Luís Viana, 6462, Ed. Wall Street, Sala 808 - Patamares, Salvador - BA, 41680-400, Brazil"
Cristal Line,"R. Padre Antonio De Sa, 185 - Calçada, Salvador - BA, 40411-160, Brazil"
BiraCar Polimentos e Revitalização e Espel,"R. São Tomé, 153 - Campinas de Pirajá, Salvador - BA, 41270-510, Brazil"
Doce Amor Doces Artesanais,"Fazenda Grande 3 - Cajazeiras, Salvador - BA, 41340-000, Brazil"
Cristal Salão de Beleza-Salão de Beleza,"R. Manoel Galiza, 26 - Piatã, Salvador - BA, 41650-105, Brazil"
Cristal Mudancas,"Rua A Qd 03 Bl 02 Cj Abitacional Sussu - s/n Ap 03, Salvador - BA, 41213-000, Brazil"
Cristal Ciclo,"R. Alm. Alves Câmara, 70 - Engenho Velho de Brotas, Salvador - BA, 40213-000, Brazil"
Cristal Beauty Clinic,"CEO Salvador Shopping - Av. Tancredo Neves, 2359 - Caminho das Árvores, Salvador - BA, 41820-021, Brazil"
Clinica Odontologica Cristal,"R. Santa Fé, 194 - Paripe, Salvador - BA, 40820-040, Brazil"
ALIALE Joias | Pedras e Cristais Naturais,"A Salvador Norte - Av ACM 1034 Pituba Parque Center 1 andar 128, Shopping, térreo, Salvador - BA, 41825-000, Brazil"
Espaco Terapeutico Cristal,"Galeria 83 - Uruguai, Salvador - BA, 40450-210, Brazil"
Cristal Modas,"Av. Sete de Setembro - Dois de Julho, Salvador - BA, 40060-000, Brazil"
Panificadora e Mercearia Cristal,"R. Marquês de Maricá, 83 - Pau Miúdo, Salvador - BA, 40310-000, Brazil"
Point da Cristal,"R. Marquês de Maricá, N 109 - Pau Miúdo, Salvador - BA, 40310-000, Brazil"
GUARANÁ DENDÊ,"R. Guadalajara - Barra, Salvador - BA, 40140-460, Brazil"
