Dona Amaz√¥nia (@donaamazonia),"A empresa est√° localizada no bairro MG - Centro e no endere√ßo Mercado Central - Av. Augusto de Lima, 744 - Centro, Belo Horizonte - MG, 30190-922, Brasil ,CEP ...",Telefone: (31) 3245-3552,,
Mercado Central de Belo Horizonte,Telefone: (31) 3274-9434,,
PARAISO DO GRANEL üå± (@paraisodogranel)
ANANDA,Telefone: (31) 3274-9690,,
Ananda Emp√≥rio (@anandaemporiobh)
Imp√©rio dos Cocos ‚Äì Qualidade e Tradi√ß√£o em produtos e ...,Telefone: (31) 3274-9640,,
Loja online de T√≠pico Cear√° - Lojas,Telefone: (31) 99467-2882,,
Lojas e Quiosques
PAL√ÅCIO DAS CASTANHAS,"Qual o endere√ßo da empresa PALACIO DAS CASTANHAS LTDA ? AVENIDA AUGUSTO DE LIMA, 744 LOJA 28 - CENTRO, BELO HORIZONTE, MG.",Telefone: (31) 3274-9623,,
Casa Das Farinhas e Castanhas - BELO HORIZONTE. Estado: MG. Email: CONTEFORGANIZACOES@GMAIL.COM. Telefone: 31 32264847 Whatsapp ¬∑ 31 02020301 Whatsapp. CNAE Principal: 4721103 - Com√©rcio ...,,
Emp√≥rio Von Rondon (@emporiovonrondon),"Qual o endere√ßo da empresa EMPORIO VON RONDON LTDA ? AVENIDA CRISTIANO MACHADO, 1950 LOJA 63 - CIDADE NOVA, BELO HORIZONTE, MG.",Telefone: (31) 99448-9797,,
Conceito Natural (@conceitonaturalbh)
Armaz√©m Central
Irm√£os Oliveira (@loja.irmaosoliveira)
Ponto das Castanhas | Produtos naturais e suplementos ...
Loja das Pimentas e Castanhas (@lojadaspimentas)
Sr. Caju - Pastas de Castanha de Caju
GR Castanhas do Brasil (@grcastanhasdobrasil),Telefone: (31) 98472-0379,,
Grano in Grano
"CASTANHAS PRIME em Belo Horizonte, MG",BELO HORIZONTE. Estado: MG. Email: GERENTEADM@CASTANHASPRIME.COM. Telefone: 98 992141656 Whatsapp. CNAE Principal: 4729699 - Com√©rcio varejista de produtos ...,,
A Casa ¬Æ - Mercado a Granel üè† (@acasagranel),Telefone: (31) 3567-0893,,
Buffet Cha com Nozes (@buffetchacomnozes) - Telefone: (31) 3254-1000,,
Como chegar at√© Rua Macad√¢mia 147 em Belo Horizonte ...,"O C√≥digo de Endere√ßamento Postal (CEP) 30662-412 pertence ao endere√ßo Rua Macad√¢mia que est√° localizado no bairro Tirol , na cidade de Belo Horizonte - MG, ..."
Banana Chips‚Ñ¢ (@bananachipsoficial)
Ponto do A√ßa√≠¬Æ (@pontodoacai) - Telefone: (31) 3566-3209,,
Frutos de Goi√°s MG
Pochƒì | Brunch & P√£es Artesanais (@poche.bh)
Garap√£o. Beba a√≠!,Telefone: (31) 99836-2020,,
A√ßa√≠ Beach's Jacu√≠ (@acaibeachsjacui),Telefone: (31) 3564-6751,,
Ofertas do Apoio Mineiro
Supermercados BH: Belo Horizonte - MG
Bon√≠ssima Raja - Belo Horizonte,Telefone: (31) 98798-6857,,
Tudo na Brasa BH (@tudonabrasabh) - Telefone: (31) 3471-0222,,
ARREDA PRA C√Å EMP√ìRIO (@arredapracaemporio),Telefone: (31) 99955-8044,,
Clube Porc√£o BH - Vouchers de Rod√≠zios Online ‚Äì Clube ...,Telefone: (31) 3293-8787,,
Supermaisbh: HOME
Lojas - Supermaisbh,Telefone: (31) 3449-1100,,
Lojas Emp√≥rio: sua loja on-line de moda feminina
Mapa
Emporium Seu Granel,Telefone: (31) 99233-3743,,
Emp√≥rio Nacional (@emporionacionalbh),"Qual o endere√ßo da empresa EMPORIO NACIONAL COMERCIO DE PRODUTOS ALIMENTICIOS LTDA ? AVENIDA FRANCISCO SA, 1267 - GUTIERREZ, BELO HORIZONTE, MG. Qual o ...",Telefone: (31) 3024-8833,,
EMPORIO DA TERRA
Seu Emp√≥rio BH (@seuemporiobh),Telefone: (31) 3261-1790,,
Emp√≥rio 1992 | Frutaria e verduraria | Rua Jornalista Djalma ...,Telefone: (31) 3567-1992,,
"Emp√≥rio Nutri - Savassi - Belo Horizonte, MG",Telefone: (31) 2523-0555,,
Emp√≥rio Reis (@emporio.reis) - "Qual o endere√ßo da empresa EMPORIO REIS LTDA ? AVENIDA BRASIL, 1586 LOJA 6 - BOA VIAGEM, BELO HORIZONTE, MG. Qual o telefone da empresa EMPORIO REIS LTDA ?",Telefone: (31) 3786-5394,,
Daro√ßa Emporio Mineiro (@daroca_emporiomineiro)
Mapa
EMP√ìRIO NOBRE SABOR (@emporionobresabor),Telefone: (31) 2551-0711,,
Emporio Sirio Libanes Floresta (@emporiosiriofloresta)
Emp√≥rio do Sabor (@emporiodosaborpadreeustaquio),"Contatos. E-mail: [email protected] (Enviar E-mail). Telefone(s): (31) 2552-8216 (Ligar). Localiza√ß√£o. Logradouro: Rua Progresso, 840. Complemento: Loja 4.",,
De L√° | aquilo que √© de todo lugar,Telefone: (31) 3225-6347,,
Emp√≥rio N.M,Telefone: (31) 99855-0216,,
emporiogourmetbrasileirissimo - "Something went wrong while submitting the form. endere√ßo. R. √örsula Paulino, 1321 - Bet√¢nia, Belo Horizonte - MG, 30580-353. funcionamento. Segunda a S√°bado ..."
Emp√≥rio Ki-Del√≠cia (@emporio_kidelicia),Telefone: (31) 4104-0254,,
Armaz√©m Emp√≥rio Du Carmo: Home,Telefone: (31) 3582-1919,,
Ronaldo Licores & Cacha√ßas,Telefone: (31) 3274-9674,,
Bebidas BH Delivery - ZapVendas (31) 9.7574-1007,Telefone: (31) 97574-1007,,
Licor e Cacha√ßa Cavalgada (@licor_cachaca_cavalgada),Telefone: (31) 99838-5496,,
SanoFit_BH | Belo Horizonte MG
"Sucos naturais, Saladas & tudo+ em BH | S√≥ vem! Avenida ...","A empresa est√° localizada no bairro MG - Comiteco e no endere√ßo Av. dos Bandeirantes, 1678 - Mangabeiras, Belo Horizonte - MG, 30315-032, Brasil ,CEP 30315-032."
America - Sucos naturais e pasteis,"Qual o endere√ßo Am√©rica Sucos Naturais e Past√©is Centro? R. Curitiba, 650 - Centro, Belo Horizonte - MG, 30170-120, Brasil, CEP 30170-120, Brasil."
Sucos & Cia - Restaurantes: Belo Horizonte
Pacai Sucos E Vitaminas (@franquiapacai)
PRA√áA√ç SUCOS E VITAMINAS - Juice Bars & Smoothies,"Voc√™ pode nos localizar no endere√ßo Pra√ßa da Federa√ß√£o, no bairro Cora√ß√£o Eucar√≠stico em Belo Horizonte, MG e conferir as outras unidades abaixo. ... Pra√ßa√≠ Juice ..."
Boca de Suco (@bocadesuco),Telefone: (31) 99554-2200,,
Leco Lanches e Sucos Naturais (@lecolanches),Telefone: (31) 3656-8666,,
Mega Suco
Life Sucos BH (@lifesucosbh),Telefone: (31) 97223-3938,,
Mapa
