Castanha Produtos Naturais (@castanha_produtosnaturais),Qual o endere√ßo da Castanha Produtos Naturais? O endere√ßo √© Ao lado da casa do bolo Tavares em frente a emerg√™ncia pediatria de Piraj√° ‚Äì R. ¬∑ Qual o hor√°rio de ...
Castanha Produtos Naturais (@castanha_produtosnaturais),Qual o endere√ßo da Castanha Produtos Naturais? O endere√ßo √© Ao lado da casa do bolo Tavares em frente a emerg√™ncia pediatria de Piraj√° ‚Äì R. ¬∑ Qual o hor√°rio de ...
Castanhas do Nutri (@castanhasdonutri) - ,Telefone: (71) 98725-9507,,
NutriGranel,"Qual o endere√ßo da empresa NUTRIGRANEL COMERCIO DE PRODUTOS NATURAIS LTDA ? AVENIDA CENTENARIO, 2992 L1 NORTE Q104 - BARRA, SALVADOR, BA."
Mundo a Granel (@mundoagranelsalvador) - 
Naturezaecia,,Telefone: (71) 3452-0738,,
Emp√≥rio Pur√≠ssimo ‚Äì Bem-vindo ao Emp√≥rio Pur√≠ssimo ‚Äì A ...,,Telefone: (71) 3313-5202,,
Gr√£os da Natureza,"Qual o endere√ßo da Gr√£os da Natureza? O endere√ßo √© Rua Pernambuco, Shopping Madison Plaza, n√∫mero 2269 ‚Äì Pituba, Salvador ‚Äì BA, 41830-390, Brasil ¬∑ Qual o ...",Telefone: (71) 98695-5639,,
Atacad√£o dos Gr√£os
Saude Total (@saudetotal1)
Mais Natural Salvador (@maisnaturalsalvador)
Mundo das Castanhas e Mais (@mundodascastanhasoficial)
Emp√≥rio Carvalho,,Telefone: (71) 98756-3124,,
Mapa
Mapa
ALIMENTA√á√ÉO SAUD√ÅVEL (@vivaograo) - GR√ÉO
Gr√£o Real,Qual o endere√ßo da Loja Gr√£o Real? O endere√ßo √© Shopping Caboat√£ ‚Äì R. ¬∑ Qual o hor√°rio de atendimento? Para ver o hor√°rio de atendimento clique aqui ¬∑ Mais ...,Telefone: (71) 99687-5393,,
Mapa
Natu Ervas Produtos Naturais (@natuervassussuarana),,Telefone: (71) 3011-7576,,
South America Fruit
casa das baianas (@casadasbainas_dias)
Fazendosca - Sabor da Natureza,,Fazendosca. Telefone: (71) 3452-3317. Fazendosca. Telefone: (71) 3452-3317. Instagram. Whatsapp. Facebook. Filhas D. Ana Restaurante. Telefone: (71) 99289-1522 ...,,
Nutrimaster - Alphaville,,Telefone: (71) 99115-6726,,
"Instagram photo by Doces Franci ‚Ä¢ Aug 3, 2023 at 2:27 PM","A empresa est√° localizada no bairro BA - Pituba e no endere√ßo R. Machado Neto, 129 - Pituba, Salvador - BA, 41830-510, Brasil ,CEP 41830-510."
Noz Moscata (@nozmoscata) ‚Ä¢ Instagram photos and videos
"NOZES GLACE em Salvador, BA - Consulta Empresa"
CONFEITARIA (@macadamia_confeitaria),,Telefone: (71) 3347-2671,,
"BANANA REAL SORVETERIA E A√áAITERIA, Salvador",,Telefone: (71) 99414-5903,,
Sr. Banana A√ßai (@srbananaacai)
Disk Bananas (@diskbananas),,Telefone: (71) 99159-6904,,
Emp√≥rio Gostos da Bahia (@gostosdabahia),,Telefone: (71) 99298-5493,,
S√≠tio Caju - ANTIGO CT DO ATL√ÇNTICO,"Qual o endere√ßo S√≠tio do Caju - CT Atl√¢ntico EC Val√©ria? Jardim Tropical, Salvador - State of Bahia, 41301-110, Brazil, CEP 41301-110, Brasil.",Telefone: (71) 99116-9435,,
"RESTAURANTE CAJUEIRO, Salvador - City Center","Qual o endere√ßo da empresa RESTAURANTE CAJUEIRO LTDA ? RUA DAS LARANJEIRAS, 20 LOJA 03 - PELOURINHO, SALVADOR, BA. Qual o ...",Telefone: (71) 98793-3941,,
Coletivo de Arte e Juventude Urbana (@caju.ba),,SALVADOR - BA 40484-705. Contatos. Telefone(s): (71) 3419-2747; Correio eletr√¥nico: luciano-guerreiro@ig.com.br. Atividades de neg√≥cios da empresa. 45.20-0-01 ...,,
Caju Restaurante (@cajurestaurante_)
O CARURU (@ocaruru)
"Atacado, supermercados (@salvadoratacadista)",,Telefone: (71) 3039-4900,,
"ATACAD√ÉO SALVADOR MARES, Salvador - BA","Confira o endere√ßo (mapa), hor√°rios, n√∫mero de telefone ‚òé e os √∫ltimos cat√°logos de sua loja Atacad√£o favorita em Salvador ‚ú≥Ô∏è Seu Kimbino!",Telefone: (71) 3316-8018,,
Total Atacado (@totalatacado),,Telefone: (71) 3183-1100,,
Atacad√£o ‚Äìsuas compras de supermercado online com pre√ßo ...,,Telefone: (71) 2106-0600,,
Mapa
Bom Gosto Atacado (@atacadobomgosto),,Telefone: (71) 3316-8555,,
Central do Atacado (@centraldoatacado_oficial) - 
Aline Atacado Salvador (@alineatacadosalvador),,Telefone: (71) 99273-4458,,
Emp√≥rio Cidade Jardim (@emporio_cidade_jardim),"Qual o endere√ßo da empresa EMPORIO CIDADE JARDIM LTDA ? AVENIDA JURACY MAGALHAES JUNIOR, 2575 - CANDEAL, SALVADOR, BA. Qual o ...",Telefone: (71) 3271-3104,,
Emp√≥rio Coisas de Minas Stiep - ,Telefone: (71) 3027-9192,,
Emp√≥rio Do Itaigara - Itaigara - 4 dicas de 286 clientes,,Telefone: (71) 4101-7492,,
GRUPO EMP√ìRIO (@grupoemporio_oficial) - ,"Organize sua turma e venham desfrutar dessa experi√™ncia inesquec√≠vel! Telefone: 71 98389-1710 Onde estamos: ‚Ä¢‚Å† ‚Å†Grupo Emp√≥rio: Av. Cardeal da Silva, 111, ...",,
Emp√≥rio dos Gr√£os ‚Ä¢ Mercado Saud√°vel,"Qual o endere√ßo da empresa EMPORIO DOS GRAOS COMERCIO DE ALIMENTOS LTDA ? AVENIDA ANTONIO CARLOS MAGALHAES, 001034 EDIF PITUBA PARQUE CENTERLOJA 035 A - ...",Telefone: (71) 3359-7331,,
Emp√≥rio Quinta Avenida (@emporioquintaavenida) - Instagram,"Qual o endere√ßo da empresa EMPORIO QUINTA AVENIDA LTDA ? AVENIDA MANOEL DIAS DA SILVA, 000802 LOJA 01 E 02 - PITUBA, SALVADOR, BA.","Contatos. E-mail: [email protected] (Enviar E-mail). Telefone(s): (71) 3205-2100 (Ligar). Localiza√ß√£o. Logradouro: Avenida Manoel Dias da Silva, 000802.",,
Emp√≥rio Magma - Objetos de decora√ß√£o - Salvador,,Telefone: (71) 3341-4665,,
EMP√ìRIO SALVADOR ‚òéÔ∏è 3163-0110 (@emporiosalvador)
Supermix Supermercados e Emp√≥rio (@supermixbr) - ,Telefone: (71) 98506-3102,,
Emp√≥rio das Malhas (@emporiodasmalhas1),,Telefone: (71) 3329-7587,,
EMP√ìRIO SALVADOR ‚òéÔ∏è 3163-0110 (@emporiosalvador)
Emp√≥rio Gradin (@emporiogradin) - 
"Licor da v√≥ Nieta (@licordavonieta1942) ¬∑ Salvador, BA",,Telefone: (71) 99177-8819,,
Sabor n√£o tem √©poca! (@licordalai),,Telefone: (71) 99159-8468,,
Licor do Tio Mundo (@licordotiomundo)
Dona Senhora - Card√°pio e Delivery em Salvador,"A empresa est√° localizada no bairro BA - Itapu√£ e no endere√ßo R. da Fonte, Lote 25 - Itapu√£, Salvador - BA, 41630-670, Brazil ,CEP 41630-670."
@licoreira (@licoreira) ‚Ä¢ Instagram photos and videos
Licor Campos Brasil | Salvador BA
Casa do Licor (@_casadolicor)
RC variet√™ | Salvador BA
delicias da dona gloria (@deliciasdadonagloria),,Telefone: (71) 98484-3223,,
Bahia Bebidas (@bahiabebidas),"Qual o endere√ßo da BAHIA BEBIDAS ‚Äì Especialista em Licores? O endere√ßo √© R. Cear√°, 505 ‚Äì Pituba, Salvador ‚Äì BA, 40301-155, Brasil ¬∑ Qual o hor√°rio de atendimento ..."
Jota S. Licores Artesanais (@jotas.licores),,Telefone: (71) 99291-7798,,
EMP√ìRIO DO √ÅLCOOL LD üëë (@emporiodoalcoolld)
Dom Gourmet (@licordomgourmet) - ,Telefone: (71) 98178-0618,,
"DEPOSITO SANTIAGO em Salvador, BA - Consulta Empresa","No mercado, a empresa est√° localizada no endere√ßo Ladeira De Nana (V Gama), N¬∫ 188 - Casa no bairro Engenho Velho De Brotas em Salvador - BA, CEP 40240-400. A ..."
Licor Roque Pinto Oficial (@licorroquepintooficial)
Licor Mandacaru
Nj Bebidas e Variedades em Salvador/BA
Iv√¢nia Correia
LICOR DA MANU | SALVADOR- BA (@licordamanu)
Baru's Pizzas e Massas (@baruspizza),,Telefone: (71) 98151-3630,,
