Mapa,
Velho Mercado Novo (@velhomercadonovo),
Lei de Acesso à Informação | Mercados - Rio Branco,Telefone:,
Mercado Municipal Aziz Abucater - Rio Branco - AC,"Mercado Municipal Álvaro Rocha (Mercado do Bosque). Endereço: Rua Coronel Alexandrino, nº 635 – Bosque. Fone: 3223-3124.",
Mercado Municipal Da 6 De Agosto,
Mercado da Cidade do Povo será inaugurado nesta quinta 
Mercado no centro de Rio Branco passa a se chamar 
Mercado Municipal de São Paulo - Mercadão SP,"MERCADO MUNICIPAL CANTAREIRA (KINJO YAMATO). Fone: 3228-9332. Endereço: Rua da Cantareira, 377 – Centro - 01024-000. Horário de Funcionamento: Segunda a Sábado ...",
Saiba o que encontrar no Mercado Municipal São Francisco,
"Resultado da busca por: ""mercado do jacintinho""",
Mercado da Produção de Maceió - Instagram,Telefone:,
Mercado Público De Jaraguá,
Mapa,Endereço,
Mercado Central de Macapá - Wikipédia,
Mercado Municipal Adolpho Lisboa,
Morro da Liberdade inaugura novo mercado Carneiro da 
Mercado Municipal Walter Rayol,
"Tradicional Mercado da Cachoeirinha, totalmente ...",
Mercado Municipal Dr. Jorge de Moraes,
"Mercado da Glória, erguido em 1858 e demolido em 1903 ...",
"Mercado Modelo Salvador (Bahia) - Lojas, Restaurantes ...",Telefone:,
Mercado Municipal de São Paulo - O que saber antes de ir 
Mercado Municipal de Cajazeiras é reaberto para o público,
Mercado Central | Fortaleza: Home,Telefone:,
Mapa,Endereço,Telefone,
Vitória – Mercado da Capixaba,
Mercado Central Goiânia - Instagram,Telefone:,
Mapa,
Supermercado São Francisco São Jose do Rio Preto,"⭐️ Economia e Qualidade de Verdade! Promoções Semanais Imperdíveis! Pedidos e Localização ⤵️ · Photo by Mercado São Francisco on November 14, 2024.",
Mercado Municipal de Campo Grande,Telefone:,
